2026-04-28 16:01:25,663 - INFO - Iniciando aplicación Gestor Maestro v3.9
2026-04-28 16:01:25,777 - INFO - 🌐 Servidor automático iniciado en http://localhost:8000
2026-04-28 16:01:29,123 - DEBUG - Starting new HTTPS connection (1): mt0.google.com:443
2026-04-28 16:01:29,123 - DEBUG - Starting new HTTPS connection (1): mt0.google.com:443
2026-04-28 16:01:29,125 - DEBUG - Starting new HTTPS connection (1): mt0.google.com:443
2026-04-28 16:01:29,125 - DEBUG - Starting new HTTPS connection (1): mt0.google.com:443
2026-04-28 16:01:29,193 - DEBUG - Starting new HTTPS connection (1): mt0.google.com:443
2026-04-28 16:01:29,193 - DEBUG - Starting new HTTPS connection (1): mt0.google.com:443
2026-04-28 16:01:29,209 - DEBUG - Starting new HTTPS connection (1): mt0.google.com:443
2026-04-28 16:01:29,510 - DEBUG - Starting new HTTPS connection (1): mt0.google.com:443
2026-04-28 16:01:29,511 - DEBUG - Starting new HTTPS connection (1): mt0.google.com:443
2026-04-28 16:01:29,511 - DEBUG - Starting new HTTPS connection (1): mt0.google.com:443
2026-04-28 16:01:29,511 - DEBUG - Starting new HTTPS connection (1): mt0.google.com:443
2026-04-28 16:01:29,513 - DEBUG - Starting new HTTPS connection (1): mt0.google.com:443
2026-04-28 16:01:29,513 - DEBUG - Starting new HTTPS connection (1): mt0.google.com:443
2026-04-28 16:01:29,523 - DEBUG - Starting new HTTPS connection (1): mt0.google.com:443
2026-04-28 16:01:29,525 - DEBUG - Starting new HTTPS connection (1): mt0.google.com:443
2026-04-28 16:01:29,525 - DEBUG - Starting new HTTPS connection (1): mt0.google.com:443
2026-04-28 16:01:29,531 - DEBUG - Starting new HTTPS connection (1): mt0.google.com:443
2026-04-28 16:01:29,531 - DEBUG - Starting new HTTPS connection (1): mt0.google.com:443
2026-04-28 16:01:29,531 - DEBUG - Starting new HTTPS connection (1): mt0.google.com:443
2026-04-28 16:01:29,533 - DEBUG - Starting new HTTPS connection (1): mt0.google.com:443
2026-04-28 16:01:29,533 - DEBUG - Starting new HTTPS connection (1): mt0.google.com:443
2026-04-28 16:01:29,533 - DEBUG - Starting new HTTPS connection (1): mt0.google.com:443
2026-04-28 16:01:30,194 - DEBUG - https://mt0.google.com:443 "GET /vt/lyrs=m&hl=es&x=70406&y=42988&z=17 HTTP/1.1" 200 7948
2026-04-28 16:01:30,194 - DEBUG - https://mt0.google.com:443 "GET /vt/lyrs=m&hl=es&x=70406&y=42987&z=17 HTTP/1.1" 200 11690
2026-04-28 16:01:30,194 - DEBUG - https://mt0.google.com:443 "GET /vt/lyrs=m&hl=es&x=70407&y=42987&z=17 HTTP/1.1" 200 12582
2026-04-28 16:01:30,210 - DEBUG - STREAM b'IHDR' 16 13
2026-04-28 16:01:30,210 - DEBUG - STREAM b'IHDR' 16 13
2026-04-28 16:01:30,210 - DEBUG - STREAM b'IHDR' 16 13
2026-04-28 16:01:30,210 - DEBUG - STREAM b'pHYs' 41 9
2026-04-28 16:01:30,210 - DEBUG - STREAM b'pHYs' 41 9
2026-04-28 16:01:30,212 - DEBUG - STREAM b'pHYs' 41 9
2026-04-28 16:01:30,212 - DEBUG - STREAM b'PLTE' 62 123
2026-04-28 16:01:30,212 - DEBUG - STREAM b'PLTE' 62 261
2026-04-28 16:01:30,212 - DEBUG - STREAM b'PLTE' 62 276
2026-04-28 16:01:30,212 - DEBUG - STREAM b'IDAT' 197 7735
2026-04-28 16:01:30,212 - DEBUG - STREAM b'IDAT' 335 11339
2026-04-28 16:01:30,212 - DEBUG - STREAM b'IDAT' 350 12216
2026-04-28 16:01:30,296 - DEBUG - https://mt0.google.com:443 "GET /vt/lyrs=m&hl=es&x=70407&y=42988&z=17 HTTP/1.1" 200 9293
2026-04-28 16:01:30,297 - DEBUG - STREAM b'IHDR' 16 13
2026-04-28 16:01:30,297 - DEBUG - STREAM b'pHYs' 41 9
2026-04-28 16:01:30,297 - DEBUG - STREAM b'PLTE' 62 147
2026-04-28 16:01:30,297 - DEBUG - STREAM b'IDAT' 221 9056
2026-04-28 16:01:30,453 - DEBUG - https://mt0.google.com:443 "GET /vt/lyrs=m&hl=es&x=70406&y=42989&z=17 HTTP/1.1" 200 6493
2026-04-28 16:01:30,473 - DEBUG - STREAM b'IHDR' 16 13
2026-04-28 16:01:30,474 - DEBUG - STREAM b'pHYs' 41 9
2026-04-28 16:01:30,474 - DEBUG - STREAM b'PLTE' 62 156
2026-04-28 16:01:30,474 - DEBUG - STREAM b'IDAT' 230 6247
2026-04-28 16:01:30,477 - DEBUG - Starting new HTTPS connection (1): mt0.google.com:443
2026-04-28 16:01:30,483 - DEBUG - https://mt0.google.com:443 "GET /vt/lyrs=m&hl=es&x=4595&y=8564&z=14 HTTP/1.1" 200 13474
2026-04-28 16:01:30,490 - DEBUG - https://mt0.google.com:443 "GET /vt/lyrs=m&hl=es&x=4595&y=8563&z=14 HTTP/1.1" 200 21124
2026-04-28 16:01:30,495 - DEBUG - STREAM b'IHDR' 16 13
2026-04-28 16:01:30,495 - DEBUG - STREAM b'pHYs' 41 9
2026-04-28 16:01:30,495 - DEBUG - STREAM b'PLTE' 62 231
2026-04-28 16:01:30,495 - DEBUG - STREAM b'IDAT' 305 13153
2026-04-28 16:01:30,503 - DEBUG - https://mt0.google.com:443 "GET /vt/lyrs=m&hl=es&x=4596&y=8564&z=14 HTTP/1.1" 200 15572
2026-04-28 16:01:30,503 - DEBUG - https://mt0.google.com:443 "GET /vt/lyrs=m&hl=es&x=4596&y=8562&z=14 HTTP/1.1" 200 24252
2026-04-28 16:01:30,513 - DEBUG - https://mt0.google.com:443 "GET /vt/lyrs=m&hl=es&x=4596&y=8563&z=14 HTTP/1.1" 200 15444
2026-04-28 16:01:30,513 - DEBUG - https://mt0.google.com:443 "GET /vt/lyrs=m&hl=es&x=36773&y=68504&z=17 HTTP/1.1" 200 1611
2026-04-28 16:01:30,516 - DEBUG - STREAM b'IHDR' 16 13
2026-04-28 16:01:30,516 - DEBUG - STREAM b'pHYs' 41 9
2026-04-28 16:01:30,516 - DEBUG - STREAM b'PLTE' 62 39
2026-04-28 16:01:30,516 - DEBUG - STREAM b'IDAT' 113 1482
2026-04-28 16:01:30,521 - DEBUG - STREAM b'IHDR' 16 13
2026-04-28 16:01:30,521 - DEBUG - STREAM b'pHYs' 41 9
2026-04-28 16:01:30,521 - DEBUG - STREAM b'PLTE' 62 183
2026-04-28 16:01:30,521 - DEBUG - STREAM b'IDAT' 257 15299
2026-04-28 16:01:30,534 - DEBUG - https://mt0.google.com:443 "GET /vt/lyrs=m&hl=es&x=36773&y=68506&z=17 HTTP/1.1" 200 3342
2026-04-28 16:01:30,534 - DEBUG - https://mt0.google.com:443 "GET /vt/lyrs=m&hl=es&x=4597&y=8562&z=14 HTTP/1.1" 200 8132
2026-04-28 16:01:30,537 - DEBUG - STREAM b'IHDR' 16 13
2026-04-28 16:01:30,538 - DEBUG - STREAM b'pHYs' 41 9
2026-04-28 16:01:30,538 - DEBUG - STREAM b'IHDR' 16 13
2026-04-28 16:01:30,538 - DEBUG - STREAM b'PLTE' 62 303
2026-04-28 16:01:30,538 - DEBUG - STREAM b'pHYs' 41 9
2026-04-28 16:01:30,538 - DEBUG - STREAM b'IDAT' 377 15051
2026-04-28 16:01:30,538 - DEBUG - STREAM b'IHDR' 16 13
2026-04-28 16:01:30,538 - DEBUG - STREAM b'PLTE' 62 42
2026-04-28 16:01:30,538 - DEBUG - STREAM b'pHYs' 41 9
2026-04-28 16:01:30,542 - DEBUG - STREAM b'IDAT' 116 3210
2026-04-28 16:01:30,542 - DEBUG - STREAM b'PLTE' 62 327
2026-04-28 16:01:30,542 - DEBUG - STREAM b'IDAT' 401 20707
2026-04-28 16:01:30,543 - DEBUG - https://mt0.google.com:443 "GET /vt/lyrs=m&hl=es&x=4595&y=8562&z=14 HTTP/1.1" 200 27542
2026-04-28 16:01:30,545 - DEBUG - STREAM b'IHDR' 16 13
2026-04-28 16:01:30,545 - DEBUG - STREAM b'pHYs' 41 9
2026-04-28 16:01:30,545 - DEBUG - STREAM b'PLTE' 62 87
2026-04-28 16:01:30,545 - DEBUG - STREAM b'IDAT' 161 7955
2026-04-28 16:01:30,550 - DEBUG - https://mt0.google.com:443 "GET /vt/lyrs=m&hl=es&x=70405&y=42988&z=17 HTTP/1.1" 200 6064
2026-04-28 16:01:30,554 - DEBUG - https://mt0.google.com:443 "GET /vt/lyrs=m&hl=es&x=36772&y=68506&z=17 HTTP/1.1" 200 1268
2026-04-28 16:01:30,556 - DEBUG - STREAM b'IHDR' 16 13
2026-04-28 16:01:30,556 - DEBUG - STREAM b'pHYs' 41 9
2026-04-28 16:01:30,556 - DEBUG - STREAM b'PLTE' 62 18
2026-04-28 16:01:30,556 - DEBUG - STREAM b'IDAT' 92 1160
2026-04-28 16:01:30,560 - DEBUG - STREAM b'IHDR' 16 13
2026-04-28 16:01:30,560 - DEBUG - STREAM b'IHDR' 16 13
2026-04-28 16:01:30,562 - DEBUG - STREAM b'pHYs' 41 9
2026-04-28 16:01:30,562 - DEBUG - STREAM b'pHYs' 41 9
2026-04-28 16:01:30,562 - DEBUG - STREAM b'PLTE' 62 204
2026-04-28 16:01:30,562 - DEBUG - STREAM b'PLTE' 62 390
2026-04-28 16:01:30,562 - DEBUG - STREAM b'IDAT' 278 5770
2026-04-28 16:01:30,562 - DEBUG - STREAM b'IDAT' 464 23772
2026-04-28 16:01:30,574 - DEBUG - https://mt0.google.com:443 "GET /vt/lyrs=m&hl=es&x=36772&y=68504&z=17 HTTP/1.1" 200 3031
2026-04-28 16:01:30,579 - DEBUG - https://mt0.google.com:443 "GET /vt/lyrs=m&hl=es&x=70405&y=42987&z=17 HTTP/1.1" 200 6095
2026-04-28 16:01:30,579 - DEBUG - STREAM b'IHDR' 16 13
2026-04-28 16:01:30,579 - DEBUG - STREAM b'pHYs' 41 9
2026-04-28 16:01:30,579 - DEBUG - STREAM b'PLTE' 62 39
2026-04-28 16:01:30,579 - DEBUG - STREAM b'IDAT' 113 2902
2026-04-28 16:01:30,595 - DEBUG - STREAM b'IHDR' 16 13
2026-04-28 16:01:30,595 - DEBUG - STREAM b'pHYs' 41 9
2026-04-28 16:01:30,598 - DEBUG - https://mt0.google.com:443 "GET /vt/lyrs=m&hl=es&x=4597&y=8564&z=14 HTTP/1.1" 200 3965
2026-04-28 16:01:30,598 - DEBUG - https://mt0.google.com:443 "GET /vt/lyrs=m&hl=es&x=4597&y=8563&z=14 HTTP/1.1" 200 4063
2026-04-28 16:01:30,598 - DEBUG - STREAM b'PLTE' 62 150
2026-04-28 16:01:30,601 - DEBUG - STREAM b'IHDR' 16 13
2026-04-28 16:01:30,604 - DEBUG - STREAM b'IDAT' 224 5855
2026-04-28 16:01:30,606 - DEBUG - STREAM b'IHDR' 16 13
2026-04-28 16:01:30,607 - DEBUG - STREAM b'IHDR' 16 13
2026-04-28 16:01:30,607 - DEBUG - STREAM b'pHYs' 41 9
2026-04-28 16:01:30,607 - DEBUG - STREAM b'pHYs' 41 9
2026-04-28 16:01:30,607 - DEBUG - STREAM b'pHYs' 41 9
2026-04-28 16:01:30,607 - DEBUG - STREAM b'PLTE' 62 369
2026-04-28 16:01:30,607 - DEBUG - STREAM b'PLTE' 62 21
2026-04-28 16:01:30,607 - DEBUG - STREAM b'PLTE' 62 75
2026-04-28 16:01:30,607 - DEBUG - STREAM b'IDAT' 443 27083
2026-04-28 16:01:30,607 - DEBUG - STREAM b'IDAT' 95 3854
2026-04-28 16:01:30,607 - DEBUG - STREAM b'IDAT' 149 3898
2026-04-28 16:01:30,614 - DEBUG - https://mt0.google.com:443 "GET /vt/lyrs=m&hl=es&x=36772&y=68505&z=17 HTTP/1.1" 200 289
2026-04-28 16:01:30,616 - DEBUG - STREAM b'IHDR' 16 13
2026-04-28 16:01:30,616 - DEBUG - STREAM b'pHYs' 41 9
2026-04-28 16:01:30,616 - DEBUG - STREAM b'PLTE' 62 18
2026-04-28 16:01:30,616 - DEBUG - STREAM b'IDAT' 92 181
2026-04-28 16:01:30,638 - DEBUG - https://mt0.google.com:443 "GET /vt/lyrs=m&hl=es&x=36773&y=68505&z=17 HTTP/1.1" 200 3486
2026-04-28 16:01:30,643 - DEBUG - STREAM b'IHDR' 16 13
2026-04-28 16:01:30,645 - DEBUG - STREAM b'pHYs' 41 9
2026-04-28 16:01:30,645 - DEBUG - STREAM b'PLTE' 62 54
2026-04-28 16:01:30,645 - DEBUG - STREAM b'IDAT' 128 3342
2026-04-28 16:01:30,903 - DEBUG - https://mt0.google.com:443 "GET /vt/lyrs=m&hl=es&x=70406&y=8562&z=17 HTTP/1.1" 200 178
2026-04-28 16:01:30,907 - DEBUG - STREAM b'IHDR' 16 13
2026-04-28 16:01:30,907 - DEBUG - STREAM b'pHYs' 41 9
2026-04-28 16:01:30,907 - DEBUG - STREAM b'PLTE' 62 3
2026-04-28 16:01:30,907 - DEBUG - STREAM b'IDAT' 77 85
2026-04-28 16:01:30,910 - DEBUG - Starting new HTTPS connection (1): mt0.google.com:443
2026-04-28 16:01:31,464 - DEBUG - https://mt0.google.com:443 "GET /vt/lyrs=m&hl=es&x=70407&y=8564&z=17 HTTP/1.1" 200 178
2026-04-28 16:01:31,467 - DEBUG - STREAM b'IHDR' 16 13
2026-04-28 16:01:31,468 - DEBUG - STREAM b'pHYs' 41 9
2026-04-28 16:01:31,468 - DEBUG - STREAM b'PLTE' 62 3
2026-04-28 16:01:31,468 - DEBUG - STREAM b'IDAT' 77 85
2026-04-28 16:01:31,472 - DEBUG - Starting new HTTPS connection (1): mt0.google.com:443
2026-04-28 16:01:32,056 - DEBUG - https://mt0.google.com:443 "GET /vt/lyrs=m&hl=es&x=70407&y=8562&z=17 HTTP/1.1" 200 178
2026-04-28 16:01:32,059 - DEBUG - STREAM b'IHDR' 16 13
2026-04-28 16:01:32,059 - DEBUG - STREAM b'pHYs' 41 9
2026-04-28 16:01:32,060 - DEBUG - STREAM b'PLTE' 62 3
2026-04-28 16:01:32,060 - DEBUG - STREAM b'IDAT' 77 85
2026-04-28 16:01:32,062 - DEBUG - Starting new HTTPS connection (1): mt0.google.com:443
2026-04-28 16:01:32,675 - DEBUG - https://mt0.google.com:443 "GET /vt/lyrs=m&hl=es&x=70408&y=8564&z=17 HTTP/1.1" 200 178
2026-04-28 16:01:32,677 - DEBUG - STREAM b'IHDR' 16 13
2026-04-28 16:01:32,677 - DEBUG - STREAM b'pHYs' 41 9
2026-04-28 16:01:32,677 - DEBUG - STREAM b'PLTE' 62 3
2026-04-28 16:01:32,678 - DEBUG - STREAM b'IDAT' 77 85
2026-04-28 16:01:32,681 - DEBUG - Starting new HTTPS connection (1): mt0.google.com:443
2026-04-28 16:01:33,249 - DEBUG - https://mt0.google.com:443 "GET /vt/lyrs=m&hl=es&x=70408&y=8562&z=17 HTTP/1.1" 200 178
2026-04-28 16:01:33,253 - DEBUG - STREAM b'IHDR' 16 13
2026-04-28 16:01:33,253 - DEBUG - STREAM b'pHYs' 41 9
2026-04-28 16:01:33,253 - DEBUG - STREAM b'PLTE' 62 3
2026-04-28 16:01:33,253 - DEBUG - STREAM b'IDAT' 77 85
2026-04-28 16:01:33,256 - DEBUG - Starting new HTTPS connection (1): mt0.google.com:443
2026-04-28 16:01:33,843 - DEBUG - https://mt0.google.com:443 "GET /vt/lyrs=m&hl=es&x=4598&y=8562&z=17 HTTP/1.1" 200 178
2026-04-28 16:01:33,845 - DEBUG - STREAM b'IHDR' 16 13
2026-04-28 16:01:33,845 - DEBUG - STREAM b'pHYs' 41 9
2026-04-28 16:01:33,846 - DEBUG - STREAM b'PLTE' 62 3
2026-04-28 16:01:33,846 - DEBUG - STREAM b'IDAT' 77 85
2026-04-28 16:01:33,848 - DEBUG - Starting new HTTPS connection (1): mt0.google.com:443
2026-04-28 16:01:34,496 - DEBUG - https://mt0.google.com:443 "GET /vt/lyrs=m&hl=es&x=4596&y=8562&z=17 HTTP/1.1" 200 178
2026-04-28 16:01:34,499 - DEBUG - STREAM b'IHDR' 16 13
2026-04-28 16:01:34,499 - DEBUG - STREAM b'pHYs' 41 9
2026-04-28 16:01:34,499 - DEBUG - STREAM b'PLTE' 62 3
2026-04-28 16:01:34,499 - DEBUG - STREAM b'IDAT' 77 85
2026-04-28 16:01:34,502 - DEBUG - Starting new HTTPS connection (1): mt0.google.com:443
2026-04-28 16:01:35,747 - DEBUG - https://mt0.google.com:443 "GET /vt/lyrs=m&hl=es&x=4598&y=8563&z=17 HTTP/1.1" 200 178
2026-04-28 16:01:35,751 - DEBUG - STREAM b'IHDR' 16 13
2026-04-28 16:01:35,751 - DEBUG - STREAM b'pHYs' 41 9
2026-04-28 16:01:35,751 - DEBUG - STREAM b'PLTE' 62 3
2026-04-28 16:01:35,751 - DEBUG - STREAM b'IDAT' 77 85
2026-04-28 16:01:35,754 - DEBUG - Starting new HTTPS connection (1): mt0.google.com:443
2026-04-28 16:01:36,715 - DEBUG - https://mt0.google.com:443 "GET /vt/lyrs=m&hl=es&x=4596&y=8563&z=17 HTTP/1.1" 200 178
2026-04-28 16:01:36,719 - DEBUG - STREAM b'IHDR' 16 13
2026-04-28 16:01:36,719 - DEBUG - STREAM b'pHYs' 41 9
2026-04-28 16:01:36,719 - DEBUG - STREAM b'PLTE' 62 3
2026-04-28 16:01:36,719 - DEBUG - STREAM b'IDAT' 77 85
2026-04-28 16:01:36,721 - DEBUG - Starting new HTTPS connection (1): mt0.google.com:443
2026-04-28 16:01:37,629 - DEBUG - https://mt0.google.com:443 "GET /vt/lyrs=m&hl=es&x=4598&y=8564&z=17 HTTP/1.1" 200 178
2026-04-28 16:01:37,633 - DEBUG - STREAM b'IHDR' 16 13
2026-04-28 16:01:37,633 - DEBUG - STREAM b'pHYs' 41 9
2026-04-28 16:01:37,633 - DEBUG - STREAM b'PLTE' 62 3
2026-04-28 16:01:37,633 - DEBUG - STREAM b'IDAT' 77 85
2026-04-28 16:01:37,636 - DEBUG - Starting new HTTPS connection (1): mt0.google.com:443
2026-04-28 16:01:38,456 - DEBUG - https://mt0.google.com:443 "GET /vt/lyrs=m&hl=es&x=4596&y=8564&z=17 HTTP/1.1" 200 178
2026-04-28 16:01:38,461 - DEBUG - STREAM b'IHDR' 16 13
2026-04-28 16:01:38,463 - DEBUG - STREAM b'pHYs' 41 9
2026-04-28 16:01:38,463 - DEBUG - STREAM b'PLTE' 62 3
2026-04-28 16:01:38,463 - DEBUG - STREAM b'IDAT' 77 85
2026-04-28 16:01:38,469 - DEBUG - Starting new HTTPS connection (1): mt0.google.com:443
2026-04-28 16:01:39,530 - DEBUG - https://mt0.google.com:443 "GET /vt/lyrs=m&hl=es&x=4598&y=8564&z=14 HTTP/1.1" 200 3824
2026-04-28 16:01:39,533 - DEBUG - STREAM b'IHDR' 16 13
2026-04-28 16:01:39,533 - DEBUG - STREAM b'pHYs' 41 9
2026-04-28 16:01:39,534 - DEBUG - STREAM b'PLTE' 62 42
2026-04-28 16:01:39,534 - DEBUG - STREAM b'IDAT' 116 3692
2026-04-28 16:01:39,537 - DEBUG - Starting new HTTPS connection (1): mt0.google.com:443
2026-04-28 16:01:40,495 - DEBUG - https://mt0.google.com:443 "GET /vt/lyrs=m&hl=es&x=4598&y=8562&z=14 HTTP/1.1" 200 5990
2026-04-28 16:01:40,499 - DEBUG - STREAM b'IHDR' 16 13
2026-04-28 16:01:40,499 - DEBUG - STREAM b'pHYs' 41 9
2026-04-28 16:01:40,499 - DEBUG - STREAM b'PLTE' 62 123
2026-04-28 16:01:40,499 - DEBUG - STREAM b'IDAT' 197 5777
2026-04-28 16:01:40,503 - DEBUG - Starting new HTTPS connection (1): mt0.google.com:443
2026-04-28 16:01:41,264 - DEBUG - https://mt0.google.com:443 "GET /vt/lyrs=m&hl=es&x=4598&y=8563&z=14 HTTP/1.1" 200 6523
2026-04-28 16:01:41,269 - DEBUG - STREAM b'IHDR' 16 13
2026-04-28 16:01:41,270 - DEBUG - STREAM b'pHYs' 41 9
2026-04-28 16:01:41,270 - DEBUG - STREAM b'PLTE' 62 150
2026-04-28 16:01:41,270 - DEBUG - STREAM b'IDAT' 224 6283
2026-04-28 16:01:41,273 - DEBUG - Starting new HTTPS connection (1): mt0.google.com:443
2026-04-28 16:01:41,985 - DEBUG - https://mt0.google.com:443 "GET /vt/lyrs=m&hl=es&x=4595&y=8565&z=14 HTTP/1.1" 200 6557
2026-04-28 16:01:41,988 - DEBUG - STREAM b'IHDR' 16 13
2026-04-28 16:01:41,988 - DEBUG - STREAM b'pHYs' 41 9
2026-04-28 16:01:41,988 - DEBUG - STREAM b'PLTE' 62 138
2026-04-28 16:01:41,988 - DEBUG - STREAM b'IDAT' 212 6329
2026-04-28 16:01:41,990 - DEBUG - Starting new HTTPS connection (1): mt0.google.com:443
2026-04-28 16:01:42,488 - DEBUG - https://mt0.google.com:443 "GET /vt/lyrs=m&hl=es&x=4595&y=8561&z=14 HTTP/1.1" 200 27571
2026-04-28 16:01:42,552 - DEBUG - STREAM b'IHDR' 16 13
2026-04-28 16:01:42,552 - DEBUG - STREAM b'pHYs' 41 9
2026-04-28 16:01:42,552 - DEBUG - STREAM b'PLTE' 62 312
2026-04-28 16:01:42,552 - DEBUG - STREAM b'IDAT' 386 27169
2026-04-28 16:01:42,554 - DEBUG - Starting new HTTPS connection (1): mt0.google.com:443
2026-04-28 16:01:42,972 - DEBUG - https://mt0.google.com:443 "GET /vt/lyrs=m&hl=es&x=4596&y=8565&z=14 HTTP/1.1" 200 17966
2026-04-28 16:01:42,990 - DEBUG - STREAM b'IHDR' 16 13
2026-04-28 16:01:42,990 - DEBUG - STREAM b'pHYs' 41 9
2026-04-28 16:01:42,990 - DEBUG - STREAM b'PLTE' 62 264
2026-04-28 16:01:42,990 - DEBUG - STREAM b'IDAT' 338 17612
2026-04-28 16:01:42,991 - DEBUG - Starting new HTTPS connection (1): mt0.google.com:443
2026-04-28 16:01:43,439 - DEBUG - https://mt0.google.com:443 "GET /vt/lyrs=m&hl=es&x=4596&y=8561&z=14 HTTP/1.1" 200 26380
2026-04-28 16:01:43,495 - DEBUG - STREAM b'IHDR' 16 13
2026-04-28 16:01:43,495 - DEBUG - STREAM b'pHYs' 41 9
2026-04-28 16:01:43,495 - DEBUG - STREAM b'PLTE' 62 291
2026-04-28 16:01:43,495 - DEBUG - STREAM b'IDAT' 365 25999
2026-04-28 16:01:43,498 - DEBUG - Starting new HTTPS connection (1): mt0.google.com:443
2026-04-28 16:01:43,965 - DEBUG - https://mt0.google.com:443 "GET /vt/lyrs=m&hl=es&x=4597&y=8565&z=14 HTTP/1.1" 200 10689
2026-04-28 16:01:43,976 - DEBUG - STREAM b'IHDR' 16 13
2026-04-28 16:01:43,976 - DEBUG - STREAM b'pHYs' 41 9
2026-04-28 16:01:43,976 - DEBUG - STREAM b'PLTE' 62 135
2026-04-28 16:01:43,976 - DEBUG - STREAM b'IDAT' 209 10464
2026-04-28 16:01:43,980 - DEBUG - Starting new HTTPS connection (1): mt0.google.com:443
2026-04-28 16:01:44,407 - DEBUG - https://mt0.google.com:443 "GET /vt/lyrs=m&hl=es&x=4597&y=8561&z=14 HTTP/1.1" 200 5125
2026-04-28 16:01:44,411 - DEBUG - STREAM b'IHDR' 16 13
2026-04-28 16:01:44,411 - DEBUG - STREAM b'pHYs' 41 9
2026-04-28 16:01:44,411 - DEBUG - STREAM b'PLTE' 62 123
2026-04-28 16:01:44,411 - DEBUG - STREAM b'IDAT' 197 4912
2026-04-28 16:01:44,414 - DEBUG - Starting new HTTPS connection (1): mt0.google.com:443
2026-04-28 16:01:44,883 - DEBUG - https://mt0.google.com:443 "GET /vt/lyrs=m&hl=es&x=4598&y=8565&z=14 HTTP/1.1" 200 3191
2026-04-28 16:01:44,887 - DEBUG - STREAM b'IHDR' 16 13
2026-04-28 16:01:44,887 - DEBUG - STREAM b'pHYs' 41 9
2026-04-28 16:01:44,887 - DEBUG - STREAM b'PLTE' 62 66
2026-04-28 16:01:44,887 - DEBUG - STREAM b'IDAT' 140 3035
2026-04-28 16:01:44,889 - DEBUG - Starting new HTTPS connection (1): mt0.google.com:443
2026-04-28 16:01:45,329 - DEBUG - https://mt0.google.com:443 "GET /vt/lyrs=m&hl=es&x=4598&y=8561&z=14 HTTP/1.1" 200 15748
2026-04-28 16:01:45,348 - DEBUG - STREAM b'IHDR' 16 13
2026-04-28 16:01:45,349 - DEBUG - STREAM b'pHYs' 41 9
2026-04-28 16:01:45,349 - DEBUG - STREAM b'PLTE' 62 237
2026-04-28 16:01:45,349 - DEBUG - STREAM b'IDAT' 311 15421
2026-04-28 16:01:45,349 - DEBUG - Starting new HTTPS connection (1): mt0.google.com:443
2026-04-28 16:01:45,807 - DEBUG - https://mt0.google.com:443 "GET /vt/lyrs=m&hl=es&x=4599&y=8565&z=14 HTTP/1.1" 200 1435
2026-04-28 16:01:45,807 - DEBUG - STREAM b'IHDR' 16 13
2026-04-28 16:01:45,807 - DEBUG - STREAM b'pHYs' 41 9
2026-04-28 16:01:45,807 - DEBUG - STREAM b'PLTE' 62 48
2026-04-28 16:01:45,807 - DEBUG - STREAM b'IDAT' 122 1297
2026-04-28 16:01:45,807 - DEBUG - Starting new HTTPS connection (1): mt0.google.com:443
2026-04-28 16:01:46,248 - DEBUG - https://mt0.google.com:443 "GET /vt/lyrs=m&hl=es&x=4599&y=8561&z=14 HTTP/1.1" 200 5906
2026-04-28 16:01:46,252 - DEBUG - STREAM b'IHDR' 16 13
2026-04-28 16:01:46,253 - DEBUG - STREAM b'pHYs' 41 9
2026-04-28 16:01:46,253 - DEBUG - STREAM b'PLTE' 62 135
2026-04-28 16:01:46,253 - DEBUG - STREAM b'IDAT' 209 5681
2026-04-28 16:01:46,255 - DEBUG - Starting new HTTPS connection (1): mt0.google.com:443
2026-04-28 16:01:46,678 - DEBUG - https://mt0.google.com:443 "GET /vt/lyrs=m&hl=es&x=4599&y=8562&z=14 HTTP/1.1" 200 12611
2026-04-28 16:01:46,688 - DEBUG - STREAM b'IHDR' 16 13
2026-04-28 16:01:46,688 - DEBUG - STREAM b'pHYs' 41 9
2026-04-28 16:01:46,688 - DEBUG - STREAM b'PLTE' 62 240
2026-04-28 16:01:46,688 - DEBUG - STREAM b'IDAT' 314 12281
2026-04-28 16:01:46,692 - DEBUG - Starting new HTTPS connection (1): mt0.google.com:443
2026-04-28 16:01:47,115 - DEBUG - https://mt0.google.com:443 "GET /vt/lyrs=m&hl=es&x=4599&y=8563&z=14 HTTP/1.1" 200 6765
2026-04-28 16:01:47,120 - DEBUG - STREAM b'IHDR' 16 13
2026-04-28 16:01:47,120 - DEBUG - STREAM b'pHYs' 41 9
2026-04-28 16:01:47,120 - DEBUG - STREAM b'PLTE' 62 102
2026-04-28 16:01:47,120 - DEBUG - STREAM b'IDAT' 176 6573
2026-04-28 16:01:47,124 - DEBUG - Starting new HTTPS connection (1): mt0.google.com:443
2026-04-28 16:01:47,575 - DEBUG - https://mt0.google.com:443 "GET /vt/lyrs=m&hl=es&x=4599&y=8564&z=14 HTTP/1.1" 200 240
2026-04-28 16:01:47,577 - DEBUG - STREAM b'IHDR' 16 13
2026-04-28 16:01:47,577 - DEBUG - STREAM b'pHYs' 41 9
2026-04-28 16:01:47,577 - DEBUG - STREAM b'PLTE' 62 6
2026-04-28 16:01:47,577 - DEBUG - STREAM b'IDAT' 80 144
2026-04-28 16:01:47,580 - DEBUG - Starting new HTTPS connection (1): mt0.google.com:443
2026-04-28 16:01:48,014 - DEBUG - https://mt0.google.com:443 "GET /vt/lyrs=m&hl=es&x=4594&y=8566&z=14 HTTP/1.1" 200 178
2026-04-28 16:01:48,015 - DEBUG - STREAM b'IHDR' 16 13
2026-04-28 16:01:48,016 - DEBUG - STREAM b'pHYs' 41 9
2026-04-28 16:01:48,016 - DEBUG - STREAM b'PLTE' 62 3
2026-04-28 16:01:48,016 - DEBUG - STREAM b'IDAT' 77 85
2026-04-28 16:01:48,017 - DEBUG - Starting new HTTPS connection (1): mt0.google.com:443
2026-04-28 16:01:48,496 - DEBUG - https://mt0.google.com:443 "GET /vt/lyrs=m&hl=es&x=4594&y=8560&z=14 HTTP/1.1" 200 27014
2026-04-28 16:01:48,555 - DEBUG - STREAM b'IHDR' 16 13
2026-04-28 16:01:48,556 - DEBUG - STREAM b'pHYs' 41 9
2026-04-28 16:01:48,556 - DEBUG - STREAM b'PLTE' 62 339
2026-04-28 16:01:48,556 - DEBUG - STREAM b'IDAT' 413 26585
2026-04-28 16:01:48,558 - DEBUG - Starting new HTTPS connection (1): mt0.google.com:443
2026-04-28 16:01:49,006 - DEBUG - https://mt0.google.com:443 "GET /vt/lyrs=m&hl=es&x=4595&y=8566&z=14 HTTP/1.1" 200 178
2026-04-28 16:01:49,006 - DEBUG - STREAM b'IHDR' 16 13
2026-04-28 16:01:49,006 - DEBUG - STREAM b'pHYs' 41 9
2026-04-28 16:01:49,006 - DEBUG - STREAM b'PLTE' 62 3
2026-04-28 16:01:49,006 - DEBUG - STREAM b'IDAT' 77 85
2026-04-28 16:01:49,008 - DEBUG - Starting new HTTPS connection (1): mt0.google.com:443
2026-04-28 16:01:49,446 - DEBUG - https://mt0.google.com:443 "GET /vt/lyrs=m&hl=es&x=4595&y=8560&z=14 HTTP/1.1" 200 26157
2026-04-28 16:01:49,499 - DEBUG - STREAM b'IHDR' 16 13
2026-04-28 16:01:49,499 - DEBUG - STREAM b'pHYs' 41 9
2026-04-28 16:01:49,499 - DEBUG - STREAM b'PLTE' 62 219
2026-04-28 16:01:49,500 - DEBUG - STREAM b'IDAT' 293 25848
2026-04-28 16:01:49,501 - DEBUG - Starting new HTTPS connection (1): mt0.google.com:443
2026-04-28 16:01:49,930 - DEBUG - https://mt0.google.com:443 "GET /vt/lyrs=m&hl=es&x=4596&y=8566&z=14 HTTP/1.1" 200 1758
2026-04-28 16:01:49,933 - DEBUG - STREAM b'IHDR' 16 13
2026-04-28 16:01:49,933 - DEBUG - STREAM b'pHYs' 41 9
2026-04-28 16:01:49,933 - DEBUG - STREAM b'PLTE' 62 36
2026-04-28 16:01:49,934 - DEBUG - STREAM b'IDAT' 110 1632
2026-04-28 16:01:49,936 - DEBUG - Starting new HTTPS connection (1): mt0.google.com:443
2026-04-28 16:01:50,367 - DEBUG - https://mt0.google.com:443 "GET /vt/lyrs=m&hl=es&x=4596&y=8560&z=14 HTTP/1.1" 200 25719
2026-04-28 16:01:50,418 - DEBUG - STREAM b'IHDR' 16 13
2026-04-28 16:01:50,418 - DEBUG - STREAM b'pHYs' 41 9
2026-04-28 16:01:50,418 - DEBUG - STREAM b'PLTE' 62 255
2026-04-28 16:01:50,418 - DEBUG - STREAM b'IDAT' 329 25374
2026-04-28 16:01:50,420 - DEBUG - Starting new HTTPS connection (1): mt0.google.com:443
2026-04-28 16:01:50,855 - DEBUG - https://mt0.google.com:443 "GET /vt/lyrs=m&hl=es&x=4597&y=8566&z=14 HTTP/1.1" 200 11566
2026-04-28 16:01:50,867 - DEBUG - STREAM b'IHDR' 16 13
2026-04-28 16:01:50,867 - DEBUG - STREAM b'pHYs' 41 9
2026-04-28 16:01:50,867 - DEBUG - STREAM b'PLTE' 62 204
2026-04-28 16:01:50,867 - DEBUG - STREAM b'IDAT' 278 11272
2026-04-28 16:01:50,870 - DEBUG - Starting new HTTPS connection (1): mt0.google.com:443
2026-04-28 16:01:51,303 - DEBUG - https://mt0.google.com:443 "GET /vt/lyrs=m&hl=es&x=4597&y=8560&z=14 HTTP/1.1" 200 16041
2026-04-28 16:01:51,335 - DEBUG - STREAM b'IHDR' 16 13
2026-04-28 16:01:51,337 - DEBUG - STREAM b'pHYs' 41 9
2026-04-28 16:01:51,337 - DEBUG - STREAM b'PLTE' 62 141
2026-04-28 16:01:51,337 - DEBUG - STREAM b'IDAT' 215 15810
2026-04-28 16:01:51,338 - DEBUG - Starting new HTTPS connection (1): mt0.google.com:443
2026-04-28 16:01:51,776 - DEBUG - https://mt0.google.com:443 "GET /vt/lyrs=m&hl=es&x=4598&y=8566&z=14 HTTP/1.1" 200 7569
2026-04-28 16:01:51,777 - DEBUG - STREAM b'IHDR' 16 13
2026-04-28 16:01:51,778 - DEBUG - STREAM b'pHYs' 41 9
2026-04-28 16:01:51,778 - DEBUG - STREAM b'PLTE' 62 111
2026-04-28 16:01:51,778 - DEBUG - STREAM b'IDAT' 185 7368
2026-04-28 16:01:51,779 - DEBUG - Starting new HTTPS connection (1): mt0.google.com:443
2026-04-28 16:01:52,220 - DEBUG - https://mt0.google.com:443 "GET /vt/lyrs=m&hl=es&x=4598&y=8560&z=14 HTTP/1.1" 200 11269
2026-04-28 16:01:52,233 - DEBUG - STREAM b'IHDR' 16 13
2026-04-28 16:01:52,233 - DEBUG - STREAM b'pHYs' 41 9
2026-04-28 16:01:52,234 - DEBUG - STREAM b'PLTE' 62 228
2026-04-28 16:01:52,234 - DEBUG - STREAM b'IDAT' 302 10951
2026-04-28 16:01:52,236 - DEBUG - Starting new HTTPS connection (1): mt0.google.com:443
2026-04-28 16:01:52,689 - DEBUG - https://mt0.google.com:443 "GET /vt/lyrs=m&hl=es&x=4599&y=8566&z=14 HTTP/1.1" 200 786
2026-04-28 16:01:52,691 - DEBUG - STREAM b'IHDR' 16 13
2026-04-28 16:01:52,691 - DEBUG - STREAM b'pHYs' 41 9
2026-04-28 16:01:52,691 - DEBUG - STREAM b'PLTE' 62 6
2026-04-28 16:01:52,691 - DEBUG - STREAM b'IDAT' 80 690
2026-04-28 16:01:52,693 - DEBUG - Starting new HTTPS connection (1): mt0.google.com:443
2026-04-28 16:01:53,135 - DEBUG - https://mt0.google.com:443 "GET /vt/lyrs=m&hl=es&x=4599&y=8560&z=14 HTTP/1.1" 200 5486
2026-04-28 16:01:53,141 - DEBUG - STREAM b'IHDR' 16 13
2026-04-28 16:01:53,142 - DEBUG - STREAM b'pHYs' 41 9
2026-04-28 16:01:53,142 - DEBUG - STREAM b'PLTE' 62 84
2026-04-28 16:01:53,142 - DEBUG - STREAM b'IDAT' 158 5312
2026-04-28 16:01:53,145 - DEBUG - Starting new HTTPS connection (1): mt0.google.com:443
2026-04-28 16:01:53,663 - DEBUG - https://mt0.google.com:443 "GET /vt/lyrs=m&hl=es&x=4600&y=8566&z=14 HTTP/1.1" 200 716
2026-04-28 16:01:53,663 - DEBUG - STREAM b'IHDR' 16 13
2026-04-28 16:01:53,663 - DEBUG - STREAM b'pHYs' 41 9
2026-04-28 16:01:53,663 - DEBUG - STREAM b'PLTE' 62 6
2026-04-28 16:01:53,663 - DEBUG - STREAM b'IDAT' 80 620
2026-04-28 16:01:53,668 - DEBUG - Starting new HTTPS connection (1): mt0.google.com:443
2026-04-28 16:01:54,121 - DEBUG - https://mt0.google.com:443 "GET /vt/lyrs=m&hl=es&x=4600&y=8560&z=14 HTTP/1.1" 200 5750
2026-04-28 16:01:54,127 - DEBUG - STREAM b'IHDR' 16 13
2026-04-28 16:01:54,128 - DEBUG - STREAM b'pHYs' 41 9
2026-04-28 16:01:54,128 - DEBUG - STREAM b'PLTE' 62 114
2026-04-28 16:01:54,128 - DEBUG - STREAM b'IDAT' 188 5546
2026-04-28 16:01:54,130 - DEBUG - Starting new HTTPS connection (1): mt0.google.com:443
2026-04-28 16:01:54,790 - DEBUG - https://mt0.google.com:443 "GET /vt/lyrs=m&hl=es&x=4600&y=8561&z=14 HTTP/1.1" 200 5071
2026-04-28 16:01:54,795 - DEBUG - STREAM b'IHDR' 16 13
2026-04-28 16:01:54,795 - DEBUG - STREAM b'pHYs' 41 9
2026-04-28 16:01:54,795 - DEBUG - STREAM b'PLTE' 62 111
2026-04-28 16:01:54,795 - DEBUG - STREAM b'IDAT' 185 4870
2026-04-28 16:01:54,797 - DEBUG - Starting new HTTPS connection (1): mt0.google.com:443
2026-04-28 16:01:55,383 - DEBUG - https://mt0.google.com:443 "GET /vt/lyrs=m&hl=es&x=4594&y=8561&z=14 HTTP/1.1" 200 26984
2026-04-28 16:01:55,468 - DEBUG - STREAM b'IHDR' 16 13
2026-04-28 16:01:55,468 - DEBUG - STREAM b'pHYs' 41 9
2026-04-28 16:01:55,468 - DEBUG - STREAM b'PLTE' 62 285
2026-04-28 16:01:55,468 - DEBUG - STREAM b'IDAT' 359 26609
2026-04-28 16:01:55,470 - DEBUG - Starting new HTTPS connection (1): mt0.google.com:443
2026-04-28 16:01:55,954 - DEBUG - https://mt0.google.com:443 "GET /vt/lyrs=m&hl=es&x=4600&y=8562&z=14 HTTP/1.1" 200 6902
2026-04-28 16:01:55,959 - DEBUG - STREAM b'IHDR' 16 13
2026-04-28 16:01:55,959 - DEBUG - STREAM b'pHYs' 41 9
2026-04-28 16:01:55,959 - DEBUG - STREAM b'PLTE' 62 120
2026-04-28 16:01:55,959 - DEBUG - STREAM b'IDAT' 194 6692
2026-04-28 16:01:55,961 - DEBUG - Starting new HTTPS connection (1): mt0.google.com:443
2026-04-28 16:01:56,678 - DEBUG - https://mt0.google.com:443 "GET /vt/lyrs=m&hl=es&x=4594&y=8562&z=14 HTTP/1.1" 200 23483
2026-04-28 16:01:57,034 - DEBUG - STREAM b'IHDR' 16 13
2026-04-28 16:01:57,034 - DEBUG - STREAM b'pHYs' 41 9
2026-04-28 16:01:57,034 - DEBUG - STREAM b'PLTE' 62 333
2026-04-28 16:01:57,034 - DEBUG - STREAM b'IDAT' 407 23060
2026-04-28 16:01:57,036 - DEBUG - Starting new HTTPS connection (1): mt0.google.com:443
2026-04-28 16:01:57,575 - DEBUG - https://mt0.google.com:443 "GET /vt/lyrs=m&hl=es&x=4600&y=8563&z=14 HTTP/1.1" 200 5522
2026-04-28 16:01:57,617 - DEBUG - STREAM b'IHDR' 16 13
2026-04-28 16:01:57,617 - DEBUG - STREAM b'pHYs' 41 9
2026-04-28 16:01:57,617 - DEBUG - STREAM b'PLTE' 62 102
2026-04-28 16:01:57,617 - DEBUG - STREAM b'IDAT' 176 5330
2026-04-28 16:01:57,620 - DEBUG - Starting new HTTPS connection (1): mt0.google.com:443
2026-04-28 16:01:58,177 - DEBUG - https://mt0.google.com:443 "GET /vt/lyrs=m&hl=es&x=4594&y=8563&z=14 HTTP/1.1" 200 29845
2026-04-28 16:01:58,282 - DEBUG - STREAM b'IHDR' 16 13
2026-04-28 16:01:58,282 - DEBUG - STREAM b'pHYs' 41 9
2026-04-28 16:01:58,282 - DEBUG - STREAM b'PLTE' 62 381
2026-04-28 16:01:58,282 - DEBUG - STREAM b'IDAT' 455 29374
2026-04-28 16:01:58,284 - DEBUG - Starting new HTTPS connection (1): mt0.google.com:443
2026-04-28 16:01:58,902 - DEBUG - https://mt0.google.com:443 "GET /vt/lyrs=m&hl=es&x=4600&y=8564&z=14 HTTP/1.1" 200 369
2026-04-28 16:01:58,904 - DEBUG - STREAM b'IHDR' 16 13
2026-04-28 16:01:58,904 - DEBUG - STREAM b'pHYs' 41 9
2026-04-28 16:01:58,905 - DEBUG - STREAM b'PLTE' 62 6
2026-04-28 16:01:58,905 - DEBUG - STREAM b'IDAT' 80 273
2026-04-28 16:01:58,907 - DEBUG - Starting new HTTPS connection (1): mt0.google.com:443
2026-04-28 16:01:59,461 - DEBUG - https://mt0.google.com:443 "GET /vt/lyrs=m&hl=es&x=4594&y=8564&z=14 HTTP/1.1" 200 7618
2026-04-28 16:01:59,465 - DEBUG - STREAM b'IHDR' 16 13
2026-04-28 16:01:59,465 - DEBUG - STREAM b'pHYs' 41 9
2026-04-28 16:01:59,465 - DEBUG - STREAM b'PLTE' 62 159
2026-04-28 16:01:59,466 - DEBUG - STREAM b'IDAT' 233 7369
2026-04-28 16:01:59,470 - DEBUG - Starting new HTTPS connection (1): mt0.google.com:443
2026-04-28 16:01:59,898 - DEBUG - https://mt0.google.com:443 "GET /vt/lyrs=m&hl=es&x=4600&y=8565&z=14 HTTP/1.1" 200 178
2026-04-28 16:01:59,900 - DEBUG - STREAM b'IHDR' 16 13
2026-04-28 16:01:59,900 - DEBUG - STREAM b'pHYs' 41 9
2026-04-28 16:01:59,900 - DEBUG - STREAM b'PLTE' 62 3
2026-04-28 16:01:59,901 - DEBUG - STREAM b'IDAT' 77 85
2026-04-28 16:01:59,901 - DEBUG - Starting new HTTPS connection (1): mt0.google.com:443
2026-04-28 16:02:00,344 - DEBUG - https://mt0.google.com:443 "GET /vt/lyrs=m&hl=es&x=4594&y=8565&z=14 HTTP/1.1" 200 178
2026-04-28 16:02:00,348 - DEBUG - STREAM b'IHDR' 16 13
2026-04-28 16:02:00,349 - DEBUG - STREAM b'pHYs' 41 9
2026-04-28 16:02:00,349 - DEBUG - STREAM b'PLTE' 62 3
2026-04-28 16:02:00,349 - DEBUG - STREAM b'IDAT' 77 85
2026-04-28 16:02:00,351 - DEBUG - Starting new HTTPS connection (1): mt0.google.com:443
2026-04-28 16:02:00,791 - DEBUG - https://mt0.google.com:443 "GET /vt/lyrs=m&hl=es&x=4593&y=8567&z=14 HTTP/1.1" 200 178
2026-04-28 16:02:00,793 - DEBUG - STREAM b'IHDR' 16 13
2026-04-28 16:02:00,793 - DEBUG - STREAM b'pHYs' 41 9
2026-04-28 16:02:00,794 - DEBUG - STREAM b'PLTE' 62 3
2026-04-28 16:02:00,794 - DEBUG - STREAM b'IDAT' 77 85
2026-04-28 16:02:00,796 - DEBUG - Starting new HTTPS connection (1): mt0.google.com:443
2026-04-28 16:02:01,268 - DEBUG - https://mt0.google.com:443 "GET /vt/lyrs=m&hl=es&x=4593&y=8559&z=14 HTTP/1.1" 200 18401
2026-04-28 16:02:01,284 - DEBUG - STREAM b'IHDR' 16 13
2026-04-28 16:02:01,285 - DEBUG - STREAM b'pHYs' 41 9
2026-04-28 16:02:01,285 - DEBUG - STREAM b'PLTE' 62 192
2026-04-28 16:02:01,285 - DEBUG - STREAM b'IDAT' 266 18119
2026-04-28 16:02:01,286 - DEBUG - Starting new HTTPS connection (1): mt0.google.com:443
2026-04-28 16:02:01,704 - DEBUG - https://mt0.google.com:443 "GET /vt/lyrs=m&hl=es&x=4594&y=8567&z=14 HTTP/1.1" 200 178
2026-04-28 16:02:01,706 - DEBUG - STREAM b'IHDR' 16 13
2026-04-28 16:02:01,706 - DEBUG - STREAM b'pHYs' 41 9
2026-04-28 16:02:01,707 - DEBUG - STREAM b'PLTE' 62 3
2026-04-28 16:02:01,707 - DEBUG - STREAM b'IDAT' 77 85
2026-04-28 16:02:01,709 - DEBUG - Starting new HTTPS connection (1): mt0.google.com:443
2026-04-28 16:02:02,156 - DEBUG - https://mt0.google.com:443 "GET /vt/lyrs=m&hl=es&x=4594&y=8559&z=14 HTTP/1.1" 200 15648
2026-04-28 16:02:02,176 - DEBUG - STREAM b'IHDR' 16 13
2026-04-28 16:02:02,176 - DEBUG - STREAM b'pHYs' 41 9
2026-04-28 16:02:02,176 - DEBUG - STREAM b'PLTE' 62 207
2026-04-28 16:02:02,176 - DEBUG - STREAM b'IDAT' 281 15351
2026-04-28 16:02:02,179 - DEBUG - Starting new HTTPS connection (1): mt0.google.com:443
2026-04-28 16:02:02,598 - DEBUG - https://mt0.google.com:443 "GET /vt/lyrs=m&hl=es&x=4595&y=8567&z=14 HTTP/1.1" 200 178
2026-04-28 16:02:02,601 - DEBUG - STREAM b'IHDR' 16 13
2026-04-28 16:02:02,601 - DEBUG - STREAM b'pHYs' 41 9
2026-04-28 16:02:02,601 - DEBUG - STREAM b'PLTE' 62 3
2026-04-28 16:02:02,601 - DEBUG - STREAM b'IDAT' 77 85
2026-04-28 16:02:02,604 - DEBUG - Starting new HTTPS connection (1): mt0.google.com:443
2026-04-28 16:02:02,801 - INFO - ✅ Mapa actualizado: 419 clientes
2026-04-28 16:02:03,057 - DEBUG - https://mt0.google.com:443 "GET /vt/lyrs=m&hl=es&x=4595&y=8559&z=14 HTTP/1.1" 200 6167
2026-04-28 16:02:03,060 - DEBUG - STREAM b'IHDR' 16 13
2026-04-28 16:02:03,060 - DEBUG - STREAM b'pHYs' 41 9
2026-04-28 16:02:03,060 - DEBUG - STREAM b'PLTE' 62 48
2026-04-28 16:02:03,060 - DEBUG - STREAM b'IDAT' 122 6029
2026-04-28 16:02:03,063 - DEBUG - Starting new HTTPS connection (1): mt0.google.com:443
2026-04-28 16:02:03,512 - DEBUG - https://mt0.google.com:443 "GET /vt/lyrs=m&hl=es&x=4596&y=8567&z=14 HTTP/1.1" 200 604
2026-04-28 16:02:03,516 - DEBUG - STREAM b'IHDR' 16 13
2026-04-28 16:02:03,516 - DEBUG - STREAM b'pHYs' 41 9
2026-04-28 16:02:03,516 - DEBUG - STREAM b'PLTE' 62 21
2026-04-28 16:02:03,516 - DEBUG - STREAM b'IDAT' 95 493
2026-04-28 16:02:03,521 - DEBUG - Starting new HTTPS connection (1): mt0.google.com:443
2026-04-28 16:02:03,968 - DEBUG - https://mt0.google.com:443 "GET /vt/lyrs=m&hl=es&x=4596&y=8559&z=14 HTTP/1.1" 200 15793
2026-04-28 16:02:03,987 - DEBUG - STREAM b'IHDR' 16 13
2026-04-28 16:02:03,987 - DEBUG - STREAM b'pHYs' 41 9
2026-04-28 16:02:03,987 - DEBUG - STREAM b'PLTE' 62 108
2026-04-28 16:02:03,988 - DEBUG - STREAM b'IDAT' 182 15595
2026-04-28 16:02:03,991 - DEBUG - Starting new HTTPS connection (1): mt0.google.com:443
2026-04-28 16:02:04,504 - DEBUG - https://mt0.google.com:443 "GET /vt/lyrs=m&hl=es&x=4597&y=8567&z=14 HTTP/1.1" 200 12455
2026-04-28 16:02:04,509 - DEBUG - STREAM b'IHDR' 16 13
2026-04-28 16:02:04,509 - DEBUG - STREAM b'pHYs' 41 9
2026-04-28 16:02:04,510 - DEBUG - STREAM b'PLTE' 62 237
2026-04-28 16:02:04,510 - DEBUG - STREAM b'IDAT' 311 12128
2026-04-28 16:02:04,512 - DEBUG - Starting new HTTPS connection (1): mt0.google.com:443
2026-04-28 16:02:04,935 - DEBUG - https://mt0.google.com:443 "GET /vt/lyrs=m&hl=es&x=4597&y=8559&z=14 HTTP/1.1" 200 5487
2026-04-28 16:02:04,939 - DEBUG - STREAM b'IHDR' 16 13
2026-04-28 16:02:04,940 - DEBUG - STREAM b'pHYs' 41 9
2026-04-28 16:02:04,940 - DEBUG - STREAM b'PLTE' 62 78
2026-04-28 16:02:04,940 - DEBUG - STREAM b'IDAT' 152 5319
2026-04-28 16:02:04,942 - DEBUG - Starting new HTTPS connection (1): mt0.google.com:443
2026-04-28 16:02:05,396 - DEBUG - https://mt0.google.com:443 "GET /vt/lyrs=m&hl=es&x=4598&y=8567&z=14 HTTP/1.1" 200 4633
2026-04-28 16:02:05,400 - DEBUG - STREAM b'IHDR' 16 13
2026-04-28 16:02:05,400 - DEBUG - STREAM b'pHYs' 41 9
2026-04-28 16:02:05,400 - DEBUG - STREAM b'PLTE' 62 105
2026-04-28 16:02:05,400 - DEBUG - STREAM b'IDAT' 179 4438
2026-04-28 16:02:05,403 - DEBUG - Starting new HTTPS connection (1): mt0.google.com:443
2026-04-28 16:02:05,896 - DEBUG - https://mt0.google.com:443 "GET /vt/lyrs=m&hl=es&x=4598&y=8559&z=14 HTTP/1.1" 200 263
2026-04-28 16:02:05,898 - DEBUG - STREAM b'IHDR' 16 13
2026-04-28 16:02:05,898 - DEBUG - STREAM b'pHYs' 41 9
2026-04-28 16:02:05,898 - DEBUG - STREAM b'PLTE' 62 6
2026-04-28 16:02:05,898 - DEBUG - STREAM b'IDAT' 80 167
2026-04-28 16:02:05,902 - DEBUG - Starting new HTTPS connection (1): mt0.google.com:443
2026-04-28 16:02:06,409 - DEBUG - https://mt0.google.com:443 "GET /vt/lyrs=m&hl=es&x=4599&y=8567&z=14 HTTP/1.1" 200 1453
2026-04-28 16:02:06,423 - DEBUG - STREAM b'IHDR' 16 13
2026-04-28 16:02:06,423 - DEBUG - STREAM b'pHYs' 41 9
2026-04-28 16:02:06,423 - DEBUG - STREAM b'PLTE' 62 30
2026-04-28 16:02:06,423 - DEBUG - STREAM b'IDAT' 104 1333
2026-04-28 16:02:06,425 - DEBUG - Starting new HTTPS connection (1): mt0.google.com:443
2026-04-28 16:02:06,933 - DEBUG - https://mt0.google.com:443 "GET /vt/lyrs=m&hl=es&x=4599&y=8559&z=14 HTTP/1.1" 200 1162
2026-04-28 16:02:06,933 - DEBUG - STREAM b'IHDR' 16 13
2026-04-28 16:02:06,933 - DEBUG - STREAM b'pHYs' 41 9
2026-04-28 16:02:06,933 - DEBUG - STREAM b'PLTE' 62 12
2026-04-28 16:02:06,933 - DEBUG - STREAM b'IDAT' 86 1060
2026-04-28 16:02:06,936 - DEBUG - Starting new HTTPS connection (1): mt0.google.com:443
2026-04-28 16:02:07,454 - DEBUG - https://mt0.google.com:443 "GET /vt/lyrs=m&hl=es&x=4600&y=8567&z=14 HTTP/1.1" 200 650
2026-04-28 16:02:07,456 - DEBUG - STREAM b'IHDR' 16 13
2026-04-28 16:02:07,457 - DEBUG - STREAM b'pHYs' 41 9
2026-04-28 16:02:07,457 - DEBUG - STREAM b'PLTE' 62 6
2026-04-28 16:02:07,457 - DEBUG - STREAM b'IDAT' 80 554
2026-04-28 16:02:07,458 - DEBUG - Starting new HTTPS connection (1): mt0.google.com:443
2026-04-28 16:02:07,977 - DEBUG - https://mt0.google.com:443 "GET /vt/lyrs=m&hl=es&x=4600&y=8559&z=14 HTTP/1.1" 200 1064
2026-04-28 16:02:07,979 - DEBUG - STREAM b'IHDR' 16 13
2026-04-28 16:02:07,979 - DEBUG - STREAM b'pHYs' 41 9
2026-04-28 16:02:07,979 - DEBUG - STREAM b'PLTE' 62 18
2026-04-28 16:02:07,979 - DEBUG - STREAM b'IDAT' 92 956
2026-04-28 16:02:07,981 - DEBUG - Starting new HTTPS connection (1): mt0.google.com:443
2026-04-28 16:02:08,660 - DEBUG - https://mt0.google.com:443 "GET /vt/lyrs=m&hl=es&x=4601&y=8567&z=14 HTTP/1.1" 200 588
2026-04-28 16:02:08,662 - DEBUG - STREAM b'IHDR' 16 13
2026-04-28 16:02:08,662 - DEBUG - STREAM b'pHYs' 41 9
2026-04-28 16:02:08,662 - DEBUG - STREAM b'PLTE' 62 6
2026-04-28 16:02:08,662 - DEBUG - STREAM b'IDAT' 80 492
2026-04-28 16:02:08,664 - DEBUG - Starting new HTTPS connection (1): mt0.google.com:443
2026-04-28 16:02:09,163 - DEBUG - https://mt0.google.com:443 "GET /vt/lyrs=m&hl=es&x=4601&y=8559&z=14 HTTP/1.1" 200 872
2026-04-28 16:02:09,165 - DEBUG - STREAM b'IHDR' 16 13
2026-04-28 16:02:09,165 - DEBUG - STREAM b'pHYs' 41 9
2026-04-28 16:02:09,165 - DEBUG - STREAM b'PLTE' 62 12
2026-04-28 16:02:09,165 - DEBUG - STREAM b'IDAT' 86 770
2026-04-28 16:02:09,168 - DEBUG - Starting new HTTPS connection (1): mt0.google.com:443
2026-04-28 16:02:09,293 - DEBUG - Starting new HTTPS connection (1): mt0.google.com:443
2026-04-28 16:02:09,293 - DEBUG - Starting new HTTPS connection (1): mt0.google.com:443
2026-04-28 16:02:09,309 - DEBUG - Starting new HTTPS connection (1): mt0.google.com:443
2026-04-28 16:02:09,313 - DEBUG - Starting new HTTPS connection (1): mt0.google.com:443
2026-04-28 16:02:09,313 - DEBUG - Starting new HTTPS connection (1): mt0.google.com:443
2026-04-28 16:02:09,314 - DEBUG - Starting new HTTPS connection (1): mt0.google.com:443
2026-04-28 16:02:09,318 - DEBUG - Starting new HTTPS connection (1): mt0.google.com:443
2026-04-28 16:02:09,318 - DEBUG - Starting new HTTPS connection (1): mt0.google.com:443
2026-04-28 16:02:09,318 - DEBUG - Starting new HTTPS connection (1): mt0.google.com:443
2026-04-28 16:02:09,318 - DEBUG - Starting new HTTPS connection (1): mt0.google.com:443
2026-04-28 16:02:09,318 - DEBUG - Starting new HTTPS connection (1): mt0.google.com:443
2026-04-28 16:02:09,321 - DEBUG - Starting new HTTPS connection (1): mt0.google.com:443
2026-04-28 16:02:09,955 - DEBUG - https://mt0.google.com:443 "GET /vt/lyrs=m&hl=es&x=4601&y=8560&z=14 HTTP/1.1" 200 2349
2026-04-28 16:02:09,958 - DEBUG - STREAM b'IHDR' 16 13
2026-04-28 16:02:09,958 - DEBUG - STREAM b'pHYs' 41 9
2026-04-28 16:02:09,958 - DEBUG - STREAM b'PLTE' 62 36
2026-04-28 16:02:09,958 - DEBUG - STREAM b'IDAT' 110 2223
2026-04-28 16:02:09,961 - DEBUG - Starting new HTTPS connection (1): mt0.google.com:443
2026-04-28 16:02:10,095 - DEBUG - https://mt0.google.com:443 "GET /vt/lyrs=m&hl=es&x=36758&y=68498&z=17 HTTP/1.1" 200 20686
2026-04-28 16:02:10,120 - DEBUG - https://mt0.google.com:443 "GET /vt/lyrs=m&hl=es&x=36756&y=68499&z=17 HTTP/1.1" 200 19392
2026-04-28 16:02:10,143 - DEBUG - https://mt0.google.com:443 "GET /vt/lyrs=m&hl=es&x=36757&y=68499&z=17 HTTP/1.1" 200 19551
2026-04-28 16:02:10,147 - DEBUG - https://mt0.google.com:443 "GET /vt/lyrs=m&hl=es&x=36757&y=68498&z=17 HTTP/1.1" 200 23523
2026-04-28 16:02:10,160 - DEBUG - STREAM b'IHDR' 16 13
2026-04-28 16:02:10,160 - DEBUG - STREAM b'pHYs' 41 9
2026-04-28 16:02:10,160 - DEBUG - STREAM b'PLTE' 62 138
2026-04-28 16:02:10,160 - DEBUG - STREAM b'IDAT' 212 20458
2026-04-28 16:02:10,169 - DEBUG - https://mt0.google.com:443 "GET /vt/lyrs=m&hl=es&x=4593&y=8562&z=14 HTTP/1.1" 200 6622
2026-04-28 16:02:10,193 - DEBUG - https://mt0.google.com:443 "GET /vt/lyrs=m&hl=es&x=36758&y=68499&z=17 HTTP/1.1" 200 16854
2026-04-28 16:02:10,200 - DEBUG - https://mt0.google.com:443 "GET /vt/lyrs=m&hl=es&x=36758&y=68497&z=17 HTTP/1.1" 200 21087
2026-04-28 16:02:10,200 - DEBUG - https://mt0.google.com:443 "GET /vt/lyrs=m&hl=es&x=36756&y=68497&z=17 HTTP/1.1" 200 20464
2026-04-28 16:02:10,206 - DEBUG - https://mt0.google.com:443 "GET /vt/lyrs=m&hl=es&x=36757&y=68497&z=17 HTTP/1.1" 200 19876
2026-04-28 16:02:10,217 - DEBUG - https://mt0.google.com:443 "GET /vt/lyrs=m&hl=es&x=4593&y=8561&z=14 HTTP/1.1" 200 12100
2026-04-28 16:02:10,226 - DEBUG - STREAM b'IHDR' 16 13
2026-04-28 16:02:10,227 - DEBUG - STREAM b'pHYs' 41 9
2026-04-28 16:02:10,227 - DEBUG - STREAM b'PLTE' 62 189
2026-04-28 16:02:10,227 - DEBUG - STREAM b'IDAT' 263 16575
2026-04-28 16:02:10,254 - DEBUG - STREAM b'IHDR' 16 13
2026-04-28 16:02:10,254 - DEBUG - STREAM b'pHYs' 41 9
2026-04-28 16:02:10,254 - DEBUG - STREAM b'PLTE' 62 171
2026-04-28 16:02:10,254 - DEBUG - STREAM b'IDAT' 245 19131
2026-04-28 16:02:10,269 - DEBUG - STREAM b'IHDR' 16 13
2026-04-28 16:02:10,269 - DEBUG - STREAM b'pHYs' 41 9
2026-04-28 16:02:10,269 - DEBUG - STREAM b'PLTE' 62 141
2026-04-28 16:02:10,269 - DEBUG - STREAM b'IDAT' 215 20856
2026-04-28 16:02:10,271 - DEBUG - STREAM b'IHDR' 16 13
2026-04-28 16:02:10,272 - DEBUG - STREAM b'pHYs' 41 9
2026-04-28 16:02:10,272 - DEBUG - STREAM b'PLTE' 62 189
2026-04-28 16:02:10,272 - DEBUG - STREAM b'IDAT' 263 20185
2026-04-28 16:02:10,283 - DEBUG - STREAM b'IHDR' 16 13
2026-04-28 16:02:10,283 - DEBUG - STREAM b'pHYs' 41 9
2026-04-28 16:02:10,283 - DEBUG - STREAM b'PLTE' 62 216
2026-04-28 16:02:10,283 - DEBUG - STREAM b'IDAT' 290 23217
2026-04-28 16:02:10,285 - DEBUG - STREAM b'IHDR' 16 13
2026-04-28 16:02:10,285 - DEBUG - STREAM b'pHYs' 41 9
2026-04-28 16:02:10,285 - DEBUG - STREAM b'PLTE' 62 147
2026-04-28 16:02:10,285 - DEBUG - STREAM b'IDAT' 221 19314
2026-04-28 16:02:10,325 - DEBUG - STREAM b'IHDR' 16 13
2026-04-28 16:02:10,325 - DEBUG - STREAM b'pHYs' 41 9
2026-04-28 16:02:10,326 - DEBUG - STREAM b'PLTE' 62 114
2026-04-28 16:02:10,326 - DEBUG - STREAM b'IDAT' 188 19672
2026-04-28 16:02:10,471 - DEBUG - https://mt0.google.com:443 "GET /vt/lyrs=m&hl=es&x=36753&y=8560&z=14 HTTP/1.1" 400 1555
2026-04-28 16:02:10,473 - DEBUG - Importing AvifImagePlugin
2026-04-28 16:02:10,476 - DEBUG - Importing BlpImagePlugin
2026-04-28 16:02:10,477 - DEBUG - Importing BmpImagePlugin
2026-04-28 16:02:10,477 - DEBUG - Importing BufrStubImagePlugin
2026-04-28 16:02:10,477 - DEBUG - Importing CurImagePlugin
2026-04-28 16:02:10,477 - DEBUG - Importing DcxImagePlugin
2026-04-28 16:02:10,477 - DEBUG - Importing DdsImagePlugin
2026-04-28 16:02:10,483 - DEBUG - Importing EpsImagePlugin
2026-04-28 16:02:10,484 - DEBUG - Importing FitsImagePlugin
2026-04-28 16:02:10,485 - DEBUG - Importing FliImagePlugin
2026-04-28 16:02:10,485 - DEBUG - Importing FpxImagePlugin
2026-04-28 16:02:10,487 - DEBUG - Image: failed to import FpxImagePlugin: No module named 'olefile'
2026-04-28 16:02:10,487 - DEBUG - Importing FtexImagePlugin
2026-04-28 16:02:10,487 - DEBUG - Importing GbrImagePlugin
2026-04-28 16:02:10,487 - DEBUG - Importing GifImagePlugin
2026-04-28 16:02:10,487 - DEBUG - Importing GribStubImagePlugin
2026-04-28 16:02:10,487 - DEBUG - Importing Hdf5StubImagePlugin
2026-04-28 16:02:10,487 - DEBUG - Importing IcnsImagePlugin
2026-04-28 16:02:10,492 - DEBUG - Importing IcoImagePlugin
2026-04-28 16:02:10,493 - DEBUG - Importing ImImagePlugin
2026-04-28 16:02:10,494 - DEBUG - Importing ImtImagePlugin
2026-04-28 16:02:10,495 - DEBUG - Importing IptcImagePlugin
2026-04-28 16:02:10,495 - DEBUG - Importing JpegImagePlugin
2026-04-28 16:02:10,495 - DEBUG - Importing Jpeg2KImagePlugin
2026-04-28 16:02:10,495 - DEBUG - Importing McIdasImagePlugin
2026-04-28 16:02:10,495 - DEBUG - Importing MicImagePlugin
2026-04-28 16:02:10,496 - DEBUG - Image: failed to import MicImagePlugin: No module named 'olefile'
2026-04-28 16:02:10,496 - DEBUG - Importing MpegImagePlugin
2026-04-28 16:02:10,497 - DEBUG - Importing MpoImagePlugin
2026-04-28 16:02:10,498 - DEBUG - Importing MspImagePlugin
2026-04-28 16:02:10,498 - DEBUG - Importing PalmImagePlugin
2026-04-28 16:02:10,498 - DEBUG - Importing PcdImagePlugin
2026-04-28 16:02:10,498 - DEBUG - Importing PcxImagePlugin
2026-04-28 16:02:10,498 - DEBUG - Importing PdfImagePlugin
2026-04-28 16:02:10,503 - DEBUG - STREAM b'IHDR' 16 13
2026-04-28 16:02:10,503 - DEBUG - STREAM b'pHYs' 41 9
2026-04-28 16:02:10,503 - DEBUG - STREAM b'PLTE' 62 174
2026-04-28 16:02:10,503 - DEBUG - STREAM b'IDAT' 248 11836
2026-04-28 16:02:10,508 - DEBUG - Importing PixarImagePlugin
2026-04-28 16:02:10,508 - DEBUG - Importing PngImagePlugin
2026-04-28 16:02:10,508 - DEBUG - Importing PpmImagePlugin
2026-04-28 16:02:10,508 - DEBUG - Importing PsdImagePlugin
2026-04-28 16:02:10,508 - DEBUG - Importing QoiImagePlugin
2026-04-28 16:02:10,508 - DEBUG - Importing SgiImagePlugin
2026-04-28 16:02:10,508 - DEBUG - Importing SpiderImagePlugin
2026-04-28 16:02:10,508 - DEBUG - Importing SunImagePlugin
2026-04-28 16:02:10,508 - DEBUG - Importing TgaImagePlugin
2026-04-28 16:02:10,508 - DEBUG - Importing TiffImagePlugin
2026-04-28 16:02:10,508 - DEBUG - Importing WebPImagePlugin
2026-04-28 16:02:10,513 - DEBUG - Importing WmfImagePlugin
2026-04-28 16:02:10,513 - DEBUG - Importing XbmImagePlugin
2026-04-28 16:02:10,513 - DEBUG - Importing XpmImagePlugin
2026-04-28 16:02:10,513 - DEBUG - Importing XVThumbImagePlugin
2026-04-28 16:02:10,518 - DEBUG - Starting new HTTPS connection (1): mt0.google.com:443
2026-04-28 16:02:10,686 - DEBUG - https://mt0.google.com:443 "GET /vt/lyrs=m&hl=es&x=36756&y=68498&z=17 HTTP/1.1" 200 20935
2026-04-28 16:02:10,739 - DEBUG - STREAM b'IHDR' 16 13
2026-04-28 16:02:10,739 - DEBUG - STREAM b'pHYs' 41 9
2026-04-28 16:02:10,739 - DEBUG - STREAM b'PLTE' 62 270
2026-04-28 16:02:10,739 - DEBUG - STREAM b'IDAT' 344 20575
2026-04-28 16:02:10,998 - DEBUG - https://mt0.google.com:443 "GET /vt/lyrs=m&hl=es&x=36761&y=8561&z=14 HTTP/1.1" 400 1555
2026-04-28 16:02:11,013 - DEBUG - Starting new HTTPS connection (1): mt0.google.com:443
2026-04-28 16:02:11,125 - DEBUG - STREAM b'IHDR' 16 13
2026-04-28 16:02:11,125 - DEBUG - STREAM b'pHYs' 41 9
2026-04-28 16:02:11,125 - DEBUG - STREAM b'PLTE' 62 141
2026-04-28 16:02:11,125 - DEBUG - STREAM b'IDAT' 215 6391
2026-04-28 16:02:11,199 - DEBUG - https://mt0.google.com:443 "GET /vt/lyrs=m&hl=es&x=4593&y=8563&z=14 HTTP/1.1" 200 6576
2026-04-28 16:02:11,211 - DEBUG - STREAM b'IHDR' 16 13
2026-04-28 16:02:11,212 - DEBUG - STREAM b'pHYs' 41 9
2026-04-28 16:02:11,212 - DEBUG - STREAM b'PLTE' 62 177
2026-04-28 16:02:11,212 - DEBUG - STREAM b'IDAT' 251 6309
2026-04-28 16:02:11,485 - DEBUG - https://mt0.google.com:443 "GET /vt/lyrs=m&hl=es&x=36753&y=8561&z=14 HTTP/1.1" 400 1555
2026-04-28 16:02:11,495 - DEBUG - Starting new HTTPS connection (1): mt0.google.com:443
2026-04-28 16:02:11,684 - DEBUG - Starting new HTTPS connection (1): mt0.google.com:443
2026-04-28 16:02:11,684 - DEBUG - Starting new HTTPS connection (1): mt0.google.com:443
2026-04-28 16:02:11,687 - DEBUG - Starting new HTTPS connection (1): mt0.google.com:443
2026-04-28 16:02:11,687 - DEBUG - Starting new HTTPS connection (1): mt0.google.com:443
2026-04-28 16:02:11,695 - DEBUG - Starting new HTTPS connection (1): mt0.google.com:443
2026-04-28 16:02:11,695 - DEBUG - Starting new HTTPS connection (1): mt0.google.com:443
2026-04-28 16:02:12,042 - DEBUG - https://mt0.google.com:443 "GET /vt/lyrs=m&hl=es&x=36761&y=8562&z=14 HTTP/1.1" 400 1555
2026-04-28 16:02:12,046 - DEBUG - Starting new HTTPS connection (1): mt0.google.com:443
2026-04-28 16:02:12,305 - DEBUG - https://mt0.google.com:443 "GET /vt/lyrs=m&hl=es&x=18377&y=34249&z=16 HTTP/1.1" 200 8382
2026-04-28 16:02:12,311 - DEBUG - https://mt0.google.com:443 "GET /vt/lyrs=m&hl=es&x=18377&y=34248&z=16 HTTP/1.1" 200 5936
2026-04-28 16:02:12,311 - DEBUG - https://mt0.google.com:443 "GET /vt/lyrs=m&hl=es&x=18379&y=34249&z=16 HTTP/1.1" 200 15109
2026-04-28 16:02:12,312 - DEBUG - https://mt0.google.com:443 "GET /vt/lyrs=m&hl=es&x=18378&y=34248&z=16 HTTP/1.1" 200 18042
2026-04-28 16:02:12,315 - DEBUG - STREAM b'IHDR' 16 13
2026-04-28 16:02:12,319 - DEBUG - STREAM b'IHDR' 16 13
2026-04-28 16:02:12,319 - DEBUG - STREAM b'pHYs' 41 9
2026-04-28 16:02:12,320 - DEBUG - STREAM b'pHYs' 41 9
2026-04-28 16:02:12,320 - DEBUG - STREAM b'PLTE' 62 84
2026-04-28 16:02:12,320 - DEBUG - STREAM b'PLTE' 62 108
2026-04-28 16:02:12,321 - DEBUG - STREAM b'IDAT' 158 8208
2026-04-28 16:02:12,321 - DEBUG - STREAM b'IDAT' 182 5738
2026-04-28 16:02:12,323 - DEBUG - STREAM b'IHDR' 16 13
2026-04-28 16:02:12,323 - DEBUG - STREAM b'pHYs' 41 9
2026-04-28 16:02:12,323 - DEBUG - STREAM b'PLTE' 62 159
2026-04-28 16:02:12,323 - DEBUG - STREAM b'IDAT' 233 14860
2026-04-28 16:02:12,329 - DEBUG - https://mt0.google.com:443 "GET /vt/lyrs=m&hl=es&x=18379&y=34248&z=16 HTTP/1.1" 200 15733
2026-04-28 16:02:12,331 - DEBUG - STREAM b'IHDR' 16 13
2026-04-28 16:02:12,331 - DEBUG - STREAM b'pHYs' 41 9
2026-04-28 16:02:12,331 - DEBUG - STREAM b'PLTE' 62 192
2026-04-28 16:02:12,331 - DEBUG - STREAM b'IDAT' 266 17760
2026-04-28 16:02:12,338 - DEBUG - https://mt0.google.com:443 "GET /vt/lyrs=m&hl=es&x=18378&y=34249&z=16 HTTP/1.1" 200 15822
2026-04-28 16:02:12,347 - DEBUG - STREAM b'IHDR' 16 13
2026-04-28 16:02:12,348 - DEBUG - STREAM b'pHYs' 41 9
2026-04-28 16:02:12,348 - DEBUG - STREAM b'PLTE' 62 180
2026-04-28 16:02:12,348 - DEBUG - STREAM b'IDAT' 254 15463
2026-04-28 16:02:12,357 - DEBUG - STREAM b'IHDR' 16 13
2026-04-28 16:02:12,357 - DEBUG - STREAM b'pHYs' 41 9
2026-04-28 16:02:12,357 - DEBUG - STREAM b'PLTE' 62 120
2026-04-28 16:02:12,357 - DEBUG - STREAM b'IDAT' 194 15612
2026-04-28 16:02:12,519 - DEBUG - https://mt0.google.com:443 "GET /vt/lyrs=m&hl=es&x=18374&y=8562&z=14 HTTP/1.1" 400 1555
2026-04-28 16:02:12,523 - DEBUG - Starting new HTTPS connection (1): mt0.google.com:443
2026-04-28 16:02:12,975 - DEBUG - https://mt0.google.com:443 "GET /vt/lyrs=m&hl=es&x=18382&y=8563&z=14 HTTP/1.1" 400 1555
2026-04-28 16:02:12,977 - DEBUG - Starting new HTTPS connection (1): mt0.google.com:443
2026-04-28 16:02:13,419 - DEBUG - https://mt0.google.com:443 "GET /vt/lyrs=m&hl=es&x=36753&y=8563&z=14 HTTP/1.1" 400 1555
2026-04-28 16:02:13,424 - DEBUG - Starting new HTTPS connection (1): mt0.google.com:443
2026-04-28 16:02:13,913 - DEBUG - https://mt0.google.com:443 "GET /vt/lyrs=m&hl=es&x=36761&y=8564&z=14 HTTP/1.1" 400 1555
2026-04-28 16:02:13,923 - DEBUG - Starting new HTTPS connection (1): mt0.google.com:443
2026-04-28 16:02:14,388 - DEBUG - https://mt0.google.com:443 "GET /vt/lyrs=m&hl=es&x=36753&y=8564&z=14 HTTP/1.1" 400 1555
2026-04-28 16:02:14,395 - DEBUG - Starting new HTTPS connection (1): mt0.google.com:443
2026-04-28 16:02:14,863 - DEBUG - https://mt0.google.com:443 "GET /vt/lyrs=m&hl=es&x=36761&y=8565&z=14 HTTP/1.1" 400 1555
2026-04-28 16:02:14,867 - DEBUG - Starting new HTTPS connection (1): mt0.google.com:443
2026-04-28 16:02:15,377 - DEBUG - https://mt0.google.com:443 "GET /vt/lyrs=m&hl=es&x=36753&y=8565&z=14 HTTP/1.1" 400 1555
2026-04-28 16:02:15,382 - DEBUG - Starting new HTTPS connection (1): mt0.google.com:443
2026-04-28 16:02:15,965 - DEBUG - https://mt0.google.com:443 "GET /vt/lyrs=m&hl=es&x=36761&y=8566&z=14 HTTP/1.1" 400 1555
2026-04-28 16:02:15,985 - DEBUG - Starting new HTTPS connection (1): mt0.google.com:443
2026-04-28 16:02:16,623 - DEBUG - https://mt0.google.com:443 "GET /vt/lyrs=m&hl=es&x=36753&y=8566&z=14 HTTP/1.1" 400 1555
2026-04-28 16:02:16,631 - DEBUG - Starting new HTTPS connection (1): mt0.google.com:443
2026-04-28 16:02:17,341 - DEBUG - https://mt0.google.com:443 "GET /vt/lyrs=m&hl=es&x=36761&y=8567&z=14 HTTP/1.1" 400 1555
2026-04-28 16:02:17,345 - DEBUG - Starting new HTTPS connection (1): mt0.google.com:443
2026-04-28 16:02:17,953 - DEBUG - https://mt0.google.com:443 "GET /vt/lyrs=m&hl=es&x=36753&y=8567&z=14 HTTP/1.1" 400 1555
2026-04-28 16:02:17,970 - DEBUG - Starting new HTTPS connection (1): mt0.google.com:443
2026-04-28 16:02:18,602 - DEBUG - https://mt0.google.com:443 "GET /vt/lyrs=m&hl=es&x=36755&y=68500&z=17 HTTP/1.1" 200 14479
2026-04-28 16:02:18,616 - DEBUG - STREAM b'IHDR' 16 13
2026-04-28 16:02:18,616 - DEBUG - STREAM b'pHYs' 41 9
2026-04-28 16:02:18,616 - DEBUG - STREAM b'PLTE' 62 135
2026-04-28 16:02:18,616 - DEBUG - STREAM b'IDAT' 209 14254
2026-04-28 16:02:18,619 - DEBUG - Starting new HTTPS connection (1): mt0.google.com:443
2026-04-28 16:02:19,210 - DEBUG - https://mt0.google.com:443 "GET /vt/lyrs=m&hl=es&x=36755&y=68496&z=17 HTTP/1.1" 200 10867
2026-04-28 16:02:19,219 - DEBUG - STREAM b'IHDR' 16 13
2026-04-28 16:02:19,219 - DEBUG - STREAM b'pHYs' 41 9
2026-04-28 16:02:19,219 - DEBUG - STREAM b'PLTE' 62 159
2026-04-28 16:02:19,219 - DEBUG - STREAM b'IDAT' 233 10618
2026-04-28 16:02:19,222 - DEBUG - Starting new HTTPS connection (1): mt0.google.com:443
2026-04-28 16:02:19,837 - DEBUG - https://mt0.google.com:443 "GET /vt/lyrs=m&hl=es&x=36756&y=68500&z=17 HTTP/1.1" 200 19262
2026-04-28 16:02:19,884 - DEBUG - STREAM b'IHDR' 16 13
2026-04-28 16:02:19,884 - DEBUG - STREAM b'pHYs' 41 9
2026-04-28 16:02:19,884 - DEBUG - STREAM b'PLTE' 62 156
2026-04-28 16:02:19,884 - DEBUG - STREAM b'IDAT' 230 19016
2026-04-28 16:02:19,888 - DEBUG - Starting new HTTPS connection (1): mt0.google.com:443
2026-04-28 16:02:20,618 - DEBUG - https://mt0.google.com:443 "GET /vt/lyrs=m&hl=es&x=36756&y=68496&z=17 HTTP/1.1" 200 20173
2026-04-28 16:02:20,664 - DEBUG - STREAM b'IHDR' 16 13
2026-04-28 16:02:20,664 - DEBUG - STREAM b'pHYs' 41 9
2026-04-28 16:02:20,664 - DEBUG - STREAM b'PLTE' 62 207
2026-04-28 16:02:20,664 - DEBUG - STREAM b'IDAT' 281 19876
2026-04-28 16:02:20,666 - DEBUG - Starting new HTTPS connection (1): mt0.google.com:443
2026-04-28 16:02:21,328 - DEBUG - https://mt0.google.com:443 "GET /vt/lyrs=m&hl=es&x=36757&y=68500&z=17 HTTP/1.1" 200 11547
2026-04-28 16:02:21,340 - DEBUG - STREAM b'IHDR' 16 13
2026-04-28 16:02:21,340 - DEBUG - STREAM b'pHYs' 41 9
2026-04-28 16:02:21,341 - DEBUG - STREAM b'PLTE' 62 99
2026-04-28 16:02:21,341 - DEBUG - STREAM b'IDAT' 173 11358
2026-04-28 16:02:21,346 - DEBUG - Starting new HTTPS connection (1): mt0.google.com:443
2026-04-28 16:02:22,046 - DEBUG - https://mt0.google.com:443 "GET /vt/lyrs=m&hl=es&x=36757&y=68496&z=17 HTTP/1.1" 200 23821
2026-04-28 16:02:22,094 - DEBUG - STREAM b'IHDR' 16 13
2026-04-28 16:02:22,094 - DEBUG - STREAM b'pHYs' 41 9
2026-04-28 16:02:22,094 - DEBUG - STREAM b'PLTE' 62 237
2026-04-28 16:02:22,094 - DEBUG - STREAM b'IDAT' 311 23494
2026-04-28 16:02:22,097 - DEBUG - Starting new HTTPS connection (1): mt0.google.com:443
2026-04-28 16:02:22,733 - DEBUG - https://mt0.google.com:443 "GET /vt/lyrs=m&hl=es&x=36758&y=68500&z=17 HTTP/1.1" 200 14406
2026-04-28 16:02:22,749 - DEBUG - STREAM b'IHDR' 16 13
2026-04-28 16:02:22,749 - DEBUG - STREAM b'pHYs' 41 9
2026-04-28 16:02:22,749 - DEBUG - STREAM b'PLTE' 62 141
2026-04-28 16:02:22,749 - DEBUG - STREAM b'IDAT' 215 14175
2026-04-28 16:02:22,752 - DEBUG - Starting new HTTPS connection (1): mt0.google.com:443
2026-04-28 16:02:23,426 - DEBUG - https://mt0.google.com:443 "GET /vt/lyrs=m&hl=es&x=36758&y=68496&z=17 HTTP/1.1" 200 20818
2026-04-28 16:02:23,476 - DEBUG - STREAM b'IHDR' 16 13
2026-04-28 16:02:23,476 - DEBUG - STREAM b'pHYs' 41 9
2026-04-28 16:02:23,477 - DEBUG - STREAM b'PLTE' 62 174
2026-04-28 16:02:23,477 - DEBUG - STREAM b'IDAT' 248 20554
2026-04-28 16:02:23,480 - DEBUG - Starting new HTTPS connection (1): mt0.google.com:443
2026-04-28 16:02:24,127 - DEBUG - https://mt0.google.com:443 "GET /vt/lyrs=m&hl=es&x=36759&y=68500&z=17 HTTP/1.1" 200 17747
2026-04-28 16:02:24,145 - DEBUG - STREAM b'IHDR' 16 13
2026-04-28 16:02:24,145 - DEBUG - STREAM b'pHYs' 41 9
2026-04-28 16:02:24,146 - DEBUG - STREAM b'PLTE' 62 198
2026-04-28 16:02:24,146 - DEBUG - STREAM b'IDAT' 272 17459
2026-04-28 16:02:24,150 - DEBUG - Starting new HTTPS connection (1): mt0.google.com:443
2026-04-28 16:02:24,767 - DEBUG - https://mt0.google.com:443 "GET /vt/lyrs=m&hl=es&x=36759&y=68496&z=17 HTTP/1.1" 200 18391
2026-04-28 16:02:24,786 - DEBUG - STREAM b'IHDR' 16 13
2026-04-28 16:02:24,786 - DEBUG - STREAM b'pHYs' 41 9
2026-04-28 16:02:24,786 - DEBUG - STREAM b'PLTE' 62 210
2026-04-28 16:02:24,786 - DEBUG - STREAM b'IDAT' 284 18091
2026-04-28 16:02:24,791 - DEBUG - Starting new HTTPS connection (1): mt0.google.com:443
2026-04-28 16:02:25,397 - DEBUG - https://mt0.google.com:443 "GET /vt/lyrs=m&hl=es&x=36759&y=68497&z=17 HTTP/1.1" 200 16641
2026-04-28 16:02:25,413 - DEBUG - STREAM b'IHDR' 16 13
2026-04-28 16:02:25,413 - DEBUG - STREAM b'pHYs' 41 9
2026-04-28 16:02:25,413 - DEBUG - STREAM b'PLTE' 62 138
2026-04-28 16:02:25,413 - DEBUG - STREAM b'IDAT' 212 16413
2026-04-28 16:02:25,416 - DEBUG - Starting new HTTPS connection (1): mt0.google.com:443
2026-04-28 16:02:26,012 - DEBUG - https://mt0.google.com:443 "GET /vt/lyrs=m&hl=es&x=36755&y=68497&z=17 HTTP/1.1" 200 11129
2026-04-28 16:02:26,024 - DEBUG - STREAM b'IHDR' 16 13
2026-04-28 16:02:26,024 - DEBUG - STREAM b'pHYs' 41 9
2026-04-28 16:02:26,024 - DEBUG - STREAM b'PLTE' 62 165
2026-04-28 16:02:26,024 - DEBUG - STREAM b'IDAT' 239 10874
2026-04-28 16:02:26,027 - DEBUG - Starting new HTTPS connection (1): mt0.google.com:443
2026-04-28 16:02:26,618 - DEBUG - https://mt0.google.com:443 "GET /vt/lyrs=m&hl=es&x=36759&y=68498&z=17 HTTP/1.1" 200 19111
2026-04-28 16:02:26,664 - DEBUG - STREAM b'IHDR' 16 13
2026-04-28 16:02:26,664 - DEBUG - STREAM b'pHYs' 41 9
2026-04-28 16:02:26,664 - DEBUG - STREAM b'PLTE' 62 168
2026-04-28 16:02:26,664 - DEBUG - STREAM b'IDAT' 242 18853
2026-04-28 16:02:26,668 - DEBUG - Starting new HTTPS connection (1): mt0.google.com:443
2026-04-28 16:02:27,319 - DEBUG - https://mt0.google.com:443 "GET /vt/lyrs=m&hl=es&x=36755&y=68498&z=17 HTTP/1.1" 200 15771
2026-04-28 16:02:27,335 - DEBUG - STREAM b'IHDR' 16 13
2026-04-28 16:02:27,335 - DEBUG - STREAM b'pHYs' 41 9
2026-04-28 16:02:27,335 - DEBUG - STREAM b'PLTE' 62 108
2026-04-28 16:02:27,335 - DEBUG - STREAM b'IDAT' 182 15573
2026-04-28 16:02:27,338 - DEBUG - Starting new HTTPS connection (1): mt0.google.com:443
2026-04-28 16:02:27,916 - DEBUG - https://mt0.google.com:443 "GET /vt/lyrs=m&hl=es&x=36759&y=68499&z=17 HTTP/1.1" 200 13551
2026-04-28 16:02:27,930 - DEBUG - STREAM b'IHDR' 16 13
2026-04-28 16:02:27,932 - DEBUG - STREAM b'pHYs' 41 9
2026-04-28 16:02:27,932 - DEBUG - STREAM b'PLTE' 62 147
2026-04-28 16:02:27,932 - DEBUG - STREAM b'IDAT' 221 13314
2026-04-28 16:02:27,937 - DEBUG - Starting new HTTPS connection (1): mt0.google.com:443
2026-04-28 16:02:28,641 - DEBUG - https://mt0.google.com:443 "GET /vt/lyrs=m&hl=es&x=36755&y=68499&z=17 HTTP/1.1" 200 16564
2026-04-28 16:02:28,648 - DEBUG - STREAM b'IHDR' 16 13
2026-04-28 16:02:28,648 - DEBUG - STREAM b'pHYs' 41 9
2026-04-28 16:02:28,648 - DEBUG - STREAM b'PLTE' 62 141
2026-04-28 16:02:28,648 - DEBUG - STREAM b'IDAT' 215 16333
2026-04-28 16:02:28,651 - DEBUG - Starting new HTTPS connection (1): mt0.google.com:443
2026-04-28 16:02:29,476 - DEBUG - https://mt0.google.com:443 "GET /vt/lyrs=m&hl=es&x=36754&y=68501&z=17 HTTP/1.1" 200 851
2026-04-28 16:02:29,483 - DEBUG - STREAM b'IHDR' 16 13
2026-04-28 16:02:29,483 - DEBUG - STREAM b'pHYs' 41 9
2026-04-28 16:02:29,483 - DEBUG - STREAM b'PLTE' 62 21
2026-04-28 16:02:29,483 - DEBUG - STREAM b'IDAT' 95 740
2026-04-28 16:02:29,488 - DEBUG - Starting new HTTPS connection (1): mt0.google.com:443
2026-04-28 16:02:30,149 - DEBUG - https://mt0.google.com:443 "GET /vt/lyrs=m&hl=es&x=36754&y=68495&z=17 HTTP/1.1" 200 17316
2026-04-28 16:02:30,153 - DEBUG - STREAM b'IHDR' 16 13
2026-04-28 16:02:30,153 - DEBUG - STREAM b'pHYs' 41 9
2026-04-28 16:02:30,153 - DEBUG - STREAM b'PLTE' 62 195
2026-04-28 16:02:30,153 - DEBUG - STREAM b'IDAT' 269 17031
2026-04-28 16:02:30,158 - DEBUG - Starting new HTTPS connection (1): mt0.google.com:443
2026-04-28 16:02:30,932 - DEBUG - https://mt0.google.com:443 "GET /vt/lyrs=m&hl=es&x=36755&y=68501&z=17 HTTP/1.1" 200 14154
2026-04-28 16:02:30,962 - DEBUG - STREAM b'IHDR' 16 13
2026-04-28 16:02:30,962 - DEBUG - STREAM b'pHYs' 41 9
2026-04-28 16:02:30,962 - DEBUG - STREAM b'PLTE' 62 183
2026-04-28 16:02:30,962 - DEBUG - STREAM b'IDAT' 257 13881
2026-04-28 16:02:30,965 - DEBUG - Starting new HTTPS connection (1): mt0.google.com:443
2026-04-28 16:02:31,707 - DEBUG - https://mt0.google.com:443 "GET /vt/lyrs=m&hl=es&x=36755&y=68495&z=17 HTTP/1.1" 200 13254
2026-04-28 16:02:31,711 - DEBUG - STREAM b'IHDR' 16 13
2026-04-28 16:02:31,711 - DEBUG - STREAM b'pHYs' 41 9
2026-04-28 16:02:31,711 - DEBUG - STREAM b'PLTE' 62 180
2026-04-28 16:02:31,711 - DEBUG - STREAM b'IDAT' 254 12984
2026-04-28 16:02:31,714 - DEBUG - Starting new HTTPS connection (1): mt0.google.com:443
2026-04-28 16:02:32,435 - DEBUG - https://mt0.google.com:443 "GET /vt/lyrs=m&hl=es&x=36756&y=68501&z=17 HTTP/1.1" 200 19760
2026-04-28 16:02:32,483 - DEBUG - STREAM b'IHDR' 16 13
2026-04-28 16:02:32,483 - DEBUG - STREAM b'pHYs' 41 9
2026-04-28 16:02:32,483 - DEBUG - STREAM b'PLTE' 62 213
2026-04-28 16:02:32,483 - DEBUG - STREAM b'IDAT' 287 19457
2026-04-28 16:02:32,485 - DEBUG - Starting new HTTPS connection (1): mt0.google.com:443
2026-04-28 16:02:33,111 - DEBUG - https://mt0.google.com:443 "GET /vt/lyrs=m&hl=es&x=36756&y=68495&z=17 HTTP/1.1" 200 19208
2026-04-28 16:02:33,218 - DEBUG - STREAM b'IHDR' 16 13
2026-04-28 16:02:33,218 - DEBUG - STREAM b'pHYs' 41 9
2026-04-28 16:02:33,219 - DEBUG - STREAM b'PLTE' 62 267
2026-04-28 16:02:33,219 - DEBUG - STREAM b'IDAT' 341 18851
2026-04-28 16:02:33,220 - DEBUG - Starting new HTTPS connection (1): mt0.google.com:443
2026-04-28 16:02:33,781 - DEBUG - https://mt0.google.com:443 "GET /vt/lyrs=m&hl=es&x=36757&y=68501&z=17 HTTP/1.1" 200 12562
2026-04-28 16:02:33,784 - DEBUG - STREAM b'IHDR' 16 13
2026-04-28 16:02:33,784 - DEBUG - STREAM b'pHYs' 41 9
2026-04-28 16:02:33,784 - DEBUG - STREAM b'PLTE' 62 120
2026-04-28 16:02:33,784 - DEBUG - STREAM b'IDAT' 194 12352
2026-04-28 16:02:33,788 - DEBUG - Starting new HTTPS connection (1): mt0.google.com:443
2026-04-28 16:02:34,320 - DEBUG - https://mt0.google.com:443 "GET /vt/lyrs=m&hl=es&x=36757&y=68495&z=17 HTTP/1.1" 200 20871
2026-04-28 16:02:34,369 - DEBUG - STREAM b'IHDR' 16 13
2026-04-28 16:02:34,370 - DEBUG - STREAM b'pHYs' 41 9
2026-04-28 16:02:34,370 - DEBUG - STREAM b'PLTE' 62 204
2026-04-28 16:02:34,370 - DEBUG - STREAM b'IDAT' 278 20577
2026-04-28 16:02:34,371 - DEBUG - Starting new HTTPS connection (1): mt0.google.com:443
2026-04-28 16:02:34,822 - DEBUG - https://mt0.google.com:443 "GET /vt/lyrs=m&hl=es&x=36758&y=68501&z=17 HTTP/1.1" 200 12676
2026-04-28 16:02:34,834 - DEBUG - STREAM b'IHDR' 16 13
2026-04-28 16:02:34,834 - DEBUG - STREAM b'pHYs' 41 9
2026-04-28 16:02:34,834 - DEBUG - STREAM b'PLTE' 62 237
2026-04-28 16:02:34,834 - DEBUG - STREAM b'IDAT' 311 12349
2026-04-28 16:02:34,837 - DEBUG - Starting new HTTPS connection (1): mt0.google.com:443
2026-04-28 16:02:35,286 - DEBUG - https://mt0.google.com:443 "GET /vt/lyrs=m&hl=es&x=36758&y=68495&z=17 HTTP/1.1" 200 21255
2026-04-28 16:02:35,337 - DEBUG - STREAM b'IHDR' 16 13
2026-04-28 16:02:35,337 - DEBUG - STREAM b'pHYs' 41 9
2026-04-28 16:02:35,337 - DEBUG - STREAM b'PLTE' 62 228
2026-04-28 16:02:35,337 - DEBUG - STREAM b'IDAT' 302 20937
2026-04-28 16:02:35,339 - DEBUG - Starting new HTTPS connection (1): mt0.google.com:443
2026-04-28 16:02:35,818 - DEBUG - https://mt0.google.com:443 "GET /vt/lyrs=m&hl=es&x=36759&y=68501&z=17 HTTP/1.1" 200 21217
2026-04-28 16:02:35,863 - DEBUG - STREAM b'IHDR' 16 13
2026-04-28 16:02:35,863 - DEBUG - STREAM b'pHYs' 41 9
2026-04-28 16:02:35,863 - DEBUG - STREAM b'PLTE' 62 204
2026-04-28 16:02:35,863 - DEBUG - STREAM b'IDAT' 278 20923
2026-04-28 16:02:35,865 - DEBUG - Starting new HTTPS connection (1): mt0.google.com:443
2026-04-28 16:02:36,303 - DEBUG - https://mt0.google.com:443 "GET /vt/lyrs=m&hl=es&x=36759&y=68495&z=17 HTTP/1.1" 200 17421
2026-04-28 16:02:36,323 - DEBUG - STREAM b'IHDR' 16 13
2026-04-28 16:02:36,323 - DEBUG - STREAM b'pHYs' 41 9
2026-04-28 16:02:36,323 - DEBUG - STREAM b'PLTE' 62 147
2026-04-28 16:02:36,323 - DEBUG - STREAM b'IDAT' 221 17184
2026-04-28 16:02:36,327 - DEBUG - Starting new HTTPS connection (1): mt0.google.com:443
2026-04-28 16:02:36,775 - DEBUG - https://mt0.google.com:443 "GET /vt/lyrs=m&hl=es&x=36760&y=68501&z=17 HTTP/1.1" 200 16572
2026-04-28 16:02:36,793 - DEBUG - STREAM b'IHDR' 16 13
2026-04-28 16:02:36,794 - DEBUG - STREAM b'pHYs' 41 9
2026-04-28 16:02:36,794 - DEBUG - STREAM b'PLTE' 62 189
2026-04-28 16:02:36,794 - DEBUG - STREAM b'IDAT' 263 16293
2026-04-28 16:02:36,795 - DEBUG - Starting new HTTPS connection (1): mt0.google.com:443
2026-04-28 16:02:37,234 - DEBUG - https://mt0.google.com:443 "GET /vt/lyrs=m&hl=es&x=36760&y=68495&z=17 HTTP/1.1" 200 19558
2026-04-28 16:02:37,283 - DEBUG - STREAM b'IHDR' 16 13
2026-04-28 16:02:37,283 - DEBUG - STREAM b'pHYs' 41 9
2026-04-28 16:02:37,283 - DEBUG - STREAM b'PLTE' 62 153
2026-04-28 16:02:37,283 - DEBUG - STREAM b'IDAT' 227 19315
2026-04-28 16:02:37,286 - DEBUG - Starting new HTTPS connection (1): mt0.google.com:443
2026-04-28 16:02:37,713 - DEBUG - https://mt0.google.com:443 "GET /vt/lyrs=m&hl=es&x=36760&y=68496&z=17 HTTP/1.1" 200 15329
2026-04-28 16:02:37,730 - DEBUG - STREAM b'IHDR' 16 13
2026-04-28 16:02:37,731 - DEBUG - STREAM b'pHYs' 41 9
2026-04-28 16:02:37,731 - DEBUG - STREAM b'PLTE' 62 153
2026-04-28 16:02:37,731 - DEBUG - STREAM b'IDAT' 227 15086
2026-04-28 16:02:37,735 - DEBUG - Starting new HTTPS connection (1): mt0.google.com:443
2026-04-28 16:02:38,188 - DEBUG - https://mt0.google.com:443 "GET /vt/lyrs=m&hl=es&x=36754&y=68496&z=17 HTTP/1.1" 200 3328
2026-04-28 16:02:38,191 - DEBUG - STREAM b'IHDR' 16 13
2026-04-28 16:02:38,192 - DEBUG - STREAM b'pHYs' 41 9
2026-04-28 16:02:38,192 - DEBUG - STREAM b'PLTE' 62 57
2026-04-28 16:02:38,192 - DEBUG - STREAM b'IDAT' 131 3181
2026-04-28 16:02:38,194 - DEBUG - Starting new HTTPS connection (1): mt0.google.com:443
2026-04-28 16:02:38,638 - DEBUG - https://mt0.google.com:443 "GET /vt/lyrs=m&hl=es&x=36760&y=68497&z=17 HTTP/1.1" 200 17652
2026-04-28 16:02:38,658 - DEBUG - STREAM b'IHDR' 16 13
2026-04-28 16:02:38,658 - DEBUG - STREAM b'pHYs' 41 9
2026-04-28 16:02:38,658 - DEBUG - STREAM b'PLTE' 62 147
2026-04-28 16:02:38,658 - DEBUG - STREAM b'IDAT' 221 17415
2026-04-28 16:02:38,661 - DEBUG - Starting new HTTPS connection (1): mt0.google.com:443
2026-04-28 16:02:39,090 - DEBUG - https://mt0.google.com:443 "GET /vt/lyrs=m&hl=es&x=36754&y=68497&z=17 HTTP/1.1" 200 274
2026-04-28 16:02:39,093 - DEBUG - STREAM b'IHDR' 16 13
2026-04-28 16:02:39,093 - DEBUG - STREAM b'pHYs' 41 9
2026-04-28 16:02:39,093 - DEBUG - STREAM b'PLTE' 62 9
2026-04-28 16:02:39,093 - DEBUG - STREAM b'IDAT' 83 175
2026-04-28 16:02:39,095 - DEBUG - Starting new HTTPS connection (1): mt0.google.com:443
2026-04-28 16:02:39,549 - DEBUG - https://mt0.google.com:443 "GET /vt/lyrs=m&hl=es&x=36760&y=68498&z=17 HTTP/1.1" 200 19719
2026-04-28 16:02:39,596 - DEBUG - STREAM b'IHDR' 16 13
2026-04-28 16:02:39,596 - DEBUG - STREAM b'pHYs' 41 9
2026-04-28 16:02:39,596 - DEBUG - STREAM b'PLTE' 62 111
2026-04-28 16:02:39,596 - DEBUG - STREAM b'IDAT' 185 19518
2026-04-28 16:02:39,599 - DEBUG - Starting new HTTPS connection (1): mt0.google.com:443
2026-04-28 16:02:40,083 - DEBUG - https://mt0.google.com:443 "GET /vt/lyrs=m&hl=es&x=36754&y=68498&z=17 HTTP/1.1" 200 908
2026-04-28 16:02:40,085 - DEBUG - STREAM b'IHDR' 16 13
2026-04-28 16:02:40,085 - DEBUG - STREAM b'pHYs' 41 9
2026-04-28 16:02:40,085 - DEBUG - STREAM b'PLTE' 62 18
2026-04-28 16:02:40,085 - DEBUG - STREAM b'IDAT' 92 800
2026-04-28 16:02:40,087 - DEBUG - Starting new HTTPS connection (1): mt0.google.com:443
2026-04-28 16:02:40,532 - DEBUG - https://mt0.google.com:443 "GET /vt/lyrs=m&hl=es&x=36760&y=68499&z=17 HTTP/1.1" 200 17362
2026-04-28 16:02:40,550 - DEBUG - STREAM b'IHDR' 16 13
2026-04-28 16:02:40,550 - DEBUG - STREAM b'pHYs' 41 9
2026-04-28 16:02:40,550 - DEBUG - STREAM b'PLTE' 62 150
2026-04-28 16:02:40,551 - DEBUG - STREAM b'IDAT' 224 17122
2026-04-28 16:02:40,553 - DEBUG - Starting new HTTPS connection (1): mt0.google.com:443
2026-04-28 16:02:41,037 - DEBUG - https://mt0.google.com:443 "GET /vt/lyrs=m&hl=es&x=36754&y=68499&z=17 HTTP/1.1" 200 6031
2026-04-28 16:02:41,043 - DEBUG - STREAM b'IHDR' 16 13
2026-04-28 16:02:41,043 - DEBUG - STREAM b'pHYs' 41 9
2026-04-28 16:02:41,043 - DEBUG - STREAM b'PLTE' 62 102
2026-04-28 16:02:41,043 - DEBUG - STREAM b'IDAT' 176 5839
2026-04-28 16:02:41,044 - DEBUG - Starting new HTTPS connection (1): mt0.google.com:443
2026-04-28 16:02:41,495 - DEBUG - https://mt0.google.com:443 "GET /vt/lyrs=m&hl=es&x=36760&y=68500&z=17 HTTP/1.1" 200 19272
2026-04-28 16:02:41,541 - DEBUG - STREAM b'IHDR' 16 13
2026-04-28 16:02:41,541 - DEBUG - STREAM b'pHYs' 41 9
2026-04-28 16:02:41,541 - DEBUG - STREAM b'PLTE' 62 147
2026-04-28 16:02:41,541 - DEBUG - STREAM b'IDAT' 221 19035
2026-04-28 16:02:41,545 - DEBUG - Starting new HTTPS connection (1): mt0.google.com:443
2026-04-28 16:02:42,016 - DEBUG - https://mt0.google.com:443 "GET /vt/lyrs=m&hl=es&x=36754&y=68500&z=17 HTTP/1.1" 200 3828
2026-04-28 16:02:42,019 - DEBUG - STREAM b'IHDR' 16 13
2026-04-28 16:02:42,019 - DEBUG - STREAM b'pHYs' 41 9
2026-04-28 16:02:42,019 - DEBUG - STREAM b'PLTE' 62 69
2026-04-28 16:02:42,019 - DEBUG - STREAM b'IDAT' 143 3669
2026-04-28 16:02:42,021 - DEBUG - Starting new HTTPS connection (1): mt0.google.com:443
2026-04-28 16:02:42,489 - DEBUG - https://mt0.google.com:443 "GET /vt/lyrs=m&hl=es&x=36753&y=68502&z=17 HTTP/1.1" 200 2149
2026-04-28 16:02:42,491 - DEBUG - STREAM b'IHDR' 16 13
2026-04-28 16:02:42,491 - DEBUG - STREAM b'pHYs' 41 9
2026-04-28 16:02:42,491 - DEBUG - STREAM b'PLTE' 62 27
2026-04-28 16:02:42,491 - DEBUG - STREAM b'IDAT' 101 2032
2026-04-28 16:02:42,494 - DEBUG - Starting new HTTPS connection (1): mt0.google.com:443
2026-04-28 16:02:42,984 - DEBUG - https://mt0.google.com:443 "GET /vt/lyrs=m&hl=es&x=36753&y=68494&z=17 HTTP/1.1" 200 11929
2026-04-28 16:02:42,995 - DEBUG - STREAM b'IHDR' 16 13
2026-04-28 16:02:42,995 - DEBUG - STREAM b'pHYs' 41 9
2026-04-28 16:02:42,996 - DEBUG - STREAM b'PLTE' 62 144
2026-04-28 16:02:42,996 - DEBUG - STREAM b'IDAT' 218 11695
2026-04-28 16:02:42,999 - DEBUG - Starting new HTTPS connection (1): mt0.google.com:443
2026-04-28 16:02:43,516 - DEBUG - https://mt0.google.com:443 "GET /vt/lyrs=m&hl=es&x=36754&y=68502&z=17 HTTP/1.1" 200 3720
2026-04-28 16:02:43,519 - DEBUG - STREAM b'IHDR' 16 13
2026-04-28 16:02:43,519 - DEBUG - STREAM b'pHYs' 41 9
2026-04-28 16:02:43,519 - DEBUG - STREAM b'PLTE' 62 66
2026-04-28 16:02:43,519 - DEBUG - STREAM b'IDAT' 140 3564
2026-04-28 16:02:43,520 - DEBUG - Starting new HTTPS connection (1): mt0.google.com:443
2026-04-28 16:02:44,009 - DEBUG - https://mt0.google.com:443 "GET /vt/lyrs=m&hl=es&x=36754&y=68494&z=17 HTTP/1.1" 200 11460
2026-04-28 16:02:44,020 - DEBUG - STREAM b'IHDR' 16 13
2026-04-28 16:02:44,020 - DEBUG - STREAM b'pHYs' 41 9
2026-04-28 16:02:44,020 - DEBUG - STREAM b'PLTE' 62 162
2026-04-28 16:02:44,020 - DEBUG - STREAM b'IDAT' 236 11208
2026-04-28 16:02:44,023 - DEBUG - Starting new HTTPS connection (1): mt0.google.com:443
2026-04-28 16:02:44,528 - DEBUG - https://mt0.google.com:443 "GET /vt/lyrs=m&hl=es&x=36755&y=68502&z=17 HTTP/1.1" 200 11020
2026-04-28 16:02:44,538 - DEBUG - STREAM b'IHDR' 16 13
2026-04-28 16:02:44,538 - DEBUG - STREAM b'pHYs' 41 9
2026-04-28 16:02:44,538 - DEBUG - STREAM b'PLTE' 62 177
2026-04-28 16:02:44,538 - DEBUG - STREAM b'IDAT' 251 10753
2026-04-28 16:02:44,538 - DEBUG - Starting new HTTPS connection (1): mt0.google.com:443
2026-04-28 16:02:45,050 - DEBUG - https://mt0.google.com:443 "GET /vt/lyrs=m&hl=es&x=36755&y=68494&z=17 HTTP/1.1" 200 14612
2026-04-28 16:02:45,066 - DEBUG - STREAM b'IHDR' 16 13
2026-04-28 16:02:45,066 - DEBUG - STREAM b'pHYs' 41 9
2026-04-28 16:02:45,066 - DEBUG - STREAM b'PLTE' 62 126
2026-04-28 16:02:45,066 - DEBUG - STREAM b'IDAT' 200 14396
2026-04-28 16:02:45,068 - DEBUG - Starting new HTTPS connection (1): mt0.google.com:443
2026-04-28 16:02:45,553 - DEBUG - https://mt0.google.com:443 "GET /vt/lyrs=m&hl=es&x=36756&y=68502&z=17 HTTP/1.1" 200 18914
2026-04-28 16:02:45,599 - DEBUG - STREAM b'IHDR' 16 13
2026-04-28 16:02:45,599 - DEBUG - STREAM b'pHYs' 41 9
2026-04-28 16:02:45,599 - DEBUG - STREAM b'PLTE' 62 168
2026-04-28 16:02:45,599 - DEBUG - STREAM b'IDAT' 242 18656
2026-04-28 16:02:45,602 - DEBUG - Starting new HTTPS connection (1): mt0.google.com:443
2026-04-28 16:02:46,060 - DEBUG - https://mt0.google.com:443 "GET /vt/lyrs=m&hl=es&x=36756&y=68494&z=17 HTTP/1.1" 200 15758
2026-04-28 16:02:46,078 - DEBUG - STREAM b'IHDR' 16 13
2026-04-28 16:02:46,078 - DEBUG - STREAM b'pHYs' 41 9
2026-04-28 16:02:46,078 - DEBUG - STREAM b'PLTE' 62 141
2026-04-28 16:02:46,078 - DEBUG - STREAM b'IDAT' 215 15527
2026-04-28 16:02:46,081 - DEBUG - Starting new HTTPS connection (1): mt0.google.com:443
2026-04-28 16:02:46,570 - DEBUG - https://mt0.google.com:443 "GET /vt/lyrs=m&hl=es&x=36757&y=68502&z=17 HTTP/1.1" 200 18716
2026-04-28 16:02:46,617 - DEBUG - STREAM b'IHDR' 16 13
2026-04-28 16:02:46,617 - DEBUG - STREAM b'pHYs' 41 9
2026-04-28 16:02:46,617 - DEBUG - STREAM b'PLTE' 62 150
2026-04-28 16:02:46,617 - DEBUG - STREAM b'IDAT' 224 18476
2026-04-28 16:02:46,619 - DEBUG - Starting new HTTPS connection (1): mt0.google.com:443
2026-04-28 16:02:46,937 - DEBUG - Starting new HTTPS connection (1): mt0.google.com:443
2026-04-28 16:02:46,940 - DEBUG - Starting new HTTPS connection (1): mt0.google.com:443
2026-04-28 16:02:46,940 - DEBUG - Starting new HTTPS connection (1): mt0.google.com:443
2026-04-28 16:02:46,951 - DEBUG - Starting new HTTPS connection (1): mt0.google.com:443
2026-04-28 16:02:46,951 - DEBUG - Starting new HTTPS connection (1): mt0.google.com:443
2026-04-28 16:02:46,951 - DEBUG - Starting new HTTPS connection (1): mt0.google.com:443
2026-04-28 16:02:46,952 - DEBUG - Starting new HTTPS connection (1): mt0.google.com:443
2026-04-28 16:02:46,952 - DEBUG - Starting new HTTPS connection (1): mt0.google.com:443
2026-04-28 16:02:46,952 - DEBUG - Starting new HTTPS connection (1): mt0.google.com:443
2026-04-28 16:02:47,067 - DEBUG - https://mt0.google.com:443 "GET /vt/lyrs=m&hl=es&x=36757&y=68494&z=17 HTTP/1.1" 200 22608
2026-04-28 16:02:47,124 - DEBUG - STREAM b'IHDR' 16 13
2026-04-28 16:02:47,124 - DEBUG - STREAM b'pHYs' 41 9
2026-04-28 16:02:47,124 - DEBUG - STREAM b'PLTE' 62 222
2026-04-28 16:02:47,124 - DEBUG - STREAM b'IDAT' 296 22296
2026-04-28 16:02:47,126 - DEBUG - Starting new HTTPS connection (1): mt0.google.com:443
2026-04-28 16:02:47,626 - DEBUG - https://mt0.google.com:443 "GET /vt/lyrs=m&hl=es&x=36758&y=68487&z=17 HTTP/1.1" 200 19881
2026-04-28 16:02:47,673 - DEBUG - https://mt0.google.com:443 "GET /vt/lyrs=m&hl=es&x=36756&y=68485&z=17 HTTP/1.1" 200 21367
2026-04-28 16:02:47,674 - DEBUG - https://mt0.google.com:443 "GET /vt/lyrs=m&hl=es&x=36757&y=68487&z=17 HTTP/1.1" 200 20636
2026-04-28 16:02:47,674 - DEBUG - https://mt0.google.com:443 "GET /vt/lyrs=m&hl=es&x=36757&y=68485&z=17 HTTP/1.1" 200 21657
2026-04-28 16:02:47,676 - DEBUG - STREAM b'IHDR' 16 13
2026-04-28 16:02:47,676 - DEBUG - STREAM b'pHYs' 41 9
2026-04-28 16:02:47,676 - DEBUG - STREAM b'PLTE' 62 93
2026-04-28 16:02:47,676 - DEBUG - STREAM b'IDAT' 167 19698
2026-04-28 16:02:47,676 - DEBUG - https://mt0.google.com:443 "GET /vt/lyrs=m&hl=es&x=36758&y=68486&z=17 HTTP/1.1" 200 22558
2026-04-28 16:02:47,684 - DEBUG - https://mt0.google.com:443 "GET /vt/lyrs=m&hl=es&x=36757&y=68486&z=17 HTTP/1.1" 200 21449
2026-04-28 16:02:47,687 - DEBUG - https://mt0.google.com:443 "GET /vt/lyrs=m&hl=es&x=36758&y=68485&z=17 HTTP/1.1" 200 21976
2026-04-28 16:02:47,703 - DEBUG - https://mt0.google.com:443 "GET /vt/lyrs=m&hl=es&x=36756&y=68487&z=17 HTTP/1.1" 200 17824
2026-04-28 16:02:47,710 - DEBUG - https://mt0.google.com:443 "GET /vt/lyrs=m&hl=es&x=36756&y=68486&z=17 HTTP/1.1" 200 20730
2026-04-28 16:02:47,721 - DEBUG - STREAM b'IHDR' 16 13
2026-04-28 16:02:47,722 - DEBUG - STREAM b'IHDR' 16 13
2026-04-28 16:02:47,723 - DEBUG - STREAM b'pHYs' 41 9
2026-04-28 16:02:47,725 - DEBUG - STREAM b'IHDR' 16 13
2026-04-28 16:02:47,726 - DEBUG - STREAM b'IHDR' 16 13
2026-04-28 16:02:47,726 - DEBUG - STREAM b'pHYs' 41 9
2026-04-28 16:02:47,728 - DEBUG - STREAM b'IHDR' 16 13
2026-04-28 16:02:47,728 - DEBUG - STREAM b'PLTE' 62 171
2026-04-28 16:02:47,728 - DEBUG - STREAM b'pHYs' 41 9
2026-04-28 16:02:47,728 - DEBUG - STREAM b'pHYs' 41 9
2026-04-28 16:02:47,728 - DEBUG - STREAM b'PLTE' 62 168
2026-04-28 16:02:47,728 - DEBUG - STREAM b'pHYs' 41 9
2026-04-28 16:02:47,728 - DEBUG - STREAM b'IDAT' 245 21106
2026-04-28 16:02:47,729 - DEBUG - STREAM b'PLTE' 62 114
2026-04-28 16:02:47,729 - DEBUG - STREAM b'PLTE' 62 141
2026-04-28 16:02:47,730 - DEBUG - STREAM b'IDAT' 215 17593
2026-04-28 16:02:47,729 - DEBUG - STREAM b'PLTE' 62 186
2026-04-28 16:02:47,730 - DEBUG - STREAM b'IDAT' 188 20432
2026-04-28 16:02:47,729 - DEBUG - STREAM b'IDAT' 242 21399
2026-04-28 16:02:47,730 - DEBUG - STREAM b'IDAT' 260 22282
2026-04-28 16:02:47,733 - DEBUG - STREAM b'IHDR' 16 13
2026-04-28 16:02:47,733 - DEBUG - STREAM b'pHYs' 41 9
2026-04-28 16:02:47,733 - DEBUG - STREAM b'PLTE' 62 177
2026-04-28 16:02:47,733 - DEBUG - STREAM b'IDAT' 251 21182
2026-04-28 16:02:47,734 - DEBUG - STREAM b'IHDR' 16 13
2026-04-28 16:02:47,734 - DEBUG - STREAM b'pHYs' 41 9
2026-04-28 16:02:47,735 - DEBUG - STREAM b'PLTE' 62 174
2026-04-28 16:02:47,735 - DEBUG - STREAM b'IDAT' 248 21712
2026-04-28 16:02:47,759 - DEBUG - https://mt0.google.com:443 "GET /vt/lyrs=m&hl=es&x=36758&y=68491&z=17 HTTP/1.1" 200 19995
2026-04-28 16:02:47,763 - DEBUG - STREAM b'IHDR' 16 13
2026-04-28 16:02:47,763 - DEBUG - STREAM b'pHYs' 41 9
2026-04-28 16:02:47,763 - DEBUG - STREAM b'PLTE' 62 153
2026-04-28 16:02:47,763 - DEBUG - STREAM b'IDAT' 227 20487
2026-04-28 16:02:47,806 - DEBUG - STREAM b'IHDR' 16 13
2026-04-28 16:02:47,807 - DEBUG - STREAM b'pHYs' 41 9
2026-04-28 16:02:47,807 - DEBUG - STREAM b'PLTE' 62 135
2026-04-28 16:02:47,807 - DEBUG - STREAM b'IDAT' 209 19770
2026-04-28 16:02:47,810 - DEBUG - Starting new HTTPS connection (1): mt0.google.com:443
2026-04-28 16:02:48,277 - DEBUG - https://mt0.google.com:443 "GET /vt/lyrs=m&hl=es&x=36758&y=68483&z=17 HTTP/1.1" 200 15880
2026-04-28 16:02:48,294 - DEBUG - STREAM b'IHDR' 16 13
2026-04-28 16:02:48,294 - DEBUG - STREAM b'pHYs' 41 9
2026-04-28 16:02:48,294 - DEBUG - STREAM b'PLTE' 62 195
2026-04-28 16:02:48,294 - DEBUG - STREAM b'IDAT' 269 15595
2026-04-28 16:02:48,296 - DEBUG - Starting new HTTPS connection (1): mt0.google.com:443
2026-04-28 16:02:48,753 - DEBUG - https://mt0.google.com:443 "GET /vt/lyrs=m&hl=es&x=36759&y=68491&z=17 HTTP/1.1" 200 16992
2026-04-28 16:02:48,769 - DEBUG - STREAM b'IHDR' 16 13
2026-04-28 16:02:48,769 - DEBUG - STREAM b'pHYs' 41 9
2026-04-28 16:02:48,769 - DEBUG - STREAM b'PLTE' 62 120
2026-04-28 16:02:48,769 - DEBUG - STREAM b'IDAT' 194 16782
2026-04-28 16:02:48,771 - DEBUG - Starting new HTTPS connection (1): mt0.google.com:443
2026-04-28 16:02:49,091 - DEBUG - Starting new HTTPS connection (1): mt0.google.com:443
2026-04-28 16:02:49,092 - DEBUG - Starting new HTTPS connection (1): mt0.google.com:443
2026-04-28 16:02:49,092 - DEBUG - Starting new HTTPS connection (1): mt0.google.com:443
2026-04-28 16:02:49,103 - DEBUG - Starting new HTTPS connection (1): mt0.google.com:443
2026-04-28 16:02:49,103 - DEBUG - Starting new HTTPS connection (1): mt0.google.com:443
2026-04-28 16:02:49,104 - DEBUG - Starting new HTTPS connection (1): mt0.google.com:443
2026-04-28 16:02:49,104 - DEBUG - Starting new HTTPS connection (1): mt0.google.com:443
2026-04-28 16:02:49,104 - DEBUG - Starting new HTTPS connection (1): mt0.google.com:443
2026-04-28 16:02:49,104 - DEBUG - Starting new HTTPS connection (1): mt0.google.com:443
2026-04-28 16:02:49,297 - DEBUG - https://mt0.google.com:443 "GET /vt/lyrs=m&hl=es&x=36759&y=68483&z=17 HTTP/1.1" 200 18763
2026-04-28 16:02:49,344 - DEBUG - STREAM b'IHDR' 16 13
2026-04-28 16:02:49,345 - DEBUG - STREAM b'pHYs' 41 9
2026-04-28 16:02:49,345 - DEBUG - STREAM b'PLTE' 62 177
2026-04-28 16:02:49,345 - DEBUG - STREAM b'IDAT' 251 18496
2026-04-28 16:02:49,347 - DEBUG - Starting new HTTPS connection (1): mt0.google.com:443
2026-04-28 16:02:49,809 - DEBUG - https://mt0.google.com:443 "GET /vt/lyrs=m&hl=es&x=73516&y=136972&z=18 HTTP/1.1" 200 17269
2026-04-28 16:02:49,815 - DEBUG - https://mt0.google.com:443 "GET /vt/lyrs=m&hl=es&x=73515&y=136974&z=18 HTTP/1.1" 200 14814
2026-04-28 16:02:49,815 - DEBUG - https://mt0.google.com:443 "GET /vt/lyrs=m&hl=es&x=73516&y=136973&z=18 HTTP/1.1" 200 14811
2026-04-28 16:02:49,826 - DEBUG - STREAM b'IHDR' 16 13
2026-04-28 16:02:49,828 - DEBUG - STREAM b'pHYs' 41 9
2026-04-28 16:02:49,827 - DEBUG - https://mt0.google.com:443 "GET /vt/lyrs=m&hl=es&x=73515&y=136973&z=18 HTTP/1.1" 200 16782
2026-04-28 16:02:49,828 - DEBUG - https://mt0.google.com:443 "GET /vt/lyrs=m&hl=es&x=73514&y=136974&z=18 HTTP/1.1" 200 13941
2026-04-28 16:02:49,830 - DEBUG - STREAM b'IHDR' 16 13
2026-04-28 16:02:49,830 - DEBUG - STREAM b'PLTE' 62 108
2026-04-28 16:02:49,831 - DEBUG - STREAM b'IHDR' 16 13
2026-04-28 16:02:49,832 - DEBUG - https://mt0.google.com:443 "GET /vt/lyrs=m&hl=es&x=73515&y=136972&z=18 HTTP/1.1" 200 13481
2026-04-28 16:02:49,832 - DEBUG - STREAM b'pHYs' 41 9
2026-04-28 16:02:49,832 - DEBUG - STREAM b'IDAT' 182 17071
2026-04-28 16:02:49,833 - DEBUG - STREAM b'pHYs' 41 9
2026-04-28 16:02:49,833 - DEBUG - STREAM b'PLTE' 62 177
2026-04-28 16:02:49,833 - DEBUG - STREAM b'PLTE' 62 192
2026-04-28 16:02:49,833 - DEBUG - STREAM b'IDAT' 251 14547
2026-04-28 16:02:49,833 - DEBUG - STREAM b'IDAT' 266 14529
2026-04-28 16:02:49,844 - DEBUG - STREAM b'IHDR' 16 13
2026-04-28 16:02:49,844 - DEBUG - STREAM b'IHDR' 16 13
2026-04-28 16:02:49,844 - DEBUG - STREAM b'pHYs' 41 9
2026-04-28 16:02:49,846 - DEBUG - STREAM b'IHDR' 16 13
2026-04-28 16:02:49,846 - DEBUG - STREAM b'pHYs' 41 9
2026-04-28 16:02:49,846 - DEBUG - STREAM b'PLTE' 62 153
2026-04-28 16:02:49,846 - DEBUG - STREAM b'pHYs' 41 9
2026-04-28 16:02:49,846 - DEBUG - STREAM b'PLTE' 62 165
2026-04-28 16:02:49,846 - DEBUG - STREAM b'IDAT' 227 13698
2026-04-28 16:02:49,848 - DEBUG - STREAM b'PLTE' 62 87
2026-04-28 16:02:49,848 - DEBUG - STREAM b'IDAT' 239 16527
2026-04-28 16:02:49,848 - DEBUG - STREAM b'IDAT' 161 13304
2026-04-28 16:02:49,849 - DEBUG - https://mt0.google.com:443 "GET /vt/lyrs=m&hl=es&x=73514&y=136973&z=18 HTTP/1.1" 200 12486
2026-04-28 16:02:49,855 - DEBUG - STREAM b'IHDR' 16 13
2026-04-28 16:02:49,855 - DEBUG - STREAM b'pHYs' 41 9
2026-04-28 16:02:49,855 - DEBUG - STREAM b'PLTE' 62 78
2026-04-28 16:02:49,855 - DEBUG - STREAM b'IDAT' 152 12318
2026-04-28 16:02:49,857 - DEBUG - https://mt0.google.com:443 "GET /vt/lyrs=m&hl=es&x=73516&y=136974&z=18 HTTP/1.1" 200 13509
2026-04-28 16:02:49,874 - DEBUG - STREAM b'IHDR' 16 13
2026-04-28 16:02:49,874 - DEBUG - STREAM b'pHYs' 41 9
2026-04-28 16:02:49,874 - DEBUG - STREAM b'PLTE' 62 120
2026-04-28 16:02:49,874 - DEBUG - STREAM b'IDAT' 194 13299
2026-04-28 16:02:49,921 - DEBUG - https://mt0.google.com:443 "GET /vt/lyrs=m&hl=es&x=73514&y=136972&z=18 HTTP/1.1" 200 13703
2026-04-28 16:02:49,925 - DEBUG - https://mt0.google.com:443 "GET /vt/lyrs=m&hl=es&x=36760&y=136977&z=17 HTTP/1.1" 400 1555
2026-04-28 16:02:49,931 - DEBUG - Starting new HTTPS connection (1): mt0.google.com:443
2026-04-28 16:02:49,934 - DEBUG - STREAM b'IHDR' 16 13
2026-04-28 16:02:49,934 - DEBUG - STREAM b'pHYs' 41 9
2026-04-28 16:02:49,934 - DEBUG - STREAM b'PLTE' 62 159
2026-04-28 16:02:49,934 - DEBUG - STREAM b'IDAT' 233 13454
2026-04-28 16:02:50,377 - DEBUG - https://mt0.google.com:443 "GET /vt/lyrs=m&hl=es&x=36760&y=136969&z=17 HTTP/1.1" 400 1555
2026-04-28 16:02:50,386 - DEBUG - Starting new HTTPS connection (1): mt0.google.com:443
2026-04-28 16:02:50,604 - DEBUG - Starting new HTTPS connection (1): mt0.google.com:443
2026-04-28 16:02:50,605 - DEBUG - Starting new HTTPS connection (1): mt0.google.com:443
2026-04-28 16:02:50,605 - DEBUG - Starting new HTTPS connection (1): mt0.google.com:443
2026-04-28 16:02:50,605 - DEBUG - Starting new HTTPS connection (1): mt0.google.com:443
2026-04-28 16:02:50,609 - DEBUG - Starting new HTTPS connection (1): mt0.google.com:443
2026-04-28 16:02:50,610 - DEBUG - Starting new HTTPS connection (1): mt0.google.com:443
2026-04-28 16:02:50,619 - DEBUG - Starting new HTTPS connection (1): mt0.google.com:443
2026-04-28 16:02:50,619 - DEBUG - Starting new HTTPS connection (1): mt0.google.com:443
2026-04-28 16:02:50,767 - DEBUG - Starting new HTTPS connection (1): mt0.google.com:443
2026-04-28 16:02:50,768 - DEBUG - Starting new HTTPS connection (1): mt0.google.com:443
2026-04-28 16:02:50,778 - DEBUG - Starting new HTTPS connection (1): mt0.google.com:443
2026-04-28 16:02:50,780 - DEBUG - Starting new HTTPS connection (1): mt0.google.com:443
2026-04-28 16:02:50,781 - DEBUG - Starting new HTTPS connection (1): mt0.google.com:443
2026-04-28 16:02:50,785 - DEBUG - Starting new HTTPS connection (1): mt0.google.com:443
2026-04-28 16:02:50,787 - DEBUG - Starting new HTTPS connection (1): mt0.google.com:443
2026-04-28 16:02:50,787 - DEBUG - Starting new HTTPS connection (1): mt0.google.com:443
2026-04-28 16:02:50,797 - DEBUG - Starting new HTTPS connection (1): mt0.google.com:443
2026-04-28 16:02:50,995 - DEBUG - https://mt0.google.com:443 "GET /vt/lyrs=m&hl=es&x=36761&y=136977&z=17 HTTP/1.1" 400 1555
2026-04-28 16:02:50,999 - DEBUG - Starting new HTTPS connection (1): mt0.google.com:443
2026-04-28 16:02:51,219 - DEBUG - Starting new HTTPS connection (1): mt0.google.com:443
2026-04-28 16:02:51,243 - DEBUG - Starting new HTTPS connection (1): mt0.google.com:443
2026-04-28 16:02:51,266 - DEBUG - Starting new HTTPS connection (1): mt0.google.com:443
2026-04-28 16:02:51,267 - DEBUG - Starting new HTTPS connection (1): mt0.google.com:443
2026-04-28 16:02:51,271 - DEBUG - Starting new HTTPS connection (1): mt0.google.com:443
2026-04-28 16:02:51,272 - DEBUG - Starting new HTTPS connection (1): mt0.google.com:443
2026-04-28 16:02:51,278 - DEBUG - Starting new HTTPS connection (1): mt0.google.com:443
2026-04-28 16:02:51,307 - DEBUG - Starting new HTTPS connection (1): mt0.google.com:443
2026-04-28 16:02:51,499 - DEBUG - https://mt0.google.com:443 "GET /vt/lyrs=m&hl=es&x=147029&y=273947&z=19 HTTP/1.1" 200 9090
2026-04-28 16:02:51,508 - DEBUG - STREAM b'IHDR' 16 13
2026-04-28 16:02:51,508 - DEBUG - STREAM b'pHYs' 41 9
2026-04-28 16:02:51,508 - DEBUG - STREAM b'PLTE' 62 75
2026-04-28 16:02:51,508 - DEBUG - STREAM b'IDAT' 149 8925
2026-04-28 16:02:51,516 - DEBUG - https://mt0.google.com:443 "GET /vt/lyrs=m&hl=es&x=147029&y=273946&z=19 HTTP/1.1" 200 9129
2026-04-28 16:02:51,524 - DEBUG - STREAM b'IHDR' 16 13
2026-04-28 16:02:51,524 - DEBUG - STREAM b'pHYs' 41 9
2026-04-28 16:02:51,524 - DEBUG - STREAM b'PLTE' 62 117
2026-04-28 16:02:51,524 - DEBUG - STREAM b'IDAT' 191 8922
2026-04-28 16:02:51,532 - DEBUG - https://mt0.google.com:443 "GET /vt/lyrs=m&hl=es&x=147028&y=273948&z=19 HTTP/1.1" 200 8641
2026-04-28 16:02:51,540 - DEBUG - STREAM b'IHDR' 16 13
2026-04-28 16:02:51,542 - DEBUG - STREAM b'pHYs' 41 9
2026-04-28 16:02:51,542 - DEBUG - STREAM b'PLTE' 62 159
2026-04-28 16:02:51,542 - DEBUG - STREAM b'IDAT' 233 8392
2026-04-28 16:02:51,556 - DEBUG - https://mt0.google.com:443 "GET /vt/lyrs=m&hl=es&x=147030&y=273946&z=19 HTTP/1.1" 200 10239
2026-04-28 16:02:51,572 - DEBUG - STREAM b'IHDR' 16 13
2026-04-28 16:02:51,572 - DEBUG - STREAM b'pHYs' 41 9
2026-04-28 16:02:51,572 - DEBUG - STREAM b'PLTE' 62 126
2026-04-28 16:02:51,572 - DEBUG - STREAM b'IDAT' 200 10023
2026-04-28 16:02:51,729 - DEBUG - https://mt0.google.com:443 "GET /vt/lyrs=m&hl=es&x=588118&y=1095789&z=21 HTTP/1.1" 200 3174
2026-04-28 16:02:51,731 - DEBUG - STREAM b'IHDR' 16 13
2026-04-28 16:02:51,731 - DEBUG - STREAM b'pHYs' 41 9
2026-04-28 16:02:51,731 - DEBUG - STREAM b'PLTE' 62 54
2026-04-28 16:02:51,731 - DEBUG - STREAM b'IDAT' 128 3030
2026-04-28 16:02:51,774 - DEBUG - https://mt0.google.com:443 "GET /vt/lyrs=m&hl=es&x=588118&y=1095788&z=21 HTTP/1.1" 200 3303
2026-04-28 16:02:51,776 - DEBUG - STREAM b'IHDR' 16 13
2026-04-28 16:02:51,777 - DEBUG - STREAM b'pHYs' 41 9
2026-04-28 16:02:51,777 - DEBUG - STREAM b'PLTE' 62 42
2026-04-28 16:02:51,778 - DEBUG - STREAM b'IDAT' 116 3171
2026-04-28 16:02:51,810 - DEBUG - https://mt0.google.com:443 "GET /vt/lyrs=m&hl=es&x=588117&y=1095788&z=21 HTTP/1.1" 200 2004
2026-04-28 16:02:51,813 - DEBUG - STREAM b'IHDR' 16 13
2026-04-28 16:02:51,813 - DEBUG - STREAM b'pHYs' 41 9
2026-04-28 16:02:51,813 - DEBUG - STREAM b'PLTE' 62 24
2026-04-28 16:02:51,813 - DEBUG - STREAM b'IDAT' 98 1890
2026-04-28 16:02:51,825 - DEBUG - https://mt0.google.com:443 "GET /vt/lyrs=m&hl=es&x=147029&y=273948&z=19 HTTP/1.1" 200 7598
2026-04-28 16:02:51,825 - DEBUG - https://mt0.google.com:443 "GET /vt/lyrs=m&hl=es&x=147030&y=273947&z=19 HTTP/1.1" 200 6152
2026-04-28 16:02:51,833 - DEBUG - STREAM b'IHDR' 16 13
2026-04-28 16:02:51,833 - DEBUG - STREAM b'pHYs' 41 9
2026-04-28 16:02:51,833 - DEBUG - https://mt0.google.com:443 "GET /vt/lyrs=m&hl=es&x=147028&y=273947&z=19 HTTP/1.1" 200 7080
2026-04-28 16:02:51,833 - DEBUG - STREAM b'PLTE' 62 42
2026-04-28 16:02:51,836 - DEBUG - STREAM b'IDAT' 116 6020
2026-04-28 16:02:51,835 - DEBUG - STREAM b'IHDR' 16 13
2026-04-28 16:02:51,836 - DEBUG - STREAM b'pHYs' 41 9
2026-04-28 16:02:51,838 - DEBUG - STREAM b'IHDR' 16 13
2026-04-28 16:02:51,838 - DEBUG - STREAM b'PLTE' 62 111
2026-04-28 16:02:51,838 - DEBUG - STREAM b'pHYs' 41 9
2026-04-28 16:02:51,838 - DEBUG - STREAM b'IDAT' 185 7397
2026-04-28 16:02:51,838 - DEBUG - STREAM b'PLTE' 62 69
2026-04-28 16:02:51,838 - DEBUG - STREAM b'IDAT' 143 6921
2026-04-28 16:02:51,842 - DEBUG - https://mt0.google.com:443 "GET /vt/lyrs=m&hl=es&x=588117&y=1095787&z=21 HTTP/1.1" 200 1594
2026-04-28 16:02:51,842 - DEBUG - https://mt0.google.com:443 "GET /vt/lyrs=m&hl=es&x=147028&y=273946&z=19 HTTP/1.1" 200 10651
2026-04-28 16:02:51,844 - DEBUG - STREAM b'IHDR' 16 13
2026-04-28 16:02:51,844 - DEBUG - STREAM b'pHYs' 41 9
2026-04-28 16:02:51,846 - DEBUG - STREAM b'PLTE' 62 27
2026-04-28 16:02:51,846 - DEBUG - STREAM b'IDAT' 101 1477
2026-04-28 16:02:51,852 - DEBUG - STREAM b'IHDR' 16 13
2026-04-28 16:02:51,852 - DEBUG - STREAM b'pHYs' 41 9
2026-04-28 16:02:51,852 - DEBUG - STREAM b'PLTE' 62 159
2026-04-28 16:02:51,852 - DEBUG - STREAM b'IDAT' 233 10402
2026-04-28 16:02:51,970 - DEBUG - https://mt0.google.com:443 "GET /vt/lyrs=m&hl=es&x=588116&y=1095788&z=21 HTTP/1.1" 200 3310
2026-04-28 16:02:51,973 - DEBUG - STREAM b'IHDR' 16 13
2026-04-28 16:02:51,973 - DEBUG - STREAM b'pHYs' 41 9
2026-04-28 16:02:51,973 - DEBUG - STREAM b'PLTE' 62 51
2026-04-28 16:02:51,973 - DEBUG - STREAM b'IDAT' 125 3169
2026-04-28 16:02:51,979 - DEBUG - https://mt0.google.com:443 "GET /vt/lyrs=m&hl=es&x=588117&y=1095789&z=21 HTTP/1.1" 200 2782
2026-04-28 16:02:51,981 - DEBUG - STREAM b'IHDR' 16 13
2026-04-28 16:02:51,981 - DEBUG - STREAM b'pHYs' 41 9
2026-04-28 16:02:51,982 - DEBUG - STREAM b'PLTE' 62 30
2026-04-28 16:02:51,982 - DEBUG - STREAM b'IDAT' 104 2662
2026-04-28 16:02:52,014 - DEBUG - https://mt0.google.com:443 "GET /vt/lyrs=m&hl=es&x=588116&y=1095789&z=21 HTTP/1.1" 200 2325
2026-04-28 16:02:52,017 - DEBUG - STREAM b'IHDR' 16 13
2026-04-28 16:02:52,017 - DEBUG - https://mt0.google.com:443 "GET /vt/lyrs=m&hl=es&x=588116&y=1095787&z=21 HTTP/1.1" 200 1275
2026-04-28 16:02:52,017 - DEBUG - https://mt0.google.com:443 "GET /vt/lyrs=m&hl=es&x=588118&y=1095787&z=21 HTTP/1.1" 200 3762
2026-04-28 16:02:52,017 - DEBUG - STREAM b'pHYs' 41 9
2026-04-28 16:02:52,020 - DEBUG - STREAM b'IHDR' 16 13
2026-04-28 16:02:52,020 - DEBUG - STREAM b'PLTE' 62 24
2026-04-28 16:02:52,020 - DEBUG - STREAM b'pHYs' 41 9
2026-04-28 16:02:52,023 - DEBUG - STREAM b'IHDR' 16 13
2026-04-28 16:02:52,023 - DEBUG - STREAM b'IDAT' 98 2211
2026-04-28 16:02:52,023 - DEBUG - STREAM b'PLTE' 62 30
2026-04-28 16:02:52,023 - DEBUG - STREAM b'pHYs' 41 9
2026-04-28 16:02:52,023 - DEBUG - STREAM b'IDAT' 104 1155
2026-04-28 16:02:52,023 - DEBUG - STREAM b'PLTE' 62 48
2026-04-28 16:02:52,023 - DEBUG - STREAM b'IDAT' 122 3624
2026-04-28 16:02:52,074 - DEBUG - https://mt0.google.com:443 "GET /vt/lyrs=m&hl=es&x=36761&y=1095784&z=17 HTTP/1.1" 400 1555
2026-04-28 16:02:52,077 - DEBUG - Starting new HTTPS connection (1): mt0.google.com:443
2026-04-28 16:02:52,114 - DEBUG - https://mt0.google.com:443 "GET /vt/lyrs=m&hl=es&x=147029&y=273948&z=19 HTTP/1.1" 200 7598
2026-04-28 16:02:52,115 - DEBUG - https://mt0.google.com:443 "GET /vt/lyrs=m&hl=es&x=147028&y=273947&z=19 HTTP/1.1" 200 7080
2026-04-28 16:02:52,115 - DEBUG - https://mt0.google.com:443 "GET /vt/lyrs=m&hl=es&x=147028&y=273948&z=19 HTTP/1.1" 200 8641
2026-04-28 16:02:52,121 - DEBUG - STREAM b'IHDR' 16 13
2026-04-28 16:02:52,121 - DEBUG - STREAM b'pHYs' 41 9
2026-04-28 16:02:52,121 - DEBUG - STREAM b'PLTE' 62 69
2026-04-28 16:02:52,121 - DEBUG - STREAM b'IDAT' 143 6921
2026-04-28 16:02:52,122 - DEBUG - STREAM b'IHDR' 16 13
2026-04-28 16:02:52,122 - DEBUG - STREAM b'pHYs' 41 9
2026-04-28 16:02:52,122 - DEBUG - STREAM b'PLTE' 62 111
2026-04-28 16:02:52,122 - DEBUG - STREAM b'IDAT' 185 7397
2026-04-28 16:02:52,124 - DEBUG - STREAM b'IHDR' 16 13
2026-04-28 16:02:52,124 - DEBUG - STREAM b'pHYs' 41 9
2026-04-28 16:02:52,124 - DEBUG - STREAM b'PLTE' 62 159
2026-04-28 16:02:52,124 - DEBUG - STREAM b'IDAT' 233 8392
2026-04-28 16:02:52,157 - DEBUG - https://mt0.google.com:443 "GET /vt/lyrs=m&hl=es&x=147030&y=273948&z=19 HTTP/1.1" 200 11515
2026-04-28 16:02:52,169 - DEBUG - STREAM b'IHDR' 16 13
2026-04-28 16:02:52,170 - DEBUG - STREAM b'pHYs' 41 9
2026-04-28 16:02:52,170 - DEBUG - STREAM b'PLTE' 62 192
2026-04-28 16:02:52,170 - DEBUG - https://mt0.google.com:443 "GET /vt/lyrs=m&hl=es&x=147030&y=273947&z=19 HTTP/1.1" 200 6152
2026-04-28 16:02:52,170 - DEBUG - STREAM b'IDAT' 266 11233
2026-04-28 16:02:52,172 - DEBUG - https://mt0.google.com:443 "GET /vt/lyrs=m&hl=es&x=147030&y=273946&z=19 HTTP/1.1" 200 10239
2026-04-28 16:02:52,172 - DEBUG - https://mt0.google.com:443 "GET /vt/lyrs=m&hl=es&x=147029&y=273947&z=19 HTTP/1.1" 200 9090
2026-04-28 16:02:52,175 - DEBUG - STREAM b'IHDR' 16 13
2026-04-28 16:02:52,175 - DEBUG - STREAM b'pHYs' 41 9
2026-04-28 16:02:52,175 - DEBUG - STREAM b'PLTE' 62 42
2026-04-28 16:02:52,175 - DEBUG - STREAM b'IDAT' 116 6020
2026-04-28 16:02:52,181 - DEBUG - https://mt0.google.com:443 "GET /vt/lyrs=m&hl=es&x=147029&y=273946&z=19 HTTP/1.1" 200 9129
2026-04-28 16:02:52,184 - DEBUG - STREAM b'IHDR' 16 13
2026-04-28 16:02:52,186 - DEBUG - STREAM b'pHYs' 41 9
2026-04-28 16:02:52,188 - DEBUG - STREAM b'IHDR' 16 13
2026-04-28 16:02:52,188 - DEBUG - STREAM b'PLTE' 62 126
2026-04-28 16:02:52,188 - DEBUG - STREAM b'pHYs' 41 9
2026-04-28 16:02:52,188 - DEBUG - STREAM b'IDAT' 200 10023
2026-04-28 16:02:52,188 - DEBUG - STREAM b'PLTE' 62 75
2026-04-28 16:02:52,192 - DEBUG - STREAM b'IHDR' 16 13
2026-04-28 16:02:52,192 - DEBUG - STREAM b'IDAT' 149 8925
2026-04-28 16:02:52,192 - DEBUG - STREAM b'pHYs' 41 9
2026-04-28 16:02:52,192 - DEBUG - STREAM b'PLTE' 62 117
2026-04-28 16:02:52,192 - DEBUG - STREAM b'IDAT' 191 8922
2026-04-28 16:02:52,498 - DEBUG - https://mt0.google.com:443 "GET /vt/lyrs=m&hl=es&x=73519&y=136970&z=17 HTTP/1.1" 400 1555
2026-04-28 16:02:52,501 - DEBUG - Starting new HTTPS connection (1): mt0.google.com:443
2026-04-28 16:02:52,975 - DEBUG - https://mt0.google.com:443 "GET /vt/lyrs=m&hl=es&x=73511&y=136970&z=17 HTTP/1.1" 400 1555
2026-04-28 16:02:52,984 - DEBUG - Starting new HTTPS connection (1): mt0.google.com:443
2026-04-28 16:02:53,418 - DEBUG - https://mt0.google.com:443 "GET /vt/lyrs=m&hl=es&x=73519&y=136971&z=17 HTTP/1.1" 400 1555
2026-04-28 16:02:53,436 - DEBUG - Starting new HTTPS connection (1): mt0.google.com:443
2026-04-28 16:02:53,886 - DEBUG - https://mt0.google.com:443 "GET /vt/lyrs=m&hl=es&x=73511&y=136971&z=17 HTTP/1.1" 400 1555
2026-04-28 16:02:53,906 - DEBUG - Starting new HTTPS connection (1): mt0.google.com:443
2026-04-28 16:02:54,353 - DEBUG - https://mt0.google.com:443 "GET /vt/lyrs=m&hl=es&x=73519&y=136972&z=17 HTTP/1.1" 400 1555
2026-04-28 16:02:54,365 - DEBUG - Starting new HTTPS connection (1): mt0.google.com:443
2026-04-28 16:02:54,807 - DEBUG - https://mt0.google.com:443 "GET /vt/lyrs=m&hl=es&x=73511&y=136972&z=17 HTTP/1.1" 400 1555
2026-04-28 16:02:54,812 - DEBUG - Starting new HTTPS connection (1): mt0.google.com:443
2026-04-28 16:02:55,254 - DEBUG - https://mt0.google.com:443 "GET /vt/lyrs=m&hl=es&x=73519&y=136973&z=17 HTTP/1.1" 400 1555
2026-04-28 16:02:55,261 - DEBUG - Starting new HTTPS connection (1): mt0.google.com:443
2026-04-28 16:02:55,685 - DEBUG - https://mt0.google.com:443 "GET /vt/lyrs=m&hl=es&x=73511&y=136973&z=17 HTTP/1.1" 400 1555
2026-04-28 16:02:55,688 - DEBUG - Starting new HTTPS connection (1): mt0.google.com:443
2026-04-28 16:02:56,132 - DEBUG - https://mt0.google.com:443 "GET /vt/lyrs=m&hl=es&x=73519&y=136974&z=17 HTTP/1.1" 400 1555
2026-04-28 16:02:56,140 - DEBUG - Starting new HTTPS connection (1): mt0.google.com:443
2026-04-28 16:02:56,570 - DEBUG - https://mt0.google.com:443 "GET /vt/lyrs=m&hl=es&x=73511&y=136974&z=17 HTTP/1.1" 400 1555
2026-04-28 16:02:56,574 - DEBUG - Starting new HTTPS connection (1): mt0.google.com:443
2026-04-28 16:02:57,020 - DEBUG - https://mt0.google.com:443 "GET /vt/lyrs=m&hl=es&x=73519&y=136975&z=17 HTTP/1.1" 400 1555
2026-04-28 16:02:57,025 - DEBUG - Starting new HTTPS connection (1): mt0.google.com:443
2026-04-28 16:02:57,441 - DEBUG - https://mt0.google.com:443 "GET /vt/lyrs=m&hl=es&x=73511&y=136975&z=17 HTTP/1.1" 400 1555
2026-04-28 16:02:57,459 - DEBUG - Starting new HTTPS connection (1): mt0.google.com:443
2026-04-28 16:02:57,907 - DEBUG - https://mt0.google.com:443 "GET /vt/lyrs=m&hl=es&x=73519&y=136976&z=17 HTTP/1.1" 400 1555
2026-04-28 16:02:57,912 - DEBUG - Starting new HTTPS connection (1): mt0.google.com:443
2026-04-28 16:02:58,340 - DEBUG - https://mt0.google.com:443 "GET /vt/lyrs=m&hl=es&x=73511&y=136976&z=17 HTTP/1.1" 400 1555
2026-04-28 16:02:58,344 - DEBUG - Starting new HTTPS connection (1): mt0.google.com:443
2026-04-28 16:02:58,774 - DEBUG - https://mt0.google.com:443 "GET /vt/lyrs=m&hl=es&x=73519&y=136977&z=17 HTTP/1.1" 400 1555
2026-04-28 16:02:58,778 - DEBUG - Starting new HTTPS connection (1): mt0.google.com:443
2026-04-28 16:02:59,259 - DEBUG - https://mt0.google.com:443 "GET /vt/lyrs=m&hl=es&x=73511&y=136977&z=17 HTTP/1.1" 400 1555
2026-04-28 16:02:59,263 - DEBUG - Starting new HTTPS connection (1): mt0.google.com:443
2026-04-28 16:02:59,705 - DEBUG - https://mt0.google.com:443 "GET /vt/lyrs=m&hl=es&x=73519&y=136978&z=17 HTTP/1.1" 400 1555
2026-04-28 16:02:59,713 - DEBUG - Starting new HTTPS connection (1): mt0.google.com:443
2026-04-28 16:03:00,072 - INFO - ✅ Mapa actualizado: 419 clientes
2026-04-28 16:03:00,164 - DEBUG - https://mt0.google.com:443 "GET /vt/lyrs=m&hl=es&x=73511&y=136978&z=17 HTTP/1.1" 400 1555
2026-04-28 16:03:00,167 - DEBUG - Starting new HTTPS connection (1): mt0.google.com:443
2026-04-28 16:03:00,654 - DEBUG - https://mt0.google.com:443 "GET /vt/lyrs=m&hl=es&x=73514&y=136975&z=18 HTTP/1.1" 200 14727
2026-04-28 16:03:00,667 - DEBUG - STREAM b'IHDR' 16 13
2026-04-28 16:03:00,668 - DEBUG - STREAM b'pHYs' 41 9
2026-04-28 16:03:00,668 - DEBUG - STREAM b'PLTE' 62 198
2026-04-28 16:03:00,668 - DEBUG - STREAM b'IDAT' 272 14439
2026-04-28 16:03:00,670 - DEBUG - Starting new HTTPS connection (1): mt0.google.com:443
2026-04-28 16:03:01,192 - DEBUG - https://mt0.google.com:443 "GET /vt/lyrs=m&hl=es&x=73515&y=136975&z=18 HTTP/1.1" 200 13489
2026-04-28 16:03:01,210 - DEBUG - STREAM b'IHDR' 16 13
2026-04-28 16:03:01,210 - DEBUG - STREAM b'pHYs' 41 9
2026-04-28 16:03:01,210 - DEBUG - STREAM b'PLTE' 62 129
2026-04-28 16:03:01,210 - DEBUG - STREAM b'IDAT' 203 13270
2026-04-28 16:03:01,212 - DEBUG - Starting new HTTPS connection (1): mt0.google.com:443
2026-04-28 16:03:01,693 - DEBUG - https://mt0.google.com:443 "GET /vt/lyrs=m&hl=es&x=73516&y=136975&z=18 HTTP/1.1" 200 16064
2026-04-28 16:03:01,711 - DEBUG - STREAM b'IHDR' 16 13
2026-04-28 16:03:01,712 - DEBUG - STREAM b'pHYs' 41 9
2026-04-28 16:03:01,712 - DEBUG - STREAM b'PLTE' 62 216
2026-04-28 16:03:01,712 - DEBUG - STREAM b'IDAT' 290 15758
2026-04-28 16:03:01,714 - DEBUG - Starting new HTTPS connection (1): mt0.google.com:443
2026-04-28 16:03:02,169 - DEBUG - https://mt0.google.com:443 "GET /vt/lyrs=m&hl=es&x=73513&y=136976&z=18 HTTP/1.1" 200 15359
2026-04-28 16:03:02,185 - DEBUG - STREAM b'IHDR' 16 13
2026-04-28 16:03:02,185 - DEBUG - STREAM b'pHYs' 41 9
2026-04-28 16:03:02,185 - DEBUG - STREAM b'PLTE' 62 186
2026-04-28 16:03:02,185 - DEBUG - STREAM b'IDAT' 260 15083
2026-04-28 16:03:02,187 - DEBUG - Starting new HTTPS connection (1): mt0.google.com:443
2026-04-28 16:03:02,659 - DEBUG - https://mt0.google.com:443 "GET /vt/lyrs=m&hl=es&x=73513&y=136972&z=18 HTTP/1.1" 200 14729
2026-04-28 16:03:02,673 - DEBUG - STREAM b'IHDR' 16 13
2026-04-28 16:03:02,673 - DEBUG - STREAM b'pHYs' 41 9
2026-04-28 16:03:02,674 - DEBUG - STREAM b'PLTE' 62 102
2026-04-28 16:03:02,674 - DEBUG - STREAM b'IDAT' 176 14537
2026-04-28 16:03:02,677 - DEBUG - Starting new HTTPS connection (1): mt0.google.com:443
2026-04-28 16:03:03,460 - DEBUG - https://mt0.google.com:443 "GET /vt/lyrs=m&hl=es&x=73514&y=136976&z=18 HTTP/1.1" 200 14779
2026-04-28 16:03:03,462 - DEBUG - STREAM b'IHDR' 16 13
2026-04-28 16:03:03,462 - DEBUG - STREAM b'pHYs' 41 9
2026-04-28 16:03:03,462 - DEBUG - STREAM b'PLTE' 62 129
2026-04-28 16:03:03,462 - DEBUG - STREAM b'IDAT' 203 14560
2026-04-28 16:03:03,466 - DEBUG - Starting new HTTPS connection (1): mt0.google.com:443
2026-04-28 16:03:04,165 - DEBUG - https://mt0.google.com:443 "GET /vt/lyrs=m&hl=es&x=73515&y=136976&z=18 HTTP/1.1" 200 12460
2026-04-28 16:03:04,180 - DEBUG - STREAM b'IHDR' 16 13
2026-04-28 16:03:04,180 - DEBUG - STREAM b'pHYs' 41 9
2026-04-28 16:03:04,180 - DEBUG - STREAM b'PLTE' 62 135
2026-04-28 16:03:04,181 - DEBUG - STREAM b'IDAT' 209 12235
2026-04-28 16:03:04,184 - DEBUG - Starting new HTTPS connection (1): mt0.google.com:443
2026-04-28 16:03:04,937 - DEBUG - https://mt0.google.com:443 "GET /vt/lyrs=m&hl=es&x=73516&y=136976&z=18 HTTP/1.1" 200 13557
2026-04-28 16:03:04,948 - DEBUG - STREAM b'IHDR' 16 13
2026-04-28 16:03:04,948 - DEBUG - STREAM b'pHYs' 41 9
2026-04-28 16:03:04,948 - DEBUG - STREAM b'PLTE' 62 144
2026-04-28 16:03:04,948 - DEBUG - STREAM b'IDAT' 218 13323
2026-04-28 16:03:04,951 - DEBUG - Starting new HTTPS connection (1): mt0.google.com:443
2026-04-28 16:03:05,811 - DEBUG - https://mt0.google.com:443 "GET /vt/lyrs=m&hl=es&x=73517&y=136976&z=18 HTTP/1.1" 200 14916
2026-04-28 16:03:05,814 - DEBUG - STREAM b'IHDR' 16 13
2026-04-28 16:03:05,814 - DEBUG - STREAM b'pHYs' 41 9
2026-04-28 16:03:05,814 - DEBUG - STREAM b'PLTE' 62 207
2026-04-28 16:03:05,814 - DEBUG - STREAM b'IDAT' 281 14619
2026-04-28 16:03:05,819 - DEBUG - Starting new HTTPS connection (1): mt0.google.com:443
2026-04-28 16:03:06,615 - DEBUG - https://mt0.google.com:443 "GET /vt/lyrs=m&hl=es&x=73517&y=136972&z=18 HTTP/1.1" 200 15766
2026-04-28 16:03:06,626 - DEBUG - STREAM b'IHDR' 16 13
2026-04-28 16:03:06,627 - DEBUG - STREAM b'pHYs' 41 9
2026-04-28 16:03:06,627 - DEBUG - STREAM b'PLTE' 62 162
2026-04-28 16:03:06,627 - DEBUG - STREAM b'IDAT' 236 15514
2026-04-28 16:03:06,629 - DEBUG - Starting new HTTPS connection (1): mt0.google.com:443
2026-04-28 16:03:07,562 - DEBUG - https://mt0.google.com:443 "GET /vt/lyrs=m&hl=es&x=73517&y=136973&z=18 HTTP/1.1" 200 15886
2026-04-28 16:03:07,564 - DEBUG - STREAM b'IHDR' 16 13
2026-04-28 16:03:07,564 - DEBUG - STREAM b'pHYs' 41 9
2026-04-28 16:03:07,564 - DEBUG - STREAM b'PLTE' 62 192
2026-04-28 16:03:07,564 - DEBUG - STREAM b'IDAT' 266 15604
2026-04-28 16:03:07,568 - DEBUG - Starting new HTTPS connection (1): mt0.google.com:443
2026-04-28 16:03:08,333 - DEBUG - https://mt0.google.com:443 "GET /vt/lyrs=m&hl=es&x=73513&y=136973&z=18 HTTP/1.1" 200 12979
2026-04-28 16:03:08,368 - DEBUG - STREAM b'IHDR' 16 13
2026-04-28 16:03:08,368 - DEBUG - STREAM b'pHYs' 41 9
2026-04-28 16:03:08,368 - DEBUG - STREAM b'PLTE' 62 132
2026-04-28 16:03:08,369 - DEBUG - STREAM b'IDAT' 206 12757
2026-04-28 16:03:08,371 - DEBUG - Starting new HTTPS connection (1): mt0.google.com:443
2026-04-28 16:03:09,047 - DEBUG - https://mt0.google.com:443 "GET /vt/lyrs=m&hl=es&x=73517&y=136974&z=18 HTTP/1.1" 200 15741
2026-04-28 16:03:09,067 - DEBUG - STREAM b'IHDR' 16 13
2026-04-28 16:03:09,068 - DEBUG - STREAM b'pHYs' 41 9
2026-04-28 16:03:09,068 - DEBUG - STREAM b'PLTE' 62 141
2026-04-28 16:03:09,068 - DEBUG - STREAM b'IDAT' 215 15510
2026-04-28 16:03:09,071 - DEBUG - Starting new HTTPS connection (1): mt0.google.com:443
2026-04-28 16:03:09,730 - DEBUG - https://mt0.google.com:443 "GET /vt/lyrs=m&hl=es&x=73513&y=136974&z=18 HTTP/1.1" 200 14365
2026-04-28 16:03:09,743 - DEBUG - STREAM b'IHDR' 16 13
2026-04-28 16:03:09,744 - DEBUG - STREAM b'pHYs' 41 9
2026-04-28 16:03:09,744 - DEBUG - STREAM b'PLTE' 62 171
2026-04-28 16:03:09,744 - DEBUG - STREAM b'IDAT' 245 14104
2026-04-28 16:03:09,747 - DEBUG - Starting new HTTPS connection (1): mt0.google.com:443
2026-04-28 16:03:10,457 - DEBUG - https://mt0.google.com:443 "GET /vt/lyrs=m&hl=es&x=73517&y=136975&z=18 HTTP/1.1" 200 16159
2026-04-28 16:03:10,474 - DEBUG - STREAM b'IHDR' 16 13
2026-04-28 16:03:10,474 - DEBUG - STREAM b'pHYs' 41 9
2026-04-28 16:03:10,474 - DEBUG - STREAM b'PLTE' 62 159
2026-04-28 16:03:10,474 - DEBUG - STREAM b'IDAT' 233 15910
2026-04-28 16:03:10,478 - DEBUG - Starting new HTTPS connection (1): mt0.google.com:443
2026-04-28 16:03:11,178 - DEBUG - https://mt0.google.com:443 "GET /vt/lyrs=m&hl=es&x=73513&y=136975&z=18 HTTP/1.1" 200 16114
2026-04-28 16:03:11,195 - DEBUG - STREAM b'IHDR' 16 13
2026-04-28 16:03:11,195 - DEBUG - STREAM b'pHYs' 41 9
2026-04-28 16:03:11,195 - DEBUG - STREAM b'PLTE' 62 234
2026-04-28 16:03:11,195 - DEBUG - STREAM b'IDAT' 308 15790
2026-04-28 16:03:11,200 - DEBUG - Starting new HTTPS connection (1): mt0.google.com:443
2026-04-28 16:03:11,903 - DEBUG - https://mt0.google.com:443 "GET /vt/lyrs=m&hl=es&x=73512&y=136977&z=18 HTTP/1.1" 200 14743
2026-04-28 16:03:11,962 - DEBUG - STREAM b'IHDR' 16 13
2026-04-28 16:03:11,964 - DEBUG - STREAM b'pHYs' 41 9
2026-04-28 16:03:11,964 - DEBUG - STREAM b'PLTE' 62 84
2026-04-28 16:03:11,964 - DEBUG - STREAM b'IDAT' 158 14569
2026-04-28 16:03:11,969 - DEBUG - Starting new HTTPS connection (1): mt0.google.com:443
2026-04-28 16:03:12,764 - DEBUG - https://mt0.google.com:443 "GET /vt/lyrs=m&hl=es&x=73512&y=136971&z=18 HTTP/1.1" 200 11264
2026-04-28 16:03:12,767 - DEBUG - STREAM b'IHDR' 16 13
2026-04-28 16:03:12,767 - DEBUG - STREAM b'pHYs' 41 9
2026-04-28 16:03:12,767 - DEBUG - STREAM b'PLTE' 62 84
2026-04-28 16:03:12,767 - DEBUG - STREAM b'IDAT' 158 11090
2026-04-28 16:03:12,771 - DEBUG - Starting new HTTPS connection (1): mt0.google.com:443
2026-04-28 16:03:13,392 - DEBUG - https://mt0.google.com:443 "GET /vt/lyrs=m&hl=es&x=73513&y=136977&z=18 HTTP/1.1" 200 15648
2026-04-28 16:03:13,415 - DEBUG - STREAM b'IHDR' 16 13
2026-04-28 16:03:13,415 - DEBUG - STREAM b'pHYs' 41 9
2026-04-28 16:03:13,415 - DEBUG - STREAM b'PLTE' 62 186
2026-04-28 16:03:13,415 - DEBUG - STREAM b'IDAT' 260 15372
2026-04-28 16:03:13,418 - DEBUG - Starting new HTTPS connection (1): mt0.google.com:443
2026-04-28 16:03:14,075 - DEBUG - https://mt0.google.com:443 "GET /vt/lyrs=m&hl=es&x=73513&y=136971&z=18 HTTP/1.1" 200 16322
2026-04-28 16:03:14,079 - DEBUG - STREAM b'IHDR' 16 13
2026-04-28 16:03:14,080 - DEBUG - STREAM b'pHYs' 41 9
2026-04-28 16:03:14,080 - DEBUG - STREAM b'PLTE' 62 249
2026-04-28 16:03:14,080 - DEBUG - STREAM b'IDAT' 323 15983
2026-04-28 16:03:14,083 - DEBUG - Starting new HTTPS connection (1): mt0.google.com:443
2026-04-28 16:03:14,690 - DEBUG - https://mt0.google.com:443 "GET /vt/lyrs=m&hl=es&x=73514&y=136977&z=18 HTTP/1.1" 200 17053
2026-04-28 16:03:14,692 - DEBUG - STREAM b'IHDR' 16 13
2026-04-28 16:03:14,692 - DEBUG - STREAM b'pHYs' 41 9
2026-04-28 16:03:14,692 - DEBUG - STREAM b'PLTE' 62 246
2026-04-28 16:03:14,692 - DEBUG - STREAM b'IDAT' 320 16717
2026-04-28 16:03:14,694 - DEBUG - Starting new HTTPS connection (1): mt0.google.com:443
2026-04-28 16:03:15,411 - DEBUG - https://mt0.google.com:443 "GET /vt/lyrs=m&hl=es&x=73514&y=136971&z=18 HTTP/1.1" 200 15352
2026-04-28 16:03:15,414 - DEBUG - STREAM b'IHDR' 16 13
2026-04-28 16:03:15,414 - DEBUG - STREAM b'pHYs' 41 9
2026-04-28 16:03:15,415 - DEBUG - STREAM b'PLTE' 62 153
2026-04-28 16:03:15,415 - DEBUG - STREAM b'IDAT' 227 15109
2026-04-28 16:03:15,417 - DEBUG - Starting new HTTPS connection (1): mt0.google.com:443
2026-04-28 16:03:16,108 - DEBUG - https://mt0.google.com:443 "GET /vt/lyrs=m&hl=es&x=73515&y=136977&z=18 HTTP/1.1" 200 12965
2026-04-28 16:03:16,536 - DEBUG - STREAM b'IHDR' 16 13
2026-04-28 16:03:16,536 - DEBUG - STREAM b'pHYs' 41 9
2026-04-28 16:03:16,536 - DEBUG - STREAM b'PLTE' 62 183
2026-04-28 16:03:16,536 - DEBUG - STREAM b'IDAT' 257 12692
2026-04-28 16:03:16,536 - DEBUG - Starting new HTTPS connection (1): mt0.google.com:443
2026-04-28 16:03:17,019 - DEBUG - https://mt0.google.com:443 "GET /vt/lyrs=m&hl=es&x=73515&y=136971&z=18 HTTP/1.1" 200 13292
2026-04-28 16:03:17,029 - DEBUG - STREAM b'IHDR' 16 13
2026-04-28 16:03:17,029 - DEBUG - STREAM b'pHYs' 41 9
2026-04-28 16:03:17,029 - DEBUG - STREAM b'PLTE' 62 156
2026-04-28 16:03:17,029 - DEBUG - STREAM b'IDAT' 230 13046
2026-04-28 16:03:17,032 - DEBUG - Starting new HTTPS connection (1): mt0.google.com:443
2026-04-28 16:03:17,517 - DEBUG - https://mt0.google.com:443 "GET /vt/lyrs=m&hl=es&x=73516&y=136977&z=18 HTTP/1.1" 200 13659
2026-04-28 16:03:17,531 - DEBUG - STREAM b'IHDR' 16 13
2026-04-28 16:03:17,531 - DEBUG - STREAM b'pHYs' 41 9
2026-04-28 16:03:17,532 - DEBUG - STREAM b'PLTE' 62 192
2026-04-28 16:03:17,532 - DEBUG - STREAM b'IDAT' 266 13377
2026-04-28 16:03:17,534 - DEBUG - Starting new HTTPS connection (1): mt0.google.com:443
2026-04-28 16:03:18,007 - DEBUG - https://mt0.google.com:443 "GET /vt/lyrs=m&hl=es&x=73516&y=136971&z=18 HTTP/1.1" 200 15706
2026-04-28 16:03:18,022 - DEBUG - STREAM b'IHDR' 16 13
2026-04-28 16:03:18,022 - DEBUG - STREAM b'pHYs' 41 9
2026-04-28 16:03:18,023 - DEBUG - STREAM b'PLTE' 62 192
2026-04-28 16:03:18,023 - DEBUG - STREAM b'IDAT' 266 15424
2026-04-28 16:03:18,025 - DEBUG - Starting new HTTPS connection (1): mt0.google.com:443
2026-04-28 16:03:18,479 - DEBUG - https://mt0.google.com:443 "GET /vt/lyrs=m&hl=es&x=73517&y=136977&z=18 HTTP/1.1" 200 14839
2026-04-28 16:03:18,493 - DEBUG - STREAM b'IHDR' 16 13
2026-04-28 16:03:18,493 - DEBUG - STREAM b'pHYs' 41 9
2026-04-28 16:03:18,494 - DEBUG - STREAM b'PLTE' 62 168
2026-04-28 16:03:18,494 - DEBUG - STREAM b'IDAT' 242 14581
2026-04-28 16:03:18,496 - DEBUG - Starting new HTTPS connection (1): mt0.google.com:443
2026-04-28 16:03:18,948 - DEBUG - https://mt0.google.com:443 "GET /vt/lyrs=m&hl=es&x=73517&y=136971&z=18 HTTP/1.1" 200 15769
2026-04-28 16:03:18,963 - DEBUG - STREAM b'IHDR' 16 13
2026-04-28 16:03:18,963 - DEBUG - STREAM b'pHYs' 41 9
2026-04-28 16:03:18,963 - DEBUG - STREAM b'PLTE' 62 165
2026-04-28 16:03:18,963 - DEBUG - STREAM b'IDAT' 239 15514
2026-04-28 16:03:18,964 - DEBUG - Starting new HTTPS connection (1): mt0.google.com:443
2026-04-28 16:03:19,608 - DEBUG - https://mt0.google.com:443 "GET /vt/lyrs=m&hl=es&x=73518&y=136977&z=18 HTTP/1.1" 200 15948
2026-04-28 16:03:19,636 - DEBUG - STREAM b'IHDR' 16 13
2026-04-28 16:03:19,636 - DEBUG - STREAM b'pHYs' 41 9
2026-04-28 16:03:19,636 - DEBUG - STREAM b'PLTE' 62 165
2026-04-28 16:03:19,636 - DEBUG - STREAM b'IDAT' 239 15693
2026-04-28 16:03:19,637 - DEBUG - Starting new HTTPS connection (1): mt0.google.com:443
2026-04-28 16:03:20,260 - DEBUG - https://mt0.google.com:443 "GET /vt/lyrs=m&hl=es&x=73518&y=136971&z=18 HTTP/1.1" 200 15414
2026-04-28 16:03:20,263 - DEBUG - STREAM b'IHDR' 16 13
2026-04-28 16:03:20,263 - DEBUG - STREAM b'pHYs' 41 9
2026-04-28 16:03:20,263 - DEBUG - STREAM b'PLTE' 62 153
2026-04-28 16:03:20,263 - DEBUG - STREAM b'IDAT' 227 15171
2026-04-28 16:03:20,265 - DEBUG - Starting new HTTPS connection (1): mt0.google.com:443
2026-04-28 16:03:20,881 - DEBUG - https://mt0.google.com:443 "GET /vt/lyrs=m&hl=es&x=73518&y=136972&z=18 HTTP/1.1" 200 15033
2026-04-28 16:03:20,897 - DEBUG - STREAM b'IHDR' 16 13
2026-04-28 16:03:20,897 - DEBUG - STREAM b'pHYs' 41 9
2026-04-28 16:03:20,897 - DEBUG - STREAM b'PLTE' 62 126
2026-04-28 16:03:20,897 - DEBUG - STREAM b'IDAT' 200 14817
2026-04-28 16:03:20,900 - DEBUG - Starting new HTTPS connection (1): mt0.google.com:443
2026-04-28 16:03:21,444 - DEBUG - https://mt0.google.com:443 "GET /vt/lyrs=m&hl=es&x=73512&y=136972&z=18 HTTP/1.1" 200 13997
2026-04-28 16:03:21,448 - DEBUG - STREAM b'IHDR' 16 13
2026-04-28 16:03:21,448 - DEBUG - STREAM b'pHYs' 41 9
2026-04-28 16:03:21,448 - DEBUG - STREAM b'PLTE' 62 138
2026-04-28 16:03:21,448 - DEBUG - STREAM b'IDAT' 212 13769
2026-04-28 16:03:21,450 - DEBUG - Starting new HTTPS connection (1): mt0.google.com:443
2026-04-28 16:03:21,948 - DEBUG - https://mt0.google.com:443 "GET /vt/lyrs=m&hl=es&x=36760&y=136973&z=18 HTTP/1.1" 200 178
2026-04-28 16:03:21,949 - DEBUG - STREAM b'IHDR' 16 13
2026-04-28 16:03:21,949 - DEBUG - STREAM b'pHYs' 41 9
2026-04-28 16:03:21,949 - DEBUG - STREAM b'PLTE' 62 3
2026-04-28 16:03:21,949 - DEBUG - STREAM b'IDAT' 77 85
2026-04-28 16:03:21,952 - DEBUG - Starting new HTTPS connection (1): mt0.google.com:443
2026-04-28 16:03:22,419 - DEBUG - https://mt0.google.com:443 "GET /vt/lyrs=m&hl=es&x=36754&y=136973&z=18 HTTP/1.1" 200 178
2026-04-28 16:03:22,420 - DEBUG - STREAM b'IHDR' 16 13
2026-04-28 16:03:22,420 - DEBUG - STREAM b'pHYs' 41 9
2026-04-28 16:03:22,420 - DEBUG - STREAM b'PLTE' 62 3
2026-04-28 16:03:22,420 - DEBUG - STREAM b'IDAT' 77 85
2026-04-28 16:03:22,423 - DEBUG - Starting new HTTPS connection (1): mt0.google.com:443
2026-04-28 16:03:22,976 - DEBUG - https://mt0.google.com:443 "GET /vt/lyrs=m&hl=es&x=36760&y=136974&z=18 HTTP/1.1" 200 178
2026-04-28 16:03:22,979 - DEBUG - STREAM b'IHDR' 16 13
2026-04-28 16:03:22,980 - DEBUG - STREAM b'pHYs' 41 9
2026-04-28 16:03:22,980 - DEBUG - STREAM b'PLTE' 62 3
2026-04-28 16:03:22,980 - DEBUG - STREAM b'IDAT' 77 85
2026-04-28 16:03:22,983 - DEBUG - Starting new HTTPS connection (1): mt0.google.com:443
2026-04-28 16:03:23,641 - DEBUG - https://mt0.google.com:443 "GET /vt/lyrs=m&hl=es&x=36754&y=136974&z=18 HTTP/1.1" 200 178
2026-04-28 16:03:23,644 - DEBUG - STREAM b'IHDR' 16 13
2026-04-28 16:03:23,644 - DEBUG - STREAM b'pHYs' 41 9
2026-04-28 16:03:23,644 - DEBUG - STREAM b'PLTE' 62 3
2026-04-28 16:03:23,644 - DEBUG - STREAM b'IDAT' 77 85
2026-04-28 16:03:23,645 - DEBUG - Starting new HTTPS connection (1): mt0.google.com:443
2026-04-28 16:03:24,174 - DEBUG - https://mt0.google.com:443 "GET /vt/lyrs=m&hl=es&x=36760&y=136975&z=18 HTTP/1.1" 200 178
2026-04-28 16:03:24,177 - DEBUG - STREAM b'IHDR' 16 13
2026-04-28 16:03:24,177 - DEBUG - STREAM b'pHYs' 41 9
2026-04-28 16:03:24,177 - DEBUG - STREAM b'PLTE' 62 3
2026-04-28 16:03:24,177 - DEBUG - STREAM b'IDAT' 77 85
2026-04-28 16:03:24,180 - DEBUG - Starting new HTTPS connection (1): mt0.google.com:443
2026-04-28 16:03:24,608 - DEBUG - https://mt0.google.com:443 "GET /vt/lyrs=m&hl=es&x=36754&y=136975&z=18 HTTP/1.1" 200 178
2026-04-28 16:03:24,611 - DEBUG - STREAM b'IHDR' 16 13
2026-04-28 16:03:24,611 - DEBUG - STREAM b'pHYs' 41 9
2026-04-28 16:03:24,611 - DEBUG - STREAM b'PLTE' 62 3
2026-04-28 16:03:24,611 - DEBUG - STREAM b'IDAT' 77 85
2026-04-28 16:03:24,615 - DEBUG - Starting new HTTPS connection (1): mt0.google.com:443
2026-04-28 16:03:25,051 - DEBUG - https://mt0.google.com:443 "GET /vt/lyrs=m&hl=es&x=36760&y=136976&z=18 HTTP/1.1" 200 178
2026-04-28 16:03:25,053 - DEBUG - STREAM b'IHDR' 16 13
2026-04-28 16:03:25,053 - DEBUG - STREAM b'pHYs' 41 9
2026-04-28 16:03:25,053 - DEBUG - STREAM b'PLTE' 62 3
2026-04-28 16:03:25,053 - DEBUG - STREAM b'IDAT' 77 85
2026-04-28 16:03:25,055 - DEBUG - Starting new HTTPS connection (1): mt0.google.com:443
2026-04-28 16:03:25,496 - DEBUG - https://mt0.google.com:443 "GET /vt/lyrs=m&hl=es&x=36754&y=136976&z=18 HTTP/1.1" 200 178
2026-04-28 16:03:25,497 - DEBUG - STREAM b'IHDR' 16 13
2026-04-28 16:03:25,497 - DEBUG - STREAM b'pHYs' 41 9
2026-04-28 16:03:25,497 - DEBUG - STREAM b'PLTE' 62 3
2026-04-28 16:03:25,497 - DEBUG - STREAM b'IDAT' 77 85
2026-04-28 16:03:25,500 - DEBUG - Starting new HTTPS connection (1): mt0.google.com:443
2026-04-28 16:03:26,000 - DEBUG - https://mt0.google.com:443 "GET /vt/lyrs=m&hl=es&x=36760&y=136977&z=18 HTTP/1.1" 200 178
2026-04-28 16:03:26,003 - DEBUG - STREAM b'IHDR' 16 13
2026-04-28 16:03:26,003 - DEBUG - STREAM b'pHYs' 41 9
2026-04-28 16:03:26,004 - DEBUG - STREAM b'PLTE' 62 3
2026-04-28 16:03:26,004 - DEBUG - STREAM b'IDAT' 77 85
2026-04-28 16:03:26,005 - DEBUG - Starting new HTTPS connection (1): mt0.google.com:443
2026-04-28 16:03:26,450 - DEBUG - https://mt0.google.com:443 "GET /vt/lyrs=m&hl=es&x=36754&y=136977&z=18 HTTP/1.1" 200 178
2026-04-28 16:03:26,452 - DEBUG - STREAM b'IHDR' 16 13
2026-04-28 16:03:26,452 - DEBUG - STREAM b'pHYs' 41 9
2026-04-28 16:03:26,452 - DEBUG - STREAM b'PLTE' 62 3
2026-04-28 16:03:26,452 - DEBUG - STREAM b'IDAT' 77 85
2026-04-28 16:03:26,454 - DEBUG - Starting new HTTPS connection (1): mt0.google.com:443
2026-04-28 16:03:26,896 - DEBUG - https://mt0.google.com:443 "GET /vt/lyrs=m&hl=es&x=36756&y=68488&z=17 HTTP/1.1" 200 21156
2026-04-28 16:03:26,942 - DEBUG - STREAM b'IHDR' 16 13
2026-04-28 16:03:26,942 - DEBUG - STREAM b'pHYs' 41 9
2026-04-28 16:03:26,943 - DEBUG - STREAM b'PLTE' 62 156
2026-04-28 16:03:26,943 - DEBUG - STREAM b'IDAT' 230 20910
2026-04-28 16:03:26,945 - DEBUG - Starting new HTTPS connection (1): mt0.google.com:443
2026-04-28 16:03:27,433 - DEBUG - https://mt0.google.com:443 "GET /vt/lyrs=m&hl=es&x=36757&y=68488&z=17 HTTP/1.1" 200 23359
2026-04-28 16:03:27,490 - DEBUG - STREAM b'IHDR' 16 13
2026-04-28 16:03:27,490 - DEBUG - STREAM b'pHYs' 41 9
2026-04-28 16:03:27,490 - DEBUG - STREAM b'PLTE' 62 264
2026-04-28 16:03:27,490 - DEBUG - STREAM b'IDAT' 338 23005
2026-04-28 16:03:27,494 - DEBUG - Starting new HTTPS connection (1): mt0.google.com:443
2026-04-28 16:03:27,940 - DEBUG - https://mt0.google.com:443 "GET /vt/lyrs=m&hl=es&x=36758&y=68488&z=17 HTTP/1.1" 200 19866
2026-04-28 16:03:27,985 - DEBUG - STREAM b'IHDR' 16 13
2026-04-28 16:03:27,985 - DEBUG - STREAM b'pHYs' 41 9
2026-04-28 16:03:27,985 - DEBUG - STREAM b'PLTE' 62 183
2026-04-28 16:03:27,985 - DEBUG - STREAM b'IDAT' 257 19593
2026-04-28 16:03:27,988 - DEBUG - Starting new HTTPS connection (1): mt0.google.com:443
2026-04-28 16:03:28,434 - DEBUG - https://mt0.google.com:443 "GET /vt/lyrs=m&hl=es&x=36755&y=68489&z=17 HTTP/1.1" 200 13853
2026-04-28 16:03:28,448 - DEBUG - STREAM b'IHDR' 16 13
2026-04-28 16:03:28,448 - DEBUG - STREAM b'pHYs' 41 9
2026-04-28 16:03:28,448 - DEBUG - STREAM b'PLTE' 62 177
2026-04-28 16:03:28,448 - DEBUG - STREAM b'IDAT' 251 13586
2026-04-28 16:03:28,450 - DEBUG - Starting new HTTPS connection (1): mt0.google.com:443
2026-04-28 16:03:28,898 - DEBUG - https://mt0.google.com:443 "GET /vt/lyrs=m&hl=es&x=36755&y=68485&z=17 HTTP/1.1" 200 20707
2026-04-28 16:03:28,945 - DEBUG - STREAM b'IHDR' 16 13
2026-04-28 16:03:28,945 - DEBUG - STREAM b'pHYs' 41 9
2026-04-28 16:03:28,945 - DEBUG - STREAM b'PLTE' 62 180
2026-04-28 16:03:28,945 - DEBUG - STREAM b'IDAT' 254 20437
2026-04-28 16:03:28,948 - DEBUG - Starting new HTTPS connection (1): mt0.google.com:443
2026-04-28 16:03:29,573 - DEBUG - https://mt0.google.com:443 "GET /vt/lyrs=m&hl=es&x=36756&y=68489&z=17 HTTP/1.1" 200 16970
2026-04-28 16:03:29,576 - DEBUG - STREAM b'IHDR' 16 13
2026-04-28 16:03:29,576 - DEBUG - STREAM b'pHYs' 41 9
2026-04-28 16:03:29,576 - DEBUG - STREAM b'PLTE' 62 192
2026-04-28 16:03:29,576 - DEBUG - STREAM b'IDAT' 266 16688
2026-04-28 16:03:29,579 - DEBUG - Starting new HTTPS connection (1): mt0.google.com:443
2026-04-28 16:03:30,038 - DEBUG - https://mt0.google.com:443 "GET /vt/lyrs=m&hl=es&x=36757&y=68489&z=17 HTTP/1.1" 200 23321
2026-04-28 16:03:30,178 - DEBUG - STREAM b'IHDR' 16 13
2026-04-28 16:03:30,178 - DEBUG - STREAM b'pHYs' 41 9
2026-04-28 16:03:30,178 - DEBUG - STREAM b'PLTE' 62 222
2026-04-28 16:03:30,178 - DEBUG - STREAM b'IDAT' 296 23009
2026-04-28 16:03:30,182 - DEBUG - Starting new HTTPS connection (1): mt0.google.com:443
2026-04-28 16:03:30,627 - DEBUG - https://mt0.google.com:443 "GET /vt/lyrs=m&hl=es&x=36758&y=68489&z=17 HTTP/1.1" 200 20387
2026-04-28 16:03:30,709 - DEBUG - STREAM b'IHDR' 16 13
2026-04-28 16:03:30,709 - DEBUG - STREAM b'pHYs' 41 9
2026-04-28 16:03:30,709 - DEBUG - STREAM b'PLTE' 62 144
2026-04-28 16:03:30,709 - DEBUG - STREAM b'IDAT' 218 20153
2026-04-28 16:03:30,710 - DEBUG - Starting new HTTPS connection (1): mt0.google.com:443
2026-04-28 16:03:31,362 - DEBUG - https://mt0.google.com:443 "GET /vt/lyrs=m&hl=es&x=36759&y=68489&z=17 HTTP/1.1" 200 19719
2026-04-28 16:03:31,365 - DEBUG - STREAM b'IHDR' 16 13
2026-04-28 16:03:31,365 - DEBUG - STREAM b'pHYs' 41 9
2026-04-28 16:03:31,365 - DEBUG - STREAM b'PLTE' 62 183
2026-04-28 16:03:31,365 - DEBUG - STREAM b'IDAT' 257 19446
2026-04-28 16:03:31,369 - DEBUG - Starting new HTTPS connection (1): mt0.google.com:443
2026-04-28 16:03:31,832 - DEBUG - https://mt0.google.com:443 "GET /vt/lyrs=m&hl=es&x=36759&y=68485&z=17 HTTP/1.1" 200 20847
2026-04-28 16:03:32,174 - DEBUG - STREAM b'IHDR' 16 13
2026-04-28 16:03:32,174 - DEBUG - STREAM b'pHYs' 41 9
2026-04-28 16:03:32,174 - DEBUG - STREAM b'PLTE' 62 135
2026-04-28 16:03:32,174 - DEBUG - STREAM b'IDAT' 209 20622
2026-04-28 16:03:32,177 - DEBUG - Starting new HTTPS connection (1): mt0.google.com:443
2026-04-28 16:03:32,688 - DEBUG - https://mt0.google.com:443 "GET /vt/lyrs=m&hl=es&x=36759&y=68486&z=17 HTTP/1.1" 200 21081
2026-04-28 16:03:32,737 - DEBUG - STREAM b'IHDR' 16 13
2026-04-28 16:03:32,738 - DEBUG - STREAM b'pHYs' 41 9
2026-04-28 16:03:32,738 - DEBUG - STREAM b'PLTE' 62 96
2026-04-28 16:03:32,738 - DEBUG - STREAM b'IDAT' 170 20895
2026-04-28 16:03:32,740 - DEBUG - Starting new HTTPS connection (1): mt0.google.com:443
2026-04-28 16:03:33,256 - DEBUG - https://mt0.google.com:443 "GET /vt/lyrs=m&hl=es&x=36755&y=68486&z=17 HTTP/1.1" 200 16016
2026-04-28 16:03:33,274 - DEBUG - STREAM b'IHDR' 16 13
2026-04-28 16:03:33,274 - DEBUG - STREAM b'pHYs' 41 9
2026-04-28 16:03:33,274 - DEBUG - STREAM b'PLTE' 62 126
2026-04-28 16:03:33,274 - DEBUG - STREAM b'IDAT' 200 15800
2026-04-28 16:03:33,276 - DEBUG - Starting new HTTPS connection (1): mt0.google.com:443
2026-04-28 16:03:33,725 - DEBUG - https://mt0.google.com:443 "GET /vt/lyrs=m&hl=es&x=36759&y=68487&z=17 HTTP/1.1" 200 20722
2026-04-28 16:03:33,774 - DEBUG - STREAM b'IHDR' 16 13
2026-04-28 16:03:33,774 - DEBUG - STREAM b'pHYs' 41 9
2026-04-28 16:03:33,774 - DEBUG - STREAM b'PLTE' 62 156
2026-04-28 16:03:33,775 - DEBUG - STREAM b'IDAT' 230 20476
2026-04-28 16:03:33,776 - DEBUG - Starting new HTTPS connection (1): mt0.google.com:443
2026-04-28 16:03:34,293 - DEBUG - https://mt0.google.com:443 "GET /vt/lyrs=m&hl=es&x=36755&y=68487&z=17 HTTP/1.1" 200 20456
2026-04-28 16:03:34,338 - DEBUG - STREAM b'IHDR' 16 13
2026-04-28 16:03:34,341 - DEBUG - STREAM b'pHYs' 41 9
2026-04-28 16:03:34,341 - DEBUG - STREAM b'PLTE' 62 159
2026-04-28 16:03:34,341 - DEBUG - STREAM b'IDAT' 233 20207
2026-04-28 16:03:34,344 - DEBUG - Starting new HTTPS connection (1): mt0.google.com:443
2026-04-28 16:03:34,796 - DEBUG - https://mt0.google.com:443 "GET /vt/lyrs=m&hl=es&x=36759&y=68488&z=17 HTTP/1.1" 200 22005
2026-04-28 16:03:34,844 - DEBUG - STREAM b'IHDR' 16 13
2026-04-28 16:03:34,844 - DEBUG - STREAM b'pHYs' 41 9
2026-04-28 16:03:34,844 - DEBUG - STREAM b'PLTE' 62 144
2026-04-28 16:03:34,844 - DEBUG - STREAM b'IDAT' 218 21771
2026-04-28 16:03:34,846 - DEBUG - Starting new HTTPS connection (1): mt0.google.com:443
2026-04-28 16:03:35,426 - DEBUG - https://mt0.google.com:443 "GET /vt/lyrs=m&hl=es&x=36755&y=68488&z=17 HTTP/1.1" 200 23147
2026-04-28 16:03:35,473 - DEBUG - STREAM b'IHDR' 16 13
2026-04-28 16:03:35,473 - DEBUG - STREAM b'pHYs' 41 9
2026-04-28 16:03:35,473 - DEBUG - STREAM b'PLTE' 62 234
2026-04-28 16:03:35,473 - DEBUG - STREAM b'IDAT' 308 22823
2026-04-28 16:03:35,476 - DEBUG - Starting new HTTPS connection (1): mt0.google.com:443
2026-04-28 16:03:36,048 - DEBUG - https://mt0.google.com:443 "GET /vt/lyrs=m&hl=es&x=36754&y=68490&z=17 HTTP/1.1" 200 21590
2026-04-28 16:03:36,120 - DEBUG - STREAM b'IHDR' 16 13
2026-04-28 16:03:36,120 - DEBUG - STREAM b'pHYs' 41 9
2026-04-28 16:03:36,120 - DEBUG - STREAM b'PLTE' 62 210
2026-04-28 16:03:36,120 - DEBUG - STREAM b'IDAT' 284 21290
2026-04-28 16:03:36,122 - DEBUG - Starting new HTTPS connection (1): mt0.google.com:443
2026-04-28 16:03:36,645 - DEBUG - https://mt0.google.com:443 "GET /vt/lyrs=m&hl=es&x=36754&y=68484&z=17 HTTP/1.1" 200 19990
2026-04-28 16:03:36,692 - DEBUG - STREAM b'IHDR' 16 13
2026-04-28 16:03:36,692 - DEBUG - STREAM b'pHYs' 41 9
2026-04-28 16:03:36,692 - DEBUG - STREAM b'PLTE' 62 135
2026-04-28 16:03:36,692 - DEBUG - STREAM b'IDAT' 209 19765
2026-04-28 16:03:36,698 - DEBUG - Starting new HTTPS connection (1): mt0.google.com:443
2026-04-28 16:03:37,219 - DEBUG - https://mt0.google.com:443 "GET /vt/lyrs=m&hl=es&x=36755&y=68490&z=17 HTTP/1.1" 200 13326
2026-04-28 16:03:37,230 - DEBUG - STREAM b'IHDR' 16 13
2026-04-28 16:03:37,230 - DEBUG - STREAM b'pHYs' 41 9
2026-04-28 16:03:37,230 - DEBUG - STREAM b'PLTE' 62 117
2026-04-28 16:03:37,230 - DEBUG - STREAM b'IDAT' 191 13119
2026-04-28 16:03:37,232 - DEBUG - Starting new HTTPS connection (1): mt0.google.com:443
2026-04-28 16:03:37,532 - INFO - ✅ Mapa actualizado: 419 clientes
2026-04-28 16:03:37,767 - DEBUG - https://mt0.google.com:443 "GET /vt/lyrs=m&hl=es&x=36755&y=68484&z=17 HTTP/1.1" 200 17592
2026-04-28 16:03:37,825 - DEBUG - STREAM b'IHDR' 16 13
2026-04-28 16:03:37,825 - DEBUG - STREAM b'pHYs' 41 9
2026-04-28 16:03:37,825 - DEBUG - STREAM b'PLTE' 62 135
2026-04-28 16:03:37,825 - DEBUG - STREAM b'IDAT' 209 17367
2026-04-28 16:03:37,828 - DEBUG - Starting new HTTPS connection (1): mt0.google.com:443
2026-04-28 16:03:38,316 - DEBUG - https://mt0.google.com:443 "GET /vt/lyrs=m&hl=es&x=36756&y=68490&z=17 HTTP/1.1" 200 16624
2026-04-28 16:03:38,453 - DEBUG - STREAM b'IHDR' 16 13
2026-04-28 16:03:38,453 - DEBUG - STREAM b'pHYs' 41 9
2026-04-28 16:03:38,453 - DEBUG - STREAM b'PLTE' 62 87
2026-04-28 16:03:38,453 - DEBUG - STREAM b'IDAT' 161 16447
2026-04-28 16:03:38,455 - DEBUG - Starting new HTTPS connection (1): mt0.google.com:443
2026-04-28 16:03:39,037 - DEBUG - https://mt0.google.com:443 "GET /vt/lyrs=m&hl=es&x=36756&y=68484&z=17 HTTP/1.1" 200 21766
2026-04-28 16:03:39,125 - DEBUG - STREAM b'IHDR' 16 13
2026-04-28 16:03:39,125 - DEBUG - STREAM b'pHYs' 41 9
2026-04-28 16:03:39,125 - DEBUG - STREAM b'PLTE' 62 234
2026-04-28 16:03:39,125 - DEBUG - STREAM b'IDAT' 308 21442
2026-04-28 16:03:39,130 - DEBUG - Starting new HTTPS connection (1): mt0.google.com:443
2026-04-28 16:03:39,740 - DEBUG - https://mt0.google.com:443 "GET /vt/lyrs=m&hl=es&x=36757&y=68490&z=17 HTTP/1.1" 200 19309
2026-04-28 16:03:39,793 - DEBUG - STREAM b'IHDR' 16 13
2026-04-28 16:03:39,793 - DEBUG - STREAM b'pHYs' 41 9
2026-04-28 16:03:39,793 - DEBUG - STREAM b'PLTE' 62 207
2026-04-28 16:03:39,793 - DEBUG - STREAM b'IDAT' 281 19012
2026-04-28 16:03:39,796 - DEBUG - Starting new HTTPS connection (1): mt0.google.com:443
2026-04-28 16:03:40,406 - DEBUG - https://mt0.google.com:443 "GET /vt/lyrs=m&hl=es&x=36757&y=68484&z=17 HTTP/1.1" 200 16050
2026-04-28 16:03:40,408 - DEBUG - STREAM b'IHDR' 16 13
2026-04-28 16:03:40,409 - DEBUG - STREAM b'pHYs' 41 9
2026-04-28 16:03:40,409 - DEBUG - STREAM b'PLTE' 62 123
2026-04-28 16:03:40,409 - DEBUG - STREAM b'IDAT' 197 15837
2026-04-28 16:03:40,411 - DEBUG - Starting new HTTPS connection (1): mt0.google.com:443
2026-04-28 16:03:40,908 - DEBUG - https://mt0.google.com:443 "GET /vt/lyrs=m&hl=es&x=36758&y=68490&z=17 HTTP/1.1" 200 18169
2026-04-28 16:03:40,927 - DEBUG - STREAM b'IHDR' 16 13
2026-04-28 16:03:40,928 - DEBUG - STREAM b'pHYs' 41 9
2026-04-28 16:03:40,928 - DEBUG - STREAM b'PLTE' 62 126
2026-04-28 16:03:40,928 - DEBUG - STREAM b'IDAT' 200 17953
2026-04-28 16:03:40,930 - DEBUG - Starting new HTTPS connection (1): mt0.google.com:443
2026-04-28 16:03:41,358 - DEBUG - https://mt0.google.com:443 "GET /vt/lyrs=m&hl=es&x=36758&y=68484&z=17 HTTP/1.1" 200 18085
2026-04-28 16:03:41,375 - DEBUG - STREAM b'IHDR' 16 13
2026-04-28 16:03:41,375 - DEBUG - STREAM b'pHYs' 41 9
2026-04-28 16:03:41,375 - DEBUG - STREAM b'PLTE' 62 105
2026-04-28 16:03:41,375 - DEBUG - STREAM b'IDAT' 179 17890
2026-04-28 16:03:41,378 - DEBUG - Starting new HTTPS connection (1): mt0.google.com:443
2026-04-28 16:03:41,890 - DEBUG - https://mt0.google.com:443 "GET /vt/lyrs=m&hl=es&x=36759&y=68490&z=17 HTTP/1.1" 200 19668
2026-04-28 16:03:41,936 - DEBUG - STREAM b'IHDR' 16 13
2026-04-28 16:03:41,936 - DEBUG - STREAM b'pHYs' 41 9
2026-04-28 16:03:41,936 - DEBUG - STREAM b'PLTE' 62 96
2026-04-28 16:03:41,936 - DEBUG - STREAM b'IDAT' 170 19482
2026-04-28 16:03:41,939 - DEBUG - Starting new HTTPS connection (1): mt0.google.com:443
2026-04-28 16:03:42,373 - DEBUG - https://mt0.google.com:443 "GET /vt/lyrs=m&hl=es&x=36759&y=68484&z=17 HTTP/1.1" 200 17077
2026-04-28 16:03:42,390 - DEBUG - STREAM b'IHDR' 16 13
2026-04-28 16:03:42,391 - DEBUG - STREAM b'pHYs' 41 9
2026-04-28 16:03:42,391 - DEBUG - STREAM b'PLTE' 62 144
2026-04-28 16:03:42,391 - DEBUG - STREAM b'IDAT' 218 16843
2026-04-28 16:03:42,394 - DEBUG - Starting new HTTPS connection (1): mt0.google.com:443
2026-04-28 16:03:42,815 - DEBUG - https://mt0.google.com:443 "GET /vt/lyrs=m&hl=es&x=36760&y=68490&z=17 HTTP/1.1" 200 12378
2026-04-28 16:03:42,825 - DEBUG - STREAM b'IHDR' 16 13
2026-04-28 16:03:42,825 - DEBUG - STREAM b'pHYs' 41 9
2026-04-28 16:03:42,825 - DEBUG - STREAM b'PLTE' 62 120
2026-04-28 16:03:42,825 - DEBUG - STREAM b'IDAT' 194 12168
2026-04-28 16:03:42,827 - DEBUG - Starting new HTTPS connection (1): mt0.google.com:443
2026-04-28 16:03:43,272 - DEBUG - https://mt0.google.com:443 "GET /vt/lyrs=m&hl=es&x=36760&y=68484&z=17 HTTP/1.1" 200 13680
2026-04-28 16:03:43,286 - DEBUG - STREAM b'IHDR' 16 13
2026-04-28 16:03:43,286 - DEBUG - STREAM b'pHYs' 41 9
2026-04-28 16:03:43,286 - DEBUG - STREAM b'PLTE' 62 126
2026-04-28 16:03:43,286 - DEBUG - STREAM b'IDAT' 200 13464
2026-04-28 16:03:43,289 - DEBUG - Starting new HTTPS connection (1): mt0.google.com:443
2026-04-28 16:03:43,800 - DEBUG - https://mt0.google.com:443 "GET /vt/lyrs=m&hl=es&x=36760&y=68485&z=17 HTTP/1.1" 200 17036
2026-04-28 16:03:43,802 - DEBUG - STREAM b'IHDR' 16 13
2026-04-28 16:03:43,803 - DEBUG - STREAM b'pHYs' 41 9
2026-04-28 16:03:43,803 - DEBUG - STREAM b'PLTE' 62 141
2026-04-28 16:03:43,803 - DEBUG - STREAM b'IDAT' 215 16805
2026-04-28 16:03:43,805 - DEBUG - Starting new HTTPS connection (1): mt0.google.com:443
2026-04-28 16:03:44,321 - DEBUG - https://mt0.google.com:443 "GET /vt/lyrs=m&hl=es&x=36754&y=68485&z=17 HTTP/1.1" 200 20292
2026-04-28 16:03:44,374 - DEBUG - STREAM b'IHDR' 16 13
2026-04-28 16:03:44,374 - DEBUG - STREAM b'pHYs' 41 9
2026-04-28 16:03:44,374 - DEBUG - STREAM b'PLTE' 62 138
2026-04-28 16:03:44,375 - DEBUG - STREAM b'IDAT' 212 20064
2026-04-28 16:03:44,377 - DEBUG - Starting new HTTPS connection (1): mt0.google.com:443
2026-04-28 16:03:44,916 - DEBUG - https://mt0.google.com:443 "GET /vt/lyrs=m&hl=es&x=36760&y=68486&z=17 HTTP/1.1" 200 18973
2026-04-28 16:03:45,052 - DEBUG - STREAM b'IHDR' 16 13
2026-04-28 16:03:45,052 - DEBUG - STREAM b'pHYs' 41 9
2026-04-28 16:03:45,052 - DEBUG - STREAM b'PLTE' 62 96
2026-04-28 16:03:45,052 - DEBUG - STREAM b'IDAT' 170 18787
2026-04-28 16:03:45,054 - DEBUG - Starting new HTTPS connection (1): mt0.google.com:443
2026-04-28 16:03:45,606 - DEBUG - https://mt0.google.com:443 "GET /vt/lyrs=m&hl=es&x=36754&y=68486&z=17 HTTP/1.1" 200 17593
2026-04-28 16:03:45,610 - DEBUG - STREAM b'IHDR' 16 13
2026-04-28 16:03:45,610 - DEBUG - STREAM b'pHYs' 41 9
2026-04-28 16:03:45,610 - DEBUG - STREAM b'PLTE' 62 156
2026-04-28 16:03:45,610 - DEBUG - STREAM b'IDAT' 230 17347
2026-04-28 16:03:45,612 - DEBUG - Starting new HTTPS connection (1): mt0.google.com:443
2026-04-28 16:03:46,184 - DEBUG - https://mt0.google.com:443 "GET /vt/lyrs=m&hl=es&x=36760&y=68487&z=17 HTTP/1.1" 200 19460
2026-04-28 16:03:46,256 - DEBUG - STREAM b'IHDR' 16 13
2026-04-28 16:03:46,256 - DEBUG - STREAM b'pHYs' 41 9
2026-04-28 16:03:46,256 - DEBUG - STREAM b'PLTE' 62 162
2026-04-28 16:03:46,256 - DEBUG - STREAM b'IDAT' 236 19208
2026-04-28 16:03:46,260 - DEBUG - Starting new HTTPS connection (1): mt0.google.com:443
2026-04-28 16:03:46,815 - DEBUG - https://mt0.google.com:443 "GET /vt/lyrs=m&hl=es&x=36754&y=68487&z=17 HTTP/1.1" 200 19600
2026-04-28 16:03:46,861 - DEBUG - STREAM b'IHDR' 16 13
2026-04-28 16:03:46,861 - DEBUG - STREAM b'pHYs' 41 9
2026-04-28 16:03:46,861 - DEBUG - STREAM b'PLTE' 62 150
2026-04-28 16:03:46,861 - DEBUG - STREAM b'IDAT' 224 19360
2026-04-28 16:03:46,909 - DEBUG - Starting new HTTPS connection (1): mt0.google.com:443
2026-04-28 16:03:47,823 - DEBUG - https://mt0.google.com:443 "GET /vt/lyrs=m&hl=es&x=36760&y=68488&z=17 HTTP/1.1" 200 20449
2026-04-28 16:03:47,938 - DEBUG - STREAM b'IHDR' 16 13
2026-04-28 16:03:47,938 - DEBUG - STREAM b'pHYs' 41 9
2026-04-28 16:03:47,938 - DEBUG - STREAM b'PLTE' 62 165
2026-04-28 16:03:47,938 - DEBUG - STREAM b'IDAT' 239 20194
2026-04-28 16:03:47,943 - DEBUG - Starting new HTTPS connection (1): mt0.google.com:443
2026-04-28 16:03:48,712 - DEBUG - https://mt0.google.com:443 "GET /vt/lyrs=m&hl=es&x=36754&y=68488&z=17 HTTP/1.1" 200 19111
2026-04-28 16:03:48,761 - DEBUG - STREAM b'IHDR' 16 13
2026-04-28 16:03:48,761 - DEBUG - STREAM b'pHYs' 41 9
2026-04-28 16:03:48,761 - DEBUG - STREAM b'PLTE' 62 126
2026-04-28 16:03:48,761 - DEBUG - STREAM b'IDAT' 200 18895
2026-04-28 16:03:48,763 - DEBUG - Starting new HTTPS connection (1): mt0.google.com:443
2026-04-28 16:03:49,422 - DEBUG - https://mt0.google.com:443 "GET /vt/lyrs=m&hl=es&x=36760&y=68489&z=17 HTTP/1.1" 200 17977
2026-04-28 16:03:49,452 - DEBUG - STREAM b'IHDR' 16 13
2026-04-28 16:03:49,452 - DEBUG - STREAM b'pHYs' 41 9
2026-04-28 16:03:49,452 - DEBUG - STREAM b'PLTE' 62 153
2026-04-28 16:03:49,452 - DEBUG - STREAM b'IDAT' 227 17734
2026-04-28 16:03:49,455 - DEBUG - Starting new HTTPS connection (1): mt0.google.com:443
2026-04-28 16:03:50,155 - DEBUG - https://mt0.google.com:443 "GET /vt/lyrs=m&hl=es&x=36754&y=68489&z=17 HTTP/1.1" 200 12715
2026-04-28 16:03:50,169 - DEBUG - STREAM b'IHDR' 16 13
2026-04-28 16:03:50,169 - DEBUG - STREAM b'pHYs' 41 9
2026-04-28 16:03:50,169 - DEBUG - STREAM b'PLTE' 62 96
2026-04-28 16:03:50,169 - DEBUG - STREAM b'IDAT' 170 12529
2026-04-28 16:03:50,172 - DEBUG - Starting new HTTPS connection (1): mt0.google.com:443
2026-04-28 16:03:50,886 - DEBUG - https://mt0.google.com:443 "GET /vt/lyrs=m&hl=es&x=36753&y=68491&z=17 HTTP/1.1" 200 17387
2026-04-28 16:03:50,902 - DEBUG - STREAM b'IHDR' 16 13
2026-04-28 16:03:50,904 - DEBUG - STREAM b'pHYs' 41 9
2026-04-28 16:03:50,904 - DEBUG - STREAM b'PLTE' 62 210
2026-04-28 16:03:50,904 - DEBUG - STREAM b'IDAT' 284 17087
2026-04-28 16:03:50,907 - DEBUG - Starting new HTTPS connection (1): mt0.google.com:443
2026-04-28 16:03:51,671 - DEBUG - https://mt0.google.com:443 "GET /vt/lyrs=m&hl=es&x=36753&y=68483&z=17 HTTP/1.1" 200 20210
2026-04-28 16:03:51,712 - DEBUG - STREAM b'IHDR' 16 13
2026-04-28 16:03:51,712 - DEBUG - STREAM b'pHYs' 41 9
2026-04-28 16:03:51,712 - DEBUG - STREAM b'PLTE' 62 225
2026-04-28 16:03:51,712 - DEBUG - STREAM b'IDAT' 299 19895
2026-04-28 16:03:51,716 - DEBUG - Starting new HTTPS connection (1): mt0.google.com:443
2026-04-28 16:03:52,509 - DEBUG - https://mt0.google.com:443 "GET /vt/lyrs=m&hl=es&x=36754&y=68491&z=17 HTTP/1.1" 200 16766
2026-04-28 16:03:52,515 - DEBUG - STREAM b'IHDR' 16 13
2026-04-28 16:03:52,515 - DEBUG - STREAM b'pHYs' 41 9
2026-04-28 16:03:52,515 - DEBUG - STREAM b'PLTE' 62 174
2026-04-28 16:03:52,515 - DEBUG - STREAM b'IDAT' 248 16502
2026-04-28 16:03:52,519 - DEBUG - Starting new HTTPS connection (1): mt0.google.com:443
2026-04-28 16:03:53,305 - DEBUG - https://mt0.google.com:443 "GET /vt/lyrs=m&hl=es&x=36754&y=68483&z=17 HTTP/1.1" 200 20489
2026-04-28 16:03:53,307 - DEBUG - STREAM b'IHDR' 16 13
2026-04-28 16:03:53,307 - DEBUG - STREAM b'pHYs' 41 9
2026-04-28 16:03:53,307 - DEBUG - STREAM b'PLTE' 62 156
2026-04-28 16:03:53,307 - DEBUG - STREAM b'IDAT' 230 20243
2026-04-28 16:03:53,312 - DEBUG - Starting new HTTPS connection (1): mt0.google.com:443
2026-04-28 16:03:54,084 - DEBUG - https://mt0.google.com:443 "GET /vt/lyrs=m&hl=es&x=36755&y=68491&z=17 HTTP/1.1" 200 15682
2026-04-28 16:03:54,104 - DEBUG - STREAM b'IHDR' 16 13
2026-04-28 16:03:54,105 - DEBUG - STREAM b'pHYs' 41 9
2026-04-28 16:03:54,105 - DEBUG - STREAM b'PLTE' 62 189
2026-04-28 16:03:54,105 - DEBUG - STREAM b'IDAT' 263 15403
2026-04-28 16:03:54,108 - DEBUG - Starting new HTTPS connection (1): mt0.google.com:443
2026-04-28 16:03:54,766 - DEBUG - https://mt0.google.com:443 "GET /vt/lyrs=m&hl=es&x=36755&y=68483&z=17 HTTP/1.1" 200 20640
2026-04-28 16:03:55,099 - DEBUG - STREAM b'IHDR' 16 13
2026-04-28 16:03:55,099 - DEBUG - STREAM b'pHYs' 41 9
2026-04-28 16:03:55,099 - DEBUG - STREAM b'PLTE' 62 210
2026-04-28 16:03:55,099 - DEBUG - STREAM b'IDAT' 284 20340
2026-04-28 16:03:55,101 - DEBUG - Starting new HTTPS connection (1): mt0.google.com:443
2026-04-28 16:03:55,979 - DEBUG - https://mt0.google.com:443 "GET /vt/lyrs=m&hl=es&x=36756&y=68491&z=17 HTTP/1.1" 200 16599
2026-04-28 16:03:55,981 - DEBUG - STREAM b'IHDR' 16 13
2026-04-28 16:03:55,981 - DEBUG - STREAM b'pHYs' 41 9
2026-04-28 16:03:55,981 - DEBUG - STREAM b'PLTE' 62 153
2026-04-28 16:03:55,983 - DEBUG - STREAM b'IDAT' 227 16356
2026-04-28 16:03:55,986 - DEBUG - Starting new HTTPS connection (1): mt0.google.com:443
2026-04-28 16:03:56,787 - DEBUG - https://mt0.google.com:443 "GET /vt/lyrs=m&hl=es&x=36756&y=68483&z=17 HTTP/1.1" 200 20762
2026-04-28 16:03:56,819 - DEBUG - STREAM b'IHDR' 16 13
2026-04-28 16:03:56,820 - DEBUG - STREAM b'pHYs' 41 9
2026-04-28 16:03:56,820 - DEBUG - STREAM b'PLTE' 62 144
2026-04-28 16:03:56,820 - DEBUG - STREAM b'IDAT' 218 20528
2026-04-28 16:03:56,822 - DEBUG - Starting new HTTPS connection (1): mt0.google.com:443
2026-04-28 16:03:57,519 - DEBUG - https://mt0.google.com:443 "GET /vt/lyrs=m&hl=es&x=36757&y=68491&z=17 HTTP/1.1" 200 18118
2026-04-28 16:03:57,538 - DEBUG - STREAM b'IHDR' 16 13
2026-04-28 16:03:57,538 - DEBUG - STREAM b'pHYs' 41 9
2026-04-28 16:03:57,538 - DEBUG - STREAM b'PLTE' 62 141
2026-04-28 16:03:57,539 - DEBUG - STREAM b'IDAT' 215 17887
2026-04-28 16:03:57,542 - DEBUG - Starting new HTTPS connection (1): mt0.google.com:443
2026-04-28 16:03:58,201 - DEBUG - https://mt0.google.com:443 "GET /vt/lyrs=m&hl=es&x=36757&y=68483&z=17 HTTP/1.1" 200 10577
2026-04-28 16:03:58,213 - DEBUG - STREAM b'IHDR' 16 13
2026-04-28 16:03:58,213 - DEBUG - STREAM b'pHYs' 41 9
2026-04-28 16:03:58,213 - DEBUG - STREAM b'PLTE' 62 162
2026-04-28 16:03:58,213 - DEBUG - STREAM b'IDAT' 236 10325
2026-04-28 16:03:58,221 - DEBUG - Starting new HTTPS connection (1): mt0.google.com:443
2026-04-28 16:03:58,882 - DEBUG - https://mt0.google.com:443 "GET /vt/lyrs=m&hl=es&x=36760&y=68491&z=17 HTTP/1.1" 200 8531
2026-04-28 16:03:58,892 - DEBUG - STREAM b'IHDR' 16 13
2026-04-28 16:03:58,892 - DEBUG - STREAM b'pHYs' 41 9
2026-04-28 16:03:58,892 - DEBUG - STREAM b'PLTE' 62 105
2026-04-28 16:03:58,892 - DEBUG - STREAM b'IDAT' 179 8336
2026-04-28 16:03:58,894 - DEBUG - Starting new HTTPS connection (1): mt0.google.com:443
2026-04-28 16:03:59,512 - DEBUG - https://mt0.google.com:443 "GET /vt/lyrs=m&hl=es&x=36760&y=68483&z=17 HTTP/1.1" 200 15213
2026-04-28 16:03:59,524 - DEBUG - STREAM b'IHDR' 16 13
2026-04-28 16:03:59,524 - DEBUG - STREAM b'pHYs' 41 9
2026-04-28 16:03:59,524 - DEBUG - STREAM b'PLTE' 62 147
2026-04-28 16:03:59,524 - DEBUG - STREAM b'IDAT' 221 14976
2026-04-28 16:03:59,527 - DEBUG - Starting new HTTPS connection (1): mt0.google.com:443
2026-04-28 16:04:00,340 - DEBUG - https://mt0.google.com:443 "GET /vt/lyrs=m&hl=es&x=36761&y=68491&z=17 HTTP/1.1" 200 9267
2026-04-28 16:04:00,342 - DEBUG - STREAM b'IHDR' 16 13
2026-04-28 16:04:00,342 - DEBUG - STREAM b'pHYs' 41 9
2026-04-28 16:04:00,342 - DEBUG - STREAM b'PLTE' 62 102
2026-04-28 16:04:00,342 - DEBUG - STREAM b'IDAT' 176 9075
2026-04-28 16:04:00,345 - DEBUG - Starting new HTTPS connection (1): mt0.google.com:443
2026-04-28 16:04:01,022 - DEBUG - https://mt0.google.com:443 "GET /vt/lyrs=m&hl=es&x=36761&y=68483&z=17 HTTP/1.1" 200 16806
2026-04-28 16:04:01,026 - DEBUG - STREAM b'IHDR' 16 13
2026-04-28 16:04:01,026 - DEBUG - STREAM b'pHYs' 41 9
2026-04-28 16:04:01,026 - DEBUG - STREAM b'PLTE' 62 159
2026-04-28 16:04:01,026 - DEBUG - STREAM b'IDAT' 233 16557
2026-04-28 16:04:01,029 - DEBUG - Starting new HTTPS connection (1): mt0.google.com:443
2026-04-28 16:04:01,848 - DEBUG - https://mt0.google.com:443 "GET /vt/lyrs=m&hl=es&x=36761&y=68484&z=17 HTTP/1.1" 200 15046
2026-04-28 16:04:01,899 - DEBUG - STREAM b'IHDR' 16 13
2026-04-28 16:04:01,900 - DEBUG - STREAM b'pHYs' 41 9
2026-04-28 16:04:01,900 - DEBUG - STREAM b'PLTE' 62 168
2026-04-28 16:04:01,900 - DEBUG - STREAM b'IDAT' 242 14788
2026-04-28 16:04:01,903 - DEBUG - Starting new HTTPS connection (1): mt0.google.com:443
2026-04-28 16:04:02,761 - DEBUG - https://mt0.google.com:443 "GET /vt/lyrs=m&hl=es&x=36753&y=68484&z=17 HTTP/1.1" 200 21534
2026-04-28 16:04:02,811 - DEBUG - STREAM b'IHDR' 16 13
2026-04-28 16:04:02,811 - DEBUG - STREAM b'pHYs' 41 9
2026-04-28 16:04:02,811 - DEBUG - STREAM b'PLTE' 62 195
2026-04-28 16:04:02,811 - DEBUG - STREAM b'IDAT' 269 21249
2026-04-28 16:04:02,814 - DEBUG - Starting new HTTPS connection (1): mt0.google.com:443
2026-04-28 16:04:03,707 - DEBUG - https://mt0.google.com:443 "GET /vt/lyrs=m&hl=es&x=36761&y=68485&z=17 HTTP/1.1" 200 21331
2026-04-28 16:04:03,753 - DEBUG - STREAM b'IHDR' 16 13
2026-04-28 16:04:03,753 - DEBUG - STREAM b'pHYs' 41 9
2026-04-28 16:04:03,755 - DEBUG - STREAM b'PLTE' 62 258
2026-04-28 16:04:03,755 - DEBUG - STREAM b'IDAT' 332 20983
2026-04-28 16:04:03,758 - DEBUG - Starting new HTTPS connection (1): mt0.google.com:443
2026-04-28 16:04:04,673 - DEBUG - https://mt0.google.com:443 "GET /vt/lyrs=m&hl=es&x=36753&y=68485&z=17 HTTP/1.1" 200 20846
2026-04-28 16:04:04,799 - DEBUG - STREAM b'IHDR' 16 13
2026-04-28 16:04:04,799 - DEBUG - STREAM b'pHYs' 41 9
2026-04-28 16:04:04,799 - DEBUG - STREAM b'PLTE' 62 180
2026-04-28 16:04:04,799 - DEBUG - STREAM b'IDAT' 254 20576
2026-04-28 16:04:04,803 - DEBUG - Starting new HTTPS connection (1): mt0.google.com:443
2026-04-28 16:04:05,475 - DEBUG - https://mt0.google.com:443 "GET /vt/lyrs=m&hl=es&x=36761&y=68486&z=17 HTTP/1.1" 200 19574
2026-04-28 16:04:05,521 - DEBUG - STREAM b'IHDR' 16 13
2026-04-28 16:04:05,521 - DEBUG - STREAM b'pHYs' 41 9
2026-04-28 16:04:05,521 - DEBUG - STREAM b'PLTE' 62 105
2026-04-28 16:04:05,521 - DEBUG - STREAM b'IDAT' 179 19379
2026-04-28 16:04:05,525 - DEBUG - Starting new HTTPS connection (1): mt0.google.com:443
2026-04-28 16:04:06,169 - DEBUG - https://mt0.google.com:443 "GET /vt/lyrs=m&hl=es&x=36753&y=68486&z=17 HTTP/1.1" 200 10029
2026-04-28 16:04:06,177 - DEBUG - STREAM b'IHDR' 16 13
2026-04-28 16:04:06,177 - DEBUG - STREAM b'pHYs' 41 9
2026-04-28 16:04:06,177 - DEBUG - STREAM b'PLTE' 62 174
2026-04-28 16:04:06,177 - DEBUG - STREAM b'IDAT' 248 9765
2026-04-28 16:04:06,178 - DEBUG - Starting new HTTPS connection (1): mt0.google.com:443
2026-04-28 16:04:06,874 - DEBUG - https://mt0.google.com:443 "GET /vt/lyrs=m&hl=es&x=36761&y=68487&z=17 HTTP/1.1" 200 19616
2026-04-28 16:04:06,919 - DEBUG - STREAM b'IHDR' 16 13
2026-04-28 16:04:06,919 - DEBUG - STREAM b'pHYs' 41 9
2026-04-28 16:04:06,919 - DEBUG - STREAM b'PLTE' 62 150
2026-04-28 16:04:06,919 - DEBUG - STREAM b'IDAT' 224 19376
2026-04-28 16:04:06,922 - DEBUG - Starting new HTTPS connection (1): mt0.google.com:443
2026-04-28 16:04:07,570 - DEBUG - https://mt0.google.com:443 "GET /vt/lyrs=m&hl=es&x=36753&y=68487&z=17 HTTP/1.1" 200 20996
2026-04-28 16:04:07,620 - DEBUG - STREAM b'IHDR' 16 13
2026-04-28 16:04:07,620 - DEBUG - STREAM b'pHYs' 41 9
2026-04-28 16:04:07,621 - DEBUG - STREAM b'PLTE' 62 156
2026-04-28 16:04:07,621 - DEBUG - STREAM b'IDAT' 230 20750
2026-04-28 16:04:07,624 - DEBUG - Starting new HTTPS connection (1): mt0.google.com:443
2026-04-28 16:04:08,388 - DEBUG - https://mt0.google.com:443 "GET /vt/lyrs=m&hl=es&x=36761&y=68488&z=17 HTTP/1.1" 200 22074
2026-04-28 16:04:08,496 - DEBUG - STREAM b'IHDR' 16 13
2026-04-28 16:04:08,496 - DEBUG - STREAM b'pHYs' 41 9
2026-04-28 16:04:08,496 - DEBUG - STREAM b'PLTE' 62 174
2026-04-28 16:04:08,497 - DEBUG - STREAM b'IDAT' 248 21810
2026-04-28 16:04:08,500 - DEBUG - Starting new HTTPS connection (1): mt0.google.com:443
2026-04-28 16:04:09,159 - DEBUG - https://mt0.google.com:443 "GET /vt/lyrs=m&hl=es&x=36753&y=68488&z=17 HTTP/1.1" 200 17158
2026-04-28 16:04:09,173 - DEBUG - STREAM b'IHDR' 16 13
2026-04-28 16:04:09,174 - DEBUG - STREAM b'pHYs' 41 9
2026-04-28 16:04:09,174 - DEBUG - STREAM b'PLTE' 62 126
2026-04-28 16:04:09,174 - DEBUG - STREAM b'IDAT' 200 16942
2026-04-28 16:04:09,176 - DEBUG - Starting new HTTPS connection (1): mt0.google.com:443
2026-04-28 16:04:09,996 - DEBUG - https://mt0.google.com:443 "GET /vt/lyrs=m&hl=es&x=36761&y=68489&z=17 HTTP/1.1" 200 21777
2026-04-28 16:04:10,043 - DEBUG - STREAM b'IHDR' 16 13
2026-04-28 16:04:10,043 - DEBUG - STREAM b'pHYs' 41 9
2026-04-28 16:04:10,043 - DEBUG - STREAM b'PLTE' 62 180
2026-04-28 16:04:10,044 - DEBUG - STREAM b'IDAT' 254 21507
2026-04-28 16:04:10,046 - DEBUG - Starting new HTTPS connection (1): mt0.google.com:443
2026-04-28 16:04:10,884 - DEBUG - https://mt0.google.com:443 "GET /vt/lyrs=m&hl=es&x=36753&y=68489&z=17 HTTP/1.1" 200 14470
2026-04-28 16:04:10,888 - DEBUG - STREAM b'IHDR' 16 13
2026-04-28 16:04:10,888 - DEBUG - STREAM b'pHYs' 41 9
2026-04-28 16:04:10,888 - DEBUG - STREAM b'PLTE' 62 162
2026-04-28 16:04:10,888 - DEBUG - STREAM b'IDAT' 236 14218
2026-04-28 16:04:10,894 - DEBUG - Starting new HTTPS connection (1): mt0.google.com:443
2026-04-28 16:04:11,603 - DEBUG - https://mt0.google.com:443 "GET /vt/lyrs=m&hl=es&x=36761&y=68490&z=17 HTTP/1.1" 200 17697
2026-04-28 16:04:11,634 - DEBUG - STREAM b'IHDR' 16 13
2026-04-28 16:04:11,634 - DEBUG - STREAM b'pHYs' 41 9
2026-04-28 16:04:11,634 - DEBUG - STREAM b'PLTE' 62 165
2026-04-28 16:04:11,634 - DEBUG - STREAM b'IDAT' 239 17442
2026-04-28 16:04:11,639 - DEBUG - Starting new HTTPS connection (1): mt0.google.com:443
2026-04-28 16:04:13,404 - DEBUG - https://mt0.google.com:443 "GET /vt/lyrs=m&hl=es&x=36753&y=68490&z=17 HTTP/1.1" 200 13423
2026-04-28 16:04:13,476 - DEBUG - STREAM b'IHDR' 16 13
2026-04-28 16:04:13,476 - DEBUG - STREAM b'pHYs' 41 9
2026-04-28 16:04:13,476 - DEBUG - STREAM b'PLTE' 62 147
2026-04-28 16:04:13,476 - DEBUG - STREAM b'IDAT' 221 13186
2026-04-28 16:04:13,481 - DEBUG - Starting new HTTPS connection (1): mt0.google.com:443
2026-04-28 16:04:14,125 - DEBUG - https://mt0.google.com:443 "GET /vt/lyrs=m&hl=es&x=36752&y=68492&z=17 HTTP/1.1" 200 8597
2026-04-28 16:04:14,132 - DEBUG - STREAM b'IHDR' 16 13
2026-04-28 16:04:14,132 - DEBUG - STREAM b'pHYs' 41 9
2026-04-28 16:04:14,132 - DEBUG - STREAM b'PLTE' 62 114
2026-04-28 16:04:14,133 - DEBUG - STREAM b'IDAT' 188 8393
2026-04-28 16:04:14,136 - DEBUG - Starting new HTTPS connection (1): mt0.google.com:443
2026-04-28 16:04:14,795 - DEBUG - https://mt0.google.com:443 "GET /vt/lyrs=m&hl=es&x=36752&y=68482&z=17 HTTP/1.1" 200 17331
2026-04-28 16:04:14,815 - DEBUG - STREAM b'IHDR' 16 13
2026-04-28 16:04:14,815 - DEBUG - STREAM b'pHYs' 41 9
2026-04-28 16:04:14,816 - DEBUG - STREAM b'PLTE' 62 195
2026-04-28 16:04:14,816 - DEBUG - STREAM b'IDAT' 269 17046
2026-04-28 16:04:14,818 - DEBUG - Starting new HTTPS connection (1): mt0.google.com:443
2026-04-28 16:04:15,485 - DEBUG - https://mt0.google.com:443 "GET /vt/lyrs=m&hl=es&x=36753&y=68492&z=17 HTTP/1.1" 200 14967
2026-04-28 16:04:15,502 - DEBUG - STREAM b'IHDR' 16 13
2026-04-28 16:04:15,503 - DEBUG - STREAM b'pHYs' 41 9
2026-04-28 16:04:15,503 - DEBUG - STREAM b'PLTE' 62 120
2026-04-28 16:04:15,503 - DEBUG - STREAM b'IDAT' 194 14757
2026-04-28 16:04:15,505 - DEBUG - Starting new HTTPS connection (1): mt0.google.com:443
2026-04-28 16:04:16,194 - DEBUG - https://mt0.google.com:443 "GET /vt/lyrs=m&hl=es&x=36753&y=68482&z=17 HTTP/1.1" 200 20286
2026-04-28 16:04:16,286 - DEBUG - STREAM b'IHDR' 16 13
2026-04-28 16:04:16,286 - DEBUG - STREAM b'pHYs' 41 9
2026-04-28 16:04:16,286 - DEBUG - STREAM b'PLTE' 62 198
2026-04-28 16:04:16,286 - DEBUG - STREAM b'IDAT' 272 19998
2026-04-28 16:04:16,290 - DEBUG - Starting new HTTPS connection (1): mt0.google.com:443
2026-04-28 16:04:17,073 - DEBUG - https://mt0.google.com:443 "GET /vt/lyrs=m&hl=es&x=36754&y=68492&z=17 HTTP/1.1" 200 17261
2026-04-28 16:04:17,086 - DEBUG - STREAM b'IHDR' 16 13
2026-04-28 16:04:17,087 - DEBUG - STREAM b'pHYs' 41 9
2026-04-28 16:04:17,087 - DEBUG - STREAM b'PLTE' 62 237
2026-04-28 16:04:17,087 - DEBUG - STREAM b'IDAT' 311 16934
2026-04-28 16:04:17,096 - DEBUG - Starting new HTTPS connection (1): mt0.google.com:443
2026-04-28 16:04:17,815 - DEBUG - https://mt0.google.com:443 "GET /vt/lyrs=m&hl=es&x=36754&y=68482&z=17 HTTP/1.1" 200 20522
2026-04-28 16:04:17,863 - DEBUG - STREAM b'IHDR' 16 13
2026-04-28 16:04:17,863 - DEBUG - STREAM b'pHYs' 41 9
2026-04-28 16:04:17,863 - DEBUG - STREAM b'PLTE' 62 147
2026-04-28 16:04:17,863 - DEBUG - STREAM b'IDAT' 221 20285
2026-04-28 16:04:17,867 - DEBUG - Starting new HTTPS connection (1): mt0.google.com:443
2026-04-28 16:04:18,636 - DEBUG - https://mt0.google.com:443 "GET /vt/lyrs=m&hl=es&x=36755&y=68492&z=17 HTTP/1.1" 200 18216
2026-04-28 16:04:18,662 - DEBUG - STREAM b'IHDR' 16 13
2026-04-28 16:04:18,663 - DEBUG - STREAM b'pHYs' 41 9
2026-04-28 16:04:18,663 - DEBUG - STREAM b'PLTE' 62 108
2026-04-28 16:04:18,663 - DEBUG - STREAM b'IDAT' 182 18018
2026-04-28 16:04:18,666 - DEBUG - Starting new HTTPS connection (1): mt0.google.com:443
2026-04-28 16:04:19,482 - DEBUG - https://mt0.google.com:443 "GET /vt/lyrs=m&hl=es&x=36755&y=68482&z=17 HTTP/1.1" 200 22174
2026-04-28 16:04:19,574 - DEBUG - STREAM b'IHDR' 16 13
2026-04-28 16:04:19,574 - DEBUG - STREAM b'pHYs' 41 9
2026-04-28 16:04:19,575 - DEBUG - STREAM b'PLTE' 62 177
2026-04-28 16:04:19,575 - DEBUG - STREAM b'IDAT' 251 21907
2026-04-28 16:04:19,578 - DEBUG - Starting new HTTPS connection (1): mt0.google.com:443
2026-04-28 16:04:20,495 - DEBUG - https://mt0.google.com:443 "GET /vt/lyrs=m&hl=es&x=36756&y=68492&z=17 HTTP/1.1" 200 16689
2026-04-28 16:04:20,509 - DEBUG - STREAM b'IHDR' 16 13
2026-04-28 16:04:20,511 - DEBUG - STREAM b'pHYs' 41 9
2026-04-28 16:04:20,512 - DEBUG - STREAM b'PLTE' 62 90
2026-04-28 16:04:20,512 - DEBUG - STREAM b'IDAT' 164 16509
2026-04-28 16:04:20,513 - DEBUG - Starting new HTTPS connection (1): mt0.google.com:443
2026-04-28 16:04:21,147 - DEBUG - https://mt0.google.com:443 "GET /vt/lyrs=m&hl=es&x=36756&y=68482&z=17 HTTP/1.1" 200 22092
2026-04-28 16:04:21,197 - DEBUG - STREAM b'IHDR' 16 13
2026-04-28 16:04:21,197 - DEBUG - STREAM b'pHYs' 41 9
2026-04-28 16:04:21,197 - DEBUG - STREAM b'PLTE' 62 210
2026-04-28 16:04:21,198 - DEBUG - STREAM b'IDAT' 284 21792
2026-04-28 16:04:21,203 - DEBUG - Starting new HTTPS connection (1): mt0.google.com:443
2026-04-28 16:04:21,842 - DEBUG - https://mt0.google.com:443 "GET /vt/lyrs=m&hl=es&x=36757&y=68492&z=17 HTTP/1.1" 200 18733
2026-04-28 16:04:21,883 - DEBUG - STREAM b'IHDR' 16 13
2026-04-28 16:04:21,883 - DEBUG - STREAM b'pHYs' 41 9
2026-04-28 16:04:21,883 - DEBUG - STREAM b'PLTE' 62 177
2026-04-28 16:04:21,883 - DEBUG - STREAM b'IDAT' 251 18466
2026-04-28 16:04:21,886 - DEBUG - Starting new HTTPS connection (1): mt0.google.com:443
2026-04-28 16:04:22,582 - DEBUG - https://mt0.google.com:443 "GET /vt/lyrs=m&hl=es&x=36757&y=68482&z=17 HTTP/1.1" 200 18338
2026-04-28 16:04:22,602 - DEBUG - STREAM b'IHDR' 16 13
2026-04-28 16:04:22,603 - DEBUG - STREAM b'pHYs' 41 9
2026-04-28 16:04:22,603 - DEBUG - STREAM b'PLTE' 62 150
2026-04-28 16:04:22,603 - DEBUG - STREAM b'IDAT' 224 18098
2026-04-28 16:04:22,606 - DEBUG - Starting new HTTPS connection (1): mt0.google.com:443
2026-04-28 16:04:23,220 - DEBUG - https://mt0.google.com:443 "GET /vt/lyrs=m&hl=es&x=36758&y=68492&z=17 HTTP/1.1" 200 15343
2026-04-28 16:04:23,235 - DEBUG - STREAM b'IHDR' 16 13
2026-04-28 16:04:23,235 - DEBUG - STREAM b'pHYs' 41 9
2026-04-28 16:04:23,235 - DEBUG - STREAM b'PLTE' 62 168
2026-04-28 16:04:23,235 - DEBUG - STREAM b'IDAT' 242 15085
2026-04-28 16:04:23,239 - DEBUG - Starting new HTTPS connection (1): mt0.google.com:443
2026-04-28 16:04:23,895 - DEBUG - https://mt0.google.com:443 "GET /vt/lyrs=m&hl=es&x=36758&y=68482&z=17 HTTP/1.1" 200 20330
2026-04-28 16:04:23,940 - DEBUG - STREAM b'IHDR' 16 13
2026-04-28 16:04:23,940 - DEBUG - STREAM b'pHYs' 41 9
2026-04-28 16:04:23,940 - DEBUG - STREAM b'PLTE' 62 162
2026-04-28 16:04:23,940 - DEBUG - STREAM b'IDAT' 236 20078
2026-04-28 16:04:23,943 - DEBUG - Starting new HTTPS connection (1): mt0.google.com:443
2026-04-28 16:04:24,569 - DEBUG - https://mt0.google.com:443 "GET /vt/lyrs=m&hl=es&x=36759&y=68492&z=17 HTTP/1.1" 200 17915
2026-04-28 16:04:24,589 - DEBUG - STREAM b'IHDR' 16 13
2026-04-28 16:04:24,589 - DEBUG - STREAM b'pHYs' 41 9
2026-04-28 16:04:24,589 - DEBUG - STREAM b'PLTE' 62 102
2026-04-28 16:04:24,589 - DEBUG - STREAM b'IDAT' 176 17723
2026-04-28 16:04:24,591 - DEBUG - Starting new HTTPS connection (1): mt0.google.com:443
2026-04-28 16:04:25,203 - DEBUG - https://mt0.google.com:443 "GET /vt/lyrs=m&hl=es&x=36759&y=68482&z=17 HTTP/1.1" 200 14606
2026-04-28 16:04:25,246 - DEBUG - STREAM b'IHDR' 16 13
2026-04-28 16:04:25,246 - DEBUG - STREAM b'pHYs' 41 9
2026-04-28 16:04:25,246 - DEBUG - STREAM b'PLTE' 62 168
2026-04-28 16:04:25,246 - DEBUG - STREAM b'IDAT' 242 14348
2026-04-28 16:04:25,248 - DEBUG - Starting new HTTPS connection (1): mt0.google.com:443
2026-04-28 16:04:25,923 - DEBUG - https://mt0.google.com:443 "GET /vt/lyrs=m&hl=es&x=36760&y=68492&z=17 HTTP/1.1" 200 16403
2026-04-28 16:04:25,976 - DEBUG - STREAM b'IHDR' 16 13
2026-04-28 16:04:25,977 - DEBUG - STREAM b'pHYs' 41 9
2026-04-28 16:04:25,977 - DEBUG - STREAM b'PLTE' 62 171
2026-04-28 16:04:25,977 - DEBUG - STREAM b'IDAT' 245 16142
2026-04-28 16:04:25,980 - DEBUG - Starting new HTTPS connection (1): mt0.google.com:443
2026-04-28 16:04:26,711 - DEBUG - https://mt0.google.com:443 "GET /vt/lyrs=m&hl=es&x=36760&y=68482&z=17 HTTP/1.1" 200 14941
2026-04-28 16:04:26,764 - DEBUG - STREAM b'IHDR' 16 13
2026-04-28 16:04:26,765 - DEBUG - STREAM b'pHYs' 41 9
2026-04-28 16:04:26,765 - DEBUG - STREAM b'PLTE' 62 144
2026-04-28 16:04:26,765 - DEBUG - STREAM b'IDAT' 218 14707
2026-04-28 16:04:26,769 - DEBUG - Starting new HTTPS connection (1): mt0.google.com:443
2026-04-28 16:04:27,480 - DEBUG - https://mt0.google.com:443 "GET /vt/lyrs=m&hl=es&x=36761&y=68492&z=17 HTTP/1.1" 200 11611
2026-04-28 16:04:27,483 - DEBUG - STREAM b'IHDR' 16 13
2026-04-28 16:04:27,483 - DEBUG - STREAM b'pHYs' 41 9
2026-04-28 16:04:27,483 - DEBUG - STREAM b'PLTE' 62 174
2026-04-28 16:04:27,483 - DEBUG - STREAM b'IDAT' 248 11347
2026-04-28 16:04:27,485 - DEBUG - Starting new HTTPS connection (1): mt0.google.com:443
2026-04-28 16:04:28,078 - DEBUG - https://mt0.google.com:443 "GET /vt/lyrs=m&hl=es&x=36761&y=68482&z=17 HTTP/1.1" 200 14401
2026-04-28 16:04:28,081 - DEBUG - STREAM b'IHDR' 16 13
2026-04-28 16:04:28,081 - DEBUG - STREAM b'pHYs' 41 9
2026-04-28 16:04:28,081 - DEBUG - STREAM b'PLTE' 62 111
2026-04-28 16:04:28,081 - DEBUG - STREAM b'IDAT' 185 14200
2026-04-28 16:04:28,084 - DEBUG - Starting new HTTPS connection (1): mt0.google.com:443
2026-04-28 16:04:28,639 - DEBUG - https://mt0.google.com:443 "GET /vt/lyrs=m&hl=es&x=36762&y=68492&z=17 HTTP/1.1" 200 13328
2026-04-28 16:04:28,704 - DEBUG - STREAM b'IHDR' 16 13
2026-04-28 16:04:28,704 - DEBUG - STREAM b'pHYs' 41 9
2026-04-28 16:04:28,704 - DEBUG - STREAM b'PLTE' 62 165
2026-04-28 16:04:28,704 - DEBUG - STREAM b'IDAT' 239 13073
2026-04-28 16:04:28,705 - DEBUG - Starting new HTTPS connection (1): mt0.google.com:443
2026-04-28 16:04:29,254 - DEBUG - https://mt0.google.com:443 "GET /vt/lyrs=m&hl=es&x=36762&y=68482&z=17 HTTP/1.1" 200 17650
2026-04-28 16:04:29,338 - DEBUG - STREAM b'IHDR' 16 13
2026-04-28 16:04:29,338 - DEBUG - STREAM b'pHYs' 41 9
2026-04-28 16:04:29,338 - DEBUG - STREAM b'PLTE' 62 129
2026-04-28 16:04:29,338 - DEBUG - STREAM b'IDAT' 203 17431
2026-04-28 16:04:29,341 - DEBUG - Starting new HTTPS connection (1): mt0.google.com:443
2026-04-28 16:04:30,296 - DEBUG - https://mt0.google.com:443 "GET /vt/lyrs=m&hl=es&x=36762&y=68483&z=17 HTTP/1.1" 200 17027
2026-04-28 16:04:30,813 - DEBUG - STREAM b'IHDR' 16 13
2026-04-28 16:04:30,813 - DEBUG - STREAM b'pHYs' 41 9
2026-04-28 16:04:30,814 - DEBUG - STREAM b'PLTE' 62 186
2026-04-28 16:04:30,814 - DEBUG - STREAM b'IDAT' 260 16751
2026-04-28 16:04:30,819 - DEBUG - Starting new HTTPS connection (1): mt0.google.com:443
2026-04-28 16:04:31,253 - DEBUG - https://mt0.google.com:443 "GET /vt/lyrs=m&hl=es&x=36752&y=68483&z=17 HTTP/1.1" 200 19442
2026-04-28 16:04:31,301 - DEBUG - STREAM b'IHDR' 16 13
2026-04-28 16:04:31,301 - DEBUG - STREAM b'pHYs' 41 9
2026-04-28 16:04:31,301 - DEBUG - STREAM b'PLTE' 62 171
2026-04-28 16:04:31,301 - DEBUG - STREAM b'IDAT' 245 19181
2026-04-28 16:04:31,302 - DEBUG - Starting new HTTPS connection (1): mt0.google.com:443
2026-04-28 16:04:31,798 - DEBUG - https://mt0.google.com:443 "GET /vt/lyrs=m&hl=es&x=36762&y=68484&z=17 HTTP/1.1" 200 14391
2026-04-28 16:04:31,813 - DEBUG - STREAM b'IHDR' 16 13
2026-04-28 16:04:31,813 - DEBUG - STREAM b'pHYs' 41 9
2026-04-28 16:04:31,813 - DEBUG - STREAM b'PLTE' 62 159
2026-04-28 16:04:31,813 - DEBUG - STREAM b'IDAT' 233 14142
2026-04-28 16:04:31,816 - DEBUG - Starting new HTTPS connection (1): mt0.google.com:443
2026-04-28 16:04:32,265 - DEBUG - https://mt0.google.com:443 "GET /vt/lyrs=m&hl=es&x=36752&y=68484&z=17 HTTP/1.1" 200 20213
2026-04-28 16:04:32,316 - DEBUG - STREAM b'IHDR' 16 13
2026-04-28 16:04:32,316 - DEBUG - STREAM b'pHYs' 41 9
2026-04-28 16:04:32,316 - DEBUG - STREAM b'PLTE' 62 213
2026-04-28 16:04:32,316 - DEBUG - STREAM b'IDAT' 287 19910
2026-04-28 16:04:32,319 - DEBUG - Starting new HTTPS connection (1): mt0.google.com:443
2026-04-28 16:04:32,757 - DEBUG - https://mt0.google.com:443 "GET /vt/lyrs=m&hl=es&x=36762&y=68485&z=17 HTTP/1.1" 200 18412
2026-04-28 16:04:32,770 - DEBUG - STREAM b'IHDR' 16 13
2026-04-28 16:04:32,770 - DEBUG - STREAM b'pHYs' 41 9
2026-04-28 16:04:32,771 - DEBUG - STREAM b'PLTE' 62 225
2026-04-28 16:04:32,771 - DEBUG - STREAM b'IDAT' 299 18097
2026-04-28 16:04:32,775 - DEBUG - Starting new HTTPS connection (1): mt0.google.com:443
2026-04-28 16:04:33,226 - DEBUG - https://mt0.google.com:443 "GET /vt/lyrs=m&hl=es&x=36752&y=68485&z=17 HTTP/1.1" 200 18607
2026-04-28 16:04:33,270 - DEBUG - STREAM b'IHDR' 16 13
2026-04-28 16:04:33,270 - DEBUG - STREAM b'pHYs' 41 9
2026-04-28 16:04:33,270 - DEBUG - STREAM b'PLTE' 62 114
2026-04-28 16:04:33,270 - DEBUG - STREAM b'IDAT' 188 18403
2026-04-28 16:04:33,272 - DEBUG - Starting new HTTPS connection (1): mt0.google.com:443
2026-04-28 16:04:33,761 - DEBUG - https://mt0.google.com:443 "GET /vt/lyrs=m&hl=es&x=36762&y=68486&z=17 HTTP/1.1" 200 18341
2026-04-28 16:04:33,781 - DEBUG - STREAM b'IHDR' 16 13
2026-04-28 16:04:33,782 - DEBUG - STREAM b'pHYs' 41 9
2026-04-28 16:04:33,782 - DEBUG - STREAM b'PLTE' 62 147
2026-04-28 16:04:33,782 - DEBUG - STREAM b'IDAT' 221 18104
2026-04-28 16:04:33,785 - DEBUG - Starting new HTTPS connection (1): mt0.google.com:443
2026-04-28 16:04:34,258 - DEBUG - https://mt0.google.com:443 "GET /vt/lyrs=m&hl=es&x=36752&y=68486&z=17 HTTP/1.1" 200 20615
2026-04-28 16:04:34,301 - DEBUG - STREAM b'IHDR' 16 13
2026-04-28 16:04:34,301 - DEBUG - STREAM b'pHYs' 41 9
2026-04-28 16:04:34,301 - DEBUG - STREAM b'PLTE' 62 141
2026-04-28 16:04:34,301 - DEBUG - STREAM b'IDAT' 215 20384
2026-04-28 16:04:34,305 - DEBUG - Starting new HTTPS connection (1): mt0.google.com:443
2026-04-28 16:04:34,804 - DEBUG - https://mt0.google.com:443 "GET /vt/lyrs=m&hl=es&x=36762&y=68487&z=17 HTTP/1.1" 200 17845
2026-04-28 16:04:34,823 - DEBUG - STREAM b'IHDR' 16 13
2026-04-28 16:04:34,823 - DEBUG - STREAM b'pHYs' 41 9
2026-04-28 16:04:34,823 - DEBUG - STREAM b'PLTE' 62 156
2026-04-28 16:04:34,823 - DEBUG - STREAM b'IDAT' 230 17599
2026-04-28 16:04:34,825 - DEBUG - Starting new HTTPS connection (1): mt0.google.com:443
2026-04-28 16:04:35,305 - DEBUG - https://mt0.google.com:443 "GET /vt/lyrs=m&hl=es&x=36752&y=68487&z=17 HTTP/1.1" 200 19308
2026-04-28 16:04:35,354 - DEBUG - STREAM b'IHDR' 16 13
2026-04-28 16:04:35,354 - DEBUG - STREAM b'pHYs' 41 9
2026-04-28 16:04:35,354 - DEBUG - STREAM b'PLTE' 62 123
2026-04-28 16:04:35,354 - DEBUG - STREAM b'IDAT' 197 19095
2026-04-28 16:04:35,357 - DEBUG - Starting new HTTPS connection (1): mt0.google.com:443
2026-04-28 16:04:35,830 - DEBUG - https://mt0.google.com:443 "GET /vt/lyrs=m&hl=es&x=36762&y=68488&z=17 HTTP/1.1" 200 19832
2026-04-28 16:04:35,881 - DEBUG - STREAM b'IHDR' 16 13
2026-04-28 16:04:35,881 - DEBUG - STREAM b'pHYs' 41 9
2026-04-28 16:04:35,881 - DEBUG - STREAM b'PLTE' 62 123
2026-04-28 16:04:35,881 - DEBUG - STREAM b'IDAT' 197 19619
2026-04-28 16:04:35,881 - DEBUG - Starting new HTTPS connection (1): mt0.google.com:443
2026-04-28 16:04:36,541 - DEBUG - https://mt0.google.com:443 "GET /vt/lyrs=m&hl=es&x=36752&y=68488&z=17 HTTP/1.1" 200 9230
2026-04-28 16:04:36,551 - DEBUG - STREAM b'IHDR' 16 13
2026-04-28 16:04:36,551 - DEBUG - STREAM b'pHYs' 41 9
2026-04-28 16:04:36,551 - DEBUG - STREAM b'PLTE' 62 171
2026-04-28 16:04:36,551 - DEBUG - STREAM b'IDAT' 245 8969
2026-04-28 16:04:36,551 - DEBUG - Starting new HTTPS connection (1): mt0.google.com:443
2026-04-28 16:04:37,288 - DEBUG - https://mt0.google.com:443 "GET /vt/lyrs=m&hl=es&x=36762&y=68489&z=17 HTTP/1.1" 200 17911
2026-04-28 16:04:37,307 - DEBUG - STREAM b'IHDR' 16 13
2026-04-28 16:04:37,308 - DEBUG - STREAM b'pHYs' 41 9
2026-04-28 16:04:37,308 - DEBUG - STREAM b'PLTE' 62 171
2026-04-28 16:04:37,308 - DEBUG - STREAM b'IDAT' 245 17650
2026-04-28 16:04:37,309 - DEBUG - Starting new HTTPS connection (1): mt0.google.com:443
2026-04-28 16:04:38,059 - DEBUG - https://mt0.google.com:443 "GET /vt/lyrs=m&hl=es&x=36752&y=68489&z=17 HTTP/1.1" 200 7698
2026-04-28 16:04:38,077 - DEBUG - STREAM b'IHDR' 16 13
2026-04-28 16:04:38,077 - DEBUG - STREAM b'pHYs' 41 9
2026-04-28 16:04:38,077 - DEBUG - STREAM b'PLTE' 62 135
2026-04-28 16:04:38,077 - DEBUG - STREAM b'IDAT' 209 7473
2026-04-28 16:04:38,078 - DEBUG - Starting new HTTPS connection (1): mt0.google.com:443
2026-04-28 16:04:38,910 - DEBUG - https://mt0.google.com:443 "GET /vt/lyrs=m&hl=es&x=36762&y=68490&z=17 HTTP/1.1" 200 19444
2026-04-28 16:04:38,999 - DEBUG - STREAM b'IHDR' 16 13
2026-04-28 16:04:38,999 - DEBUG - STREAM b'pHYs' 41 9
2026-04-28 16:04:38,999 - DEBUG - STREAM b'PLTE' 62 147
2026-04-28 16:04:38,999 - DEBUG - STREAM b'IDAT' 221 19207
2026-04-28 16:04:39,000 - DEBUG - Starting new HTTPS connection (1): mt0.google.com:443
2026-04-28 16:04:39,811 - DEBUG - https://mt0.google.com:443 "GET /vt/lyrs=m&hl=es&x=36752&y=68490&z=17 HTTP/1.1" 200 11133
2026-04-28 16:04:39,815 - DEBUG - STREAM b'IHDR' 16 13
2026-04-28 16:04:39,815 - DEBUG - STREAM b'pHYs' 41 9
2026-04-28 16:04:39,815 - DEBUG - STREAM b'PLTE' 62 126
2026-04-28 16:04:39,816 - DEBUG - STREAM b'IDAT' 200 10917
2026-04-28 16:04:39,817 - DEBUG - Starting new HTTPS connection (1): mt0.google.com:443
2026-04-28 16:04:40,607 - DEBUG - https://mt0.google.com:443 "GET /vt/lyrs=m&hl=es&x=36762&y=68491&z=17 HTTP/1.1" 200 19022
2026-04-28 16:04:40,655 - DEBUG - STREAM b'IHDR' 16 13
2026-04-28 16:04:40,656 - DEBUG - STREAM b'pHYs' 41 9
2026-04-28 16:04:40,656 - DEBUG - STREAM b'PLTE' 62 150
2026-04-28 16:04:40,656 - DEBUG - STREAM b'IDAT' 224 18782
2026-04-28 16:04:40,658 - DEBUG - Starting new HTTPS connection (1): mt0.google.com:443
2026-04-28 16:04:41,563 - DEBUG - https://mt0.google.com:443 "GET /vt/lyrs=m&hl=es&x=36752&y=68491&z=17 HTTP/1.1" 200 9980
2026-04-28 16:04:41,566 - DEBUG - STREAM b'IHDR' 16 13
2026-04-28 16:04:41,566 - DEBUG - STREAM b'pHYs' 41 9
2026-04-28 16:04:41,567 - DEBUG - STREAM b'PLTE' 62 99
2026-04-28 16:04:41,567 - DEBUG - STREAM b'IDAT' 173 9791
2026-04-28 16:05:11,907 - INFO - Iniciando aplicación Gestor Maestro v3.9
2026-04-28 16:05:12,010 - INFO - 🌐 Servidor automático iniciado en http://localhost:8000
2026-04-28 23:43:50,729 - INFO - Iniciando aplicación Gestor Maestro v3.9
2026-04-28 23:43:50,851 - INFO - 🌐 Servidor automático iniciado en http://localhost:8000
2026-04-28 23:43:53,476 - DEBUG - Starting new HTTPS connection (1): mt0.google.com:443
2026-04-28 23:43:53,476 - DEBUG - Starting new HTTPS connection (1): mt0.google.com:443
2026-04-28 23:43:53,476 - DEBUG - Starting new HTTPS connection (1): mt0.google.com:443
2026-04-28 23:43:53,476 - DEBUG - Starting new HTTPS connection (1): mt0.google.com:443
2026-04-28 23:43:53,536 - DEBUG - Starting new HTTPS connection (1): mt0.google.com:443
2026-04-28 23:43:53,536 - DEBUG - Starting new HTTPS connection (1): mt0.google.com:443
2026-04-28 23:43:53,561 - DEBUG - Starting new HTTPS connection (1): mt0.google.com:443
2026-04-28 23:43:53,845 - DEBUG - Starting new HTTPS connection (1): mt0.google.com:443
2026-04-28 23:43:53,845 - DEBUG - Starting new HTTPS connection (1): mt0.google.com:443
2026-04-28 23:43:53,845 - DEBUG - Starting new HTTPS connection (1): mt0.google.com:443
2026-04-28 23:43:53,845 - DEBUG - Starting new HTTPS connection (1): mt0.google.com:443
2026-04-28 23:43:53,845 - DEBUG - Starting new HTTPS connection (1): mt0.google.com:443
2026-04-28 23:43:53,845 - DEBUG - Starting new HTTPS connection (1): mt0.google.com:443
2026-04-28 23:43:53,856 - DEBUG - Starting new HTTPS connection (1): mt0.google.com:443
2026-04-28 23:43:53,857 - DEBUG - Starting new HTTPS connection (1): mt0.google.com:443
2026-04-28 23:43:53,857 - DEBUG - Starting new HTTPS connection (1): mt0.google.com:443
2026-04-28 23:43:53,857 - DEBUG - Starting new HTTPS connection (1): mt0.google.com:443
2026-04-28 23:43:53,857 - DEBUG - Starting new HTTPS connection (1): mt0.google.com:443
2026-04-28 23:43:53,857 - DEBUG - Starting new HTTPS connection (1): mt0.google.com:443
2026-04-28 23:43:53,857 - DEBUG - Starting new HTTPS connection (1): mt0.google.com:443
2026-04-28 23:43:53,857 - DEBUG - Starting new HTTPS connection (1): mt0.google.com:443
2026-04-28 23:43:53,857 - DEBUG - Starting new HTTPS connection (1): mt0.google.com:443
2026-04-28 23:43:54,330 - DEBUG - https://mt0.google.com:443 "GET /vt/lyrs=m&hl=es&x=70405&y=42988&z=17 HTTP/1.1" 200 6064
2026-04-28 23:43:54,332 - DEBUG - https://mt0.google.com:443 "GET /vt/lyrs=m&hl=es&x=70405&y=42987&z=17 HTTP/1.1" 200 6095
2026-04-28 23:43:54,332 - DEBUG - https://mt0.google.com:443 "GET /vt/lyrs=m&hl=es&x=70406&y=42988&z=17 HTTP/1.1" 200 7948
2026-04-28 23:43:54,350 - DEBUG - STREAM b'IHDR' 16 13
2026-04-28 23:43:54,350 - DEBUG - STREAM b'pHYs' 41 9
2026-04-28 23:43:54,350 - DEBUG - STREAM b'IHDR' 16 13
2026-04-28 23:43:54,350 - DEBUG - STREAM b'PLTE' 62 204
2026-04-28 23:43:54,350 - DEBUG - STREAM b'IHDR' 16 13
2026-04-28 23:43:54,350 - DEBUG - STREAM b'pHYs' 41 9
2026-04-28 23:43:54,350 - DEBUG - STREAM b'IDAT' 278 5770
2026-04-28 23:43:54,350 - DEBUG - STREAM b'pHYs' 41 9
2026-04-28 23:43:54,350 - DEBUG - STREAM b'PLTE' 62 150
2026-04-28 23:43:54,350 - DEBUG - STREAM b'PLTE' 62 123
2026-04-28 23:43:54,350 - DEBUG - STREAM b'IDAT' 224 5855
2026-04-28 23:43:54,350 - DEBUG - STREAM b'IDAT' 197 7735
2026-04-28 23:43:54,446 - DEBUG - https://mt0.google.com:443 "GET /vt/lyrs=m&hl=es&x=70407&y=42987&z=17 HTTP/1.1" 200 12580
2026-04-28 23:43:54,446 - DEBUG - https://mt0.google.com:443 "GET /vt/lyrs=m&hl=es&x=70407&y=42988&z=17 HTTP/1.1" 200 9293
2026-04-28 23:43:54,447 - DEBUG - https://mt0.google.com:443 "GET /vt/lyrs=m&hl=es&x=70406&y=42987&z=17 HTTP/1.1" 200 11690
2026-04-28 23:43:54,449 - DEBUG - STREAM b'IHDR' 16 13
2026-04-28 23:43:54,449 - DEBUG - STREAM b'pHYs' 41 9
2026-04-28 23:43:54,452 - DEBUG - STREAM b'IHDR' 16 13
2026-04-28 23:43:54,452 - DEBUG - STREAM b'PLTE' 62 147
2026-04-28 23:43:54,452 - DEBUG - STREAM b'pHYs' 41 9
2026-04-28 23:43:54,452 - DEBUG - STREAM b'IDAT' 221 9056
2026-04-28 23:43:54,452 - DEBUG - STREAM b'PLTE' 62 276
2026-04-28 23:43:54,452 - DEBUG - STREAM b'IDAT' 350 12214
2026-04-28 23:43:54,460 - DEBUG - STREAM b'IHDR' 16 13
2026-04-28 23:43:54,460 - DEBUG - STREAM b'pHYs' 41 9
2026-04-28 23:43:54,460 - DEBUG - STREAM b'PLTE' 62 261
2026-04-28 23:43:54,460 - DEBUG - STREAM b'IDAT' 335 11339
2026-04-28 23:43:54,559 - DEBUG - https://mt0.google.com:443 "GET /vt/lyrs=m&hl=es&x=70406&y=42989&z=17 HTTP/1.1" 200 6493
2026-04-28 23:43:54,562 - DEBUG - STREAM b'IHDR' 16 13
2026-04-28 23:43:54,562 - DEBUG - STREAM b'pHYs' 41 9
2026-04-28 23:43:54,562 - DEBUG - STREAM b'PLTE' 62 156
2026-04-28 23:43:54,562 - DEBUG - STREAM b'IDAT' 230 6247
2026-04-28 23:43:54,565 - DEBUG - Starting new HTTPS connection (1): mt0.google.com:443
2026-04-28 23:43:55,016 - DEBUG - https://mt0.google.com:443 "GET /vt/lyrs=m&hl=es&x=4595&y=8564&z=14 HTTP/1.1" 200 13474
2026-04-28 23:43:55,016 - DEBUG - https://mt0.google.com:443 "GET /vt/lyrs=m&hl=es&x=4596&y=8562&z=14 HTTP/1.1" 200 24252
2026-04-28 23:43:55,016 - DEBUG - https://mt0.google.com:443 "GET /vt/lyrs=m&hl=es&x=4595&y=8562&z=14 HTTP/1.1" 200 27542
2026-04-28 23:43:55,016 - DEBUG - https://mt0.google.com:443 "GET /vt/lyrs=m&hl=es&x=4597&y=8564&z=14 HTTP/1.1" 200 3965
2026-04-28 23:43:55,016 - DEBUG - https://mt0.google.com:443 "GET /vt/lyrs=m&hl=es&x=4596&y=8563&z=14 HTTP/1.1" 200 15444
2026-04-28 23:43:55,016 - DEBUG - https://mt0.google.com:443 "GET /vt/lyrs=m&hl=es&x=36773&y=68504&z=17 HTTP/1.1" 200 1611
2026-04-28 23:43:55,016 - DEBUG - STREAM b'IHDR' 16 13
2026-04-28 23:43:55,016 - DEBUG - https://mt0.google.com:443 "GET /vt/lyrs=m&hl=es&x=36772&y=68505&z=17 HTTP/1.1" 200 289
2026-04-28 23:43:55,016 - DEBUG - STREAM b'pHYs' 41 9
2026-04-28 23:43:55,016 - DEBUG - STREAM b'PLTE' 62 39
2026-04-28 23:43:55,016 - DEBUG - STREAM b'IDAT' 113 1482
2026-04-28 23:43:55,026 - DEBUG - https://mt0.google.com:443 "GET /vt/lyrs=m&hl=es&x=36772&y=68504&z=17 HTTP/1.1" 200 3031
2026-04-28 23:43:55,026 - DEBUG - https://mt0.google.com:443 "GET /vt/lyrs=m&hl=es&x=4595&y=8563&z=14 HTTP/1.1" 200 21124
2026-04-28 23:43:55,026 - DEBUG - https://mt0.google.com:443 "GET /vt/lyrs=m&hl=es&x=4596&y=8564&z=14 HTTP/1.1" 200 15572
2026-04-28 23:43:55,026 - DEBUG - https://mt0.google.com:443 "GET /vt/lyrs=m&hl=es&x=36773&y=68505&z=17 HTTP/1.1" 200 3486
2026-04-28 23:43:55,026 - DEBUG - https://mt0.google.com:443 "GET /vt/lyrs=m&hl=es&x=36772&y=68506&z=17 HTTP/1.1" 200 1268
2026-04-28 23:43:55,026 - DEBUG - STREAM b'IHDR' 16 13
2026-04-28 23:43:55,026 - DEBUG - https://mt0.google.com:443 "GET /vt/lyrs=m&hl=es&x=4597&y=8562&z=14 HTTP/1.1" 200 8132
2026-04-28 23:43:55,026 - DEBUG - https://mt0.google.com:443 "GET /vt/lyrs=m&hl=es&x=36773&y=68506&z=17 HTTP/1.1" 200 3342
2026-04-28 23:43:55,030 - DEBUG - STREAM b'IHDR' 16 13
2026-04-28 23:43:55,030 - DEBUG - https://mt0.google.com:443 "GET /vt/lyrs=m&hl=es&x=4597&y=8563&z=14 HTTP/1.1" 200 4063
2026-04-28 23:43:55,030 - DEBUG - STREAM b'IHDR' 16 13
2026-04-28 23:43:55,033 - DEBUG - STREAM b'IHDR' 16 13
2026-04-28 23:43:55,033 - DEBUG - STREAM b'IHDR' 16 13
2026-04-28 23:43:55,036 - DEBUG - STREAM b'pHYs' 41 9
2026-04-28 23:43:55,037 - DEBUG - STREAM b'IHDR' 16 13
2026-04-28 23:43:55,037 - DEBUG - STREAM b'IHDR' 16 13
2026-04-28 23:43:55,037 - DEBUG - STREAM b'pHYs' 41 9
2026-04-28 23:43:55,039 - DEBUG - STREAM b'pHYs' 41 9
2026-04-28 23:43:55,039 - DEBUG - STREAM b'IHDR' 16 13
2026-04-28 23:43:55,039 - DEBUG - STREAM b'pHYs' 41 9
2026-04-28 23:43:55,039 - DEBUG - STREAM b'IHDR' 16 13
2026-04-28 23:43:55,042 - DEBUG - STREAM b'pHYs' 41 9
2026-04-28 23:43:55,042 - DEBUG - STREAM b'IHDR' 16 13
2026-04-28 23:43:55,042 - DEBUG - STREAM b'PLTE' 62 18
2026-04-28 23:43:55,042 - DEBUG - STREAM b'pHYs' 41 9
2026-04-28 23:43:55,042 - DEBUG - STREAM b'pHYs' 41 9
2026-04-28 23:43:55,042 - DEBUG - STREAM b'PLTE' 62 21
2026-04-28 23:43:55,042 - DEBUG - STREAM b'PLTE' 62 39
2026-04-28 23:43:55,042 - DEBUG - STREAM b'pHYs' 41 9
2026-04-28 23:43:55,042 - DEBUG - STREAM b'PLTE' 62 231
2026-04-28 23:43:55,042 - DEBUG - STREAM b'pHYs' 41 9
2026-04-28 23:43:55,042 - DEBUG - STREAM b'PLTE' 62 54
2026-04-28 23:43:55,042 - DEBUG - STREAM b'pHYs' 41 9
2026-04-28 23:43:55,042 - DEBUG - STREAM b'IDAT' 92 181
2026-04-28 23:43:55,042 - DEBUG - STREAM b'PLTE' 62 18
2026-04-28 23:43:55,042 - DEBUG - STREAM b'PLTE' 62 303
2026-04-28 23:43:55,042 - DEBUG - STREAM b'IDAT' 95 3854
2026-04-28 23:43:55,042 - DEBUG - STREAM b'IDAT' 113 2902
2026-04-28 23:43:55,042 - DEBUG - STREAM b'PLTE' 62 42
2026-04-28 23:43:55,042 - DEBUG - STREAM b'IDAT' 305 13153
2026-04-28 23:43:55,042 - DEBUG - STREAM b'PLTE' 62 87
2026-04-28 23:43:55,042 - DEBUG - STREAM b'IDAT' 161 7955
2026-04-28 23:43:55,042 - DEBUG - STREAM b'PLTE' 62 75
2026-04-28 23:43:55,042 - DEBUG - STREAM b'IDAT' 92 1160
2026-04-28 23:43:55,042 - DEBUG - STREAM b'IDAT' 377 15051
2026-04-28 23:43:55,042 - DEBUG - STREAM b'IDAT' 116 3210
2026-04-28 23:43:55,042 - DEBUG - STREAM b'IDAT' 128 3342
2026-04-28 23:43:55,042 - DEBUG - STREAM b'IDAT' 149 3898
2026-04-28 23:43:55,047 - DEBUG - STREAM b'IHDR' 16 13
2026-04-28 23:43:55,047 - DEBUG - STREAM b'pHYs' 41 9
2026-04-28 23:43:55,047 - DEBUG - STREAM b'PLTE' 62 183
2026-04-28 23:43:55,047 - DEBUG - STREAM b'IDAT' 257 15299
2026-04-28 23:43:55,133 - DEBUG - STREAM b'IHDR' 16 13
2026-04-28 23:43:55,133 - DEBUG - STREAM b'pHYs' 41 9
2026-04-28 23:43:55,133 - DEBUG - STREAM b'PLTE' 62 327
2026-04-28 23:43:55,133 - DEBUG - STREAM b'IDAT' 401 20707
2026-04-28 23:43:55,139 - DEBUG - STREAM b'IHDR' 16 13
2026-04-28 23:43:55,139 - DEBUG - STREAM b'pHYs' 41 9
2026-04-28 23:43:55,139 - DEBUG - STREAM b'PLTE' 62 390
2026-04-28 23:43:55,139 - DEBUG - STREAM b'IDAT' 464 23772
2026-04-28 23:43:55,142 - DEBUG - STREAM b'IHDR' 16 13
2026-04-28 23:43:55,142 - DEBUG - STREAM b'pHYs' 41 9
2026-04-28 23:43:55,142 - DEBUG - STREAM b'PLTE' 62 369
2026-04-28 23:43:55,142 - DEBUG - STREAM b'IDAT' 443 27083
2026-04-28 23:43:55,247 - DEBUG - https://mt0.google.com:443 "GET /vt/lyrs=m&hl=es&x=70406&y=8562&z=17 HTTP/1.1" 200 178
2026-04-28 23:43:55,247 - DEBUG - STREAM b'IHDR' 16 13
2026-04-28 23:43:55,247 - DEBUG - STREAM b'pHYs' 41 9
2026-04-28 23:43:55,247 - DEBUG - STREAM b'PLTE' 62 3
2026-04-28 23:43:55,247 - DEBUG - STREAM b'IDAT' 77 85
2026-04-28 23:43:55,252 - DEBUG - Starting new HTTPS connection (1): mt0.google.com:443
2026-04-28 23:43:55,448 - DEBUG - Starting new HTTPS connection (1): mt0.google.com:443
2026-04-28 23:43:55,448 - DEBUG - Starting new HTTPS connection (1): mt0.google.com:443
2026-04-28 23:43:55,454 - DEBUG - Starting new HTTPS connection (1): mt0.google.com:443
2026-04-28 23:43:55,936 - DEBUG - https://mt0.google.com:443 "GET /vt/lyrs=m&hl=es&x=70407&y=8564&z=17 HTTP/1.1" 200 178
2026-04-28 23:43:55,939 - DEBUG - STREAM b'IHDR' 16 13
2026-04-28 23:43:55,939 - DEBUG - STREAM b'pHYs' 41 9
2026-04-28 23:43:55,939 - DEBUG - STREAM b'PLTE' 62 3
2026-04-28 23:43:55,939 - DEBUG - STREAM b'IDAT' 77 85
2026-04-28 23:43:55,939 - DEBUG - Starting new HTTPS connection (1): mt0.google.com:443
2026-04-28 23:43:56,167 - DEBUG - https://mt0.google.com:443 "GET /vt/lyrs=m&hl=es&x=4598&y=8564&z=14 HTTP/1.1" 200 3824
2026-04-28 23:43:56,167 - DEBUG - https://mt0.google.com:443 "GET /vt/lyrs=m&hl=es&x=4598&y=8562&z=14 HTTP/1.1" 200 5990
2026-04-28 23:43:56,168 - DEBUG - https://mt0.google.com:443 "GET /vt/lyrs=m&hl=es&x=4598&y=8563&z=14 HTTP/1.1" 200 6523
2026-04-28 23:43:56,170 - DEBUG - STREAM b'IHDR' 16 13
2026-04-28 23:43:56,170 - DEBUG - STREAM b'pHYs' 41 9
2026-04-28 23:43:56,170 - DEBUG - STREAM b'PLTE' 62 42
2026-04-28 23:43:56,170 - DEBUG - STREAM b'IHDR' 16 13
2026-04-28 23:43:56,170 - DEBUG - STREAM b'IDAT' 116 3692
2026-04-28 23:43:56,170 - DEBUG - STREAM b'pHYs' 41 9
2026-04-28 23:43:56,170 - DEBUG - STREAM b'IHDR' 16 13
2026-04-28 23:43:56,170 - DEBUG - STREAM b'PLTE' 62 123
2026-04-28 23:43:56,170 - DEBUG - STREAM b'pHYs' 41 9
2026-04-28 23:43:56,170 - DEBUG - STREAM b'IDAT' 197 5777
2026-04-28 23:43:56,170 - DEBUG - STREAM b'PLTE' 62 150
2026-04-28 23:43:56,170 - DEBUG - STREAM b'IDAT' 224 6283
2026-04-28 23:43:56,508 - DEBUG - https://mt0.google.com:443 "GET /vt/lyrs=m&hl=es&x=70407&y=8562&z=17 HTTP/1.1" 200 178
2026-04-28 23:43:56,512 - DEBUG - STREAM b'IHDR' 16 13
2026-04-28 23:43:56,512 - DEBUG - STREAM b'pHYs' 41 9
2026-04-28 23:43:56,512 - DEBUG - STREAM b'PLTE' 62 3
2026-04-28 23:43:56,512 - DEBUG - STREAM b'IDAT' 77 85
2026-04-28 23:43:56,513 - DEBUG - Starting new HTTPS connection (1): mt0.google.com:443
2026-04-28 23:43:57,076 - DEBUG - https://mt0.google.com:443 "GET /vt/lyrs=m&hl=es&x=70408&y=8564&z=17 HTTP/1.1" 200 178
2026-04-28 23:43:57,077 - DEBUG - STREAM b'IHDR' 16 13
2026-04-28 23:43:57,077 - DEBUG - STREAM b'pHYs' 41 9
2026-04-28 23:43:57,077 - DEBUG - STREAM b'PLTE' 62 3
2026-04-28 23:43:57,077 - DEBUG - STREAM b'IDAT' 77 85
2026-04-28 23:43:57,079 - DEBUG - Starting new HTTPS connection (1): mt0.google.com:443
2026-04-28 23:43:57,654 - DEBUG - https://mt0.google.com:443 "GET /vt/lyrs=m&hl=es&x=70408&y=8562&z=17 HTTP/1.1" 200 178
2026-04-28 23:43:57,659 - DEBUG - STREAM b'IHDR' 16 13
2026-04-28 23:43:57,659 - DEBUG - STREAM b'pHYs' 41 9
2026-04-28 23:43:57,659 - DEBUG - STREAM b'PLTE' 62 3
2026-04-28 23:43:57,659 - DEBUG - STREAM b'IDAT' 77 85
2026-04-28 23:43:57,660 - DEBUG - Starting new HTTPS connection (1): mt0.google.com:443
2026-04-28 23:43:58,233 - DEBUG - https://mt0.google.com:443 "GET /vt/lyrs=m&hl=es&x=4598&y=8562&z=17 HTTP/1.1" 200 178
2026-04-28 23:43:58,235 - DEBUG - STREAM b'IHDR' 16 13
2026-04-28 23:43:58,235 - DEBUG - STREAM b'pHYs' 41 9
2026-04-28 23:43:58,235 - DEBUG - STREAM b'PLTE' 62 3
2026-04-28 23:43:58,235 - DEBUG - STREAM b'IDAT' 77 85
2026-04-28 23:43:58,236 - DEBUG - Starting new HTTPS connection (1): mt0.google.com:443
2026-04-28 23:43:58,825 - DEBUG - https://mt0.google.com:443 "GET /vt/lyrs=m&hl=es&x=4596&y=8562&z=17 HTTP/1.1" 200 178
2026-04-28 23:43:58,830 - DEBUG - STREAM b'IHDR' 16 13
2026-04-28 23:43:58,830 - DEBUG - STREAM b'pHYs' 41 9
2026-04-28 23:43:58,830 - DEBUG - STREAM b'PLTE' 62 3
2026-04-28 23:43:58,830 - DEBUG - STREAM b'IDAT' 77 85
2026-04-28 23:43:58,832 - DEBUG - Starting new HTTPS connection (1): mt0.google.com:443
2026-04-28 23:43:59,390 - DEBUG - https://mt0.google.com:443 "GET /vt/lyrs=m&hl=es&x=4598&y=8563&z=17 HTTP/1.1" 200 178
2026-04-28 23:43:59,390 - DEBUG - STREAM b'IHDR' 16 13
2026-04-28 23:43:59,390 - DEBUG - STREAM b'pHYs' 41 9
2026-04-28 23:43:59,390 - DEBUG - STREAM b'PLTE' 62 3
2026-04-28 23:43:59,390 - DEBUG - STREAM b'IDAT' 77 85
2026-04-28 23:43:59,390 - DEBUG - Starting new HTTPS connection (1): mt0.google.com:443
2026-04-28 23:43:59,964 - DEBUG - https://mt0.google.com:443 "GET /vt/lyrs=m&hl=es&x=4596&y=8563&z=17 HTTP/1.1" 200 178
2026-04-28 23:43:59,965 - DEBUG - STREAM b'IHDR' 16 13
2026-04-28 23:43:59,965 - DEBUG - STREAM b'pHYs' 41 9
2026-04-28 23:43:59,965 - DEBUG - STREAM b'PLTE' 62 3
2026-04-28 23:43:59,965 - DEBUG - STREAM b'IDAT' 77 85
2026-04-28 23:43:59,967 - DEBUG - Starting new HTTPS connection (1): mt0.google.com:443
2026-04-28 23:44:00,447 - DEBUG - https://mt0.google.com:443 "GET /vt/lyrs=m&hl=es&x=4598&y=8564&z=17 HTTP/1.1" 200 178
2026-04-28 23:44:00,448 - DEBUG - STREAM b'IHDR' 16 13
2026-04-28 23:44:00,448 - DEBUG - STREAM b'pHYs' 41 9
2026-04-28 23:44:00,448 - DEBUG - STREAM b'PLTE' 62 3
2026-04-28 23:44:00,448 - DEBUG - STREAM b'IDAT' 77 85
2026-04-28 23:44:00,450 - DEBUG - Starting new HTTPS connection (1): mt0.google.com:443
2026-04-28 23:44:00,893 - DEBUG - https://mt0.google.com:443 "GET /vt/lyrs=m&hl=es&x=4596&y=8564&z=17 HTTP/1.1" 200 178
2026-04-28 23:44:00,895 - DEBUG - STREAM b'IHDR' 16 13
2026-04-28 23:44:00,895 - DEBUG - STREAM b'pHYs' 41 9
2026-04-28 23:44:00,895 - DEBUG - STREAM b'PLTE' 62 3
2026-04-28 23:44:00,895 - DEBUG - STREAM b'IDAT' 77 85
2026-04-28 23:44:00,896 - DEBUG - Starting new HTTPS connection (1): mt0.google.com:443
2026-04-28 23:44:01,449 - DEBUG - https://mt0.google.com:443 "GET /vt/lyrs=m&hl=es&x=4595&y=8565&z=14 HTTP/1.1" 200 6557
2026-04-28 23:44:01,453 - DEBUG - STREAM b'IHDR' 16 13
2026-04-28 23:44:01,453 - DEBUG - STREAM b'pHYs' 41 9
2026-04-28 23:44:01,453 - DEBUG - STREAM b'PLTE' 62 138
2026-04-28 23:44:01,453 - DEBUG - STREAM b'IDAT' 212 6329
2026-04-28 23:44:01,454 - DEBUG - Starting new HTTPS connection (1): mt0.google.com:443
2026-04-28 23:44:01,932 - DEBUG - https://mt0.google.com:443 "GET /vt/lyrs=m&hl=es&x=4595&y=8561&z=14 HTTP/1.1" 200 27571
2026-04-28 23:44:02,057 - DEBUG - STREAM b'IHDR' 16 13
2026-04-28 23:44:02,057 - DEBUG - STREAM b'pHYs' 41 9
2026-04-28 23:44:02,057 - DEBUG - STREAM b'PLTE' 62 312
2026-04-28 23:44:02,057 - DEBUG - STREAM b'IDAT' 386 27169
2026-04-28 23:44:02,059 - DEBUG - Starting new HTTPS connection (1): mt0.google.com:443
2026-04-28 23:44:02,523 - DEBUG - https://mt0.google.com:443 "GET /vt/lyrs=m&hl=es&x=4596&y=8565&z=14 HTTP/1.1" 200 17966
2026-04-28 23:44:02,639 - DEBUG - STREAM b'IHDR' 16 13
2026-04-28 23:44:02,639 - DEBUG - STREAM b'pHYs' 41 9
2026-04-28 23:44:02,639 - DEBUG - STREAM b'PLTE' 62 264
2026-04-28 23:44:02,639 - DEBUG - STREAM b'IDAT' 338 17612
2026-04-28 23:44:02,640 - DEBUG - Starting new HTTPS connection (1): mt0.google.com:443
2026-04-28 23:44:03,075 - DEBUG - https://mt0.google.com:443 "GET /vt/lyrs=m&hl=es&x=4596&y=8561&z=14 HTTP/1.1" 200 26380
2026-04-28 23:44:03,198 - DEBUG - STREAM b'IHDR' 16 13
2026-04-28 23:44:03,198 - DEBUG - STREAM b'pHYs' 41 9
2026-04-28 23:44:03,198 - DEBUG - STREAM b'PLTE' 62 291
2026-04-28 23:44:03,199 - DEBUG - STREAM b'IDAT' 365 25999
2026-04-28 23:44:03,199 - DEBUG - Starting new HTTPS connection (1): mt0.google.com:443
2026-04-28 23:44:03,791 - DEBUG - https://mt0.google.com:443 "GET /vt/lyrs=m&hl=es&x=4597&y=8565&z=14 HTTP/1.1" 200 10689
2026-04-28 23:44:03,807 - DEBUG - STREAM b'IHDR' 16 13
2026-04-28 23:44:03,807 - DEBUG - STREAM b'pHYs' 41 9
2026-04-28 23:44:03,807 - DEBUG - STREAM b'PLTE' 62 135
2026-04-28 23:44:03,807 - DEBUG - STREAM b'IDAT' 209 10464
2026-04-28 23:44:03,809 - DEBUG - Starting new HTTPS connection (1): mt0.google.com:443
2026-04-28 23:44:04,442 - DEBUG - https://mt0.google.com:443 "GET /vt/lyrs=m&hl=es&x=4597&y=8561&z=14 HTTP/1.1" 200 5125
2026-04-28 23:44:04,443 - DEBUG - STREAM b'IHDR' 16 13
2026-04-28 23:44:04,443 - DEBUG - STREAM b'pHYs' 41 9
2026-04-28 23:44:04,443 - DEBUG - STREAM b'PLTE' 62 123
2026-04-28 23:44:04,443 - DEBUG - STREAM b'IDAT' 197 4912
2026-04-28 23:44:04,445 - DEBUG - Starting new HTTPS connection (1): mt0.google.com:443
2026-04-28 23:44:05,245 - DEBUG - https://mt0.google.com:443 "GET /vt/lyrs=m&hl=es&x=4598&y=8565&z=14 HTTP/1.1" 200 3191
2026-04-28 23:44:05,248 - DEBUG - STREAM b'IHDR' 16 13
2026-04-28 23:44:05,248 - DEBUG - STREAM b'pHYs' 41 9
2026-04-28 23:44:05,248 - DEBUG - STREAM b'PLTE' 62 66
2026-04-28 23:44:05,248 - DEBUG - STREAM b'IDAT' 140 3035
2026-04-28 23:44:05,250 - DEBUG - Starting new HTTPS connection (1): mt0.google.com:443
2026-04-28 23:44:05,877 - DEBUG - https://mt0.google.com:443 "GET /vt/lyrs=m&hl=es&x=4598&y=8561&z=14 HTTP/1.1" 200 15744
2026-04-28 23:44:05,881 - DEBUG - STREAM b'IHDR' 16 13
2026-04-28 23:44:05,881 - DEBUG - STREAM b'pHYs' 41 9
2026-04-28 23:44:05,881 - DEBUG - STREAM b'PLTE' 62 237
2026-04-28 23:44:05,881 - DEBUG - STREAM b'IDAT' 311 15417
2026-04-28 23:44:05,883 - DEBUG - Starting new HTTPS connection (1): mt0.google.com:443
2026-04-28 23:44:06,355 - DEBUG - https://mt0.google.com:443 "GET /vt/lyrs=m&hl=es&x=4599&y=8565&z=14 HTTP/1.1" 200 1435
2026-04-28 23:44:06,356 - DEBUG - STREAM b'IHDR' 16 13
2026-04-28 23:44:06,356 - DEBUG - STREAM b'pHYs' 41 9
2026-04-28 23:44:06,356 - DEBUG - STREAM b'PLTE' 62 48
2026-04-28 23:44:06,356 - DEBUG - STREAM b'IDAT' 122 1297
2026-04-28 23:44:06,359 - DEBUG - Starting new HTTPS connection (1): mt0.google.com:443
2026-04-28 23:44:06,959 - DEBUG - https://mt0.google.com:443 "GET /vt/lyrs=m&hl=es&x=4599&y=8561&z=14 HTTP/1.1" 200 5906
2026-04-28 23:44:06,963 - DEBUG - STREAM b'IHDR' 16 13
2026-04-28 23:44:06,963 - DEBUG - STREAM b'pHYs' 41 9
2026-04-28 23:44:06,963 - DEBUG - STREAM b'PLTE' 62 135
2026-04-28 23:44:06,963 - DEBUG - STREAM b'IDAT' 209 5681
2026-04-28 23:44:06,965 - DEBUG - Starting new HTTPS connection (1): mt0.google.com:443
2026-04-28 23:44:07,532 - DEBUG - https://mt0.google.com:443 "GET /vt/lyrs=m&hl=es&x=4599&y=8562&z=14 HTTP/1.1" 200 12611
2026-04-28 23:44:07,534 - DEBUG - STREAM b'IHDR' 16 13
2026-04-28 23:44:07,534 - DEBUG - STREAM b'pHYs' 41 9
2026-04-28 23:44:07,534 - DEBUG - STREAM b'PLTE' 62 240
2026-04-28 23:44:07,534 - DEBUG - STREAM b'IDAT' 314 12281
2026-04-28 23:44:07,537 - DEBUG - Starting new HTTPS connection (1): mt0.google.com:443
2026-04-28 23:44:08,105 - DEBUG - https://mt0.google.com:443 "GET /vt/lyrs=m&hl=es&x=4599&y=8563&z=14 HTTP/1.1" 200 6765
2026-04-28 23:44:08,109 - DEBUG - STREAM b'IHDR' 16 13
2026-04-28 23:44:08,110 - DEBUG - STREAM b'pHYs' 41 9
2026-04-28 23:44:08,110 - DEBUG - STREAM b'PLTE' 62 102
2026-04-28 23:44:08,110 - DEBUG - STREAM b'IDAT' 176 6573
2026-04-28 23:44:08,111 - DEBUG - Starting new HTTPS connection (1): mt0.google.com:443
2026-04-28 23:44:08,677 - DEBUG - https://mt0.google.com:443 "GET /vt/lyrs=m&hl=es&x=4599&y=8564&z=14 HTTP/1.1" 200 240
2026-04-28 23:44:08,680 - DEBUG - STREAM b'IHDR' 16 13
2026-04-28 23:44:08,680 - DEBUG - STREAM b'pHYs' 41 9
2026-04-28 23:44:08,680 - DEBUG - STREAM b'PLTE' 62 6
2026-04-28 23:44:08,680 - DEBUG - STREAM b'IDAT' 80 144
2026-04-28 23:44:08,681 - DEBUG - Starting new HTTPS connection (1): mt0.google.com:443
2026-04-28 23:44:09,387 - DEBUG - https://mt0.google.com:443 "GET /vt/lyrs=m&hl=es&x=4594&y=8566&z=14 HTTP/1.1" 200 178
2026-04-28 23:44:09,388 - DEBUG - STREAM b'IHDR' 16 13
2026-04-28 23:44:09,389 - DEBUG - STREAM b'pHYs' 41 9
2026-04-28 23:44:09,389 - DEBUG - STREAM b'PLTE' 62 3
2026-04-28 23:44:09,389 - DEBUG - STREAM b'IDAT' 77 85
2026-04-28 23:44:09,390 - DEBUG - Starting new HTTPS connection (1): mt0.google.com:443
2026-04-28 23:44:10,084 - DEBUG - https://mt0.google.com:443 "GET /vt/lyrs=m&hl=es&x=4594&y=8560&z=14 HTTP/1.1" 200 27014
2026-04-28 23:44:10,199 - DEBUG - STREAM b'IHDR' 16 13
2026-04-28 23:44:10,201 - DEBUG - STREAM b'pHYs' 41 9
2026-04-28 23:44:10,201 - DEBUG - STREAM b'PLTE' 62 339
2026-04-28 23:44:10,201 - DEBUG - STREAM b'IDAT' 413 26585
2026-04-28 23:44:10,203 - DEBUG - Starting new HTTPS connection (1): mt0.google.com:443
2026-04-28 23:44:10,889 - DEBUG - https://mt0.google.com:443 "GET /vt/lyrs=m&hl=es&x=4595&y=8566&z=14 HTTP/1.1" 200 178
2026-04-28 23:44:10,893 - DEBUG - STREAM b'IHDR' 16 13
2026-04-28 23:44:10,893 - DEBUG - STREAM b'pHYs' 41 9
2026-04-28 23:44:10,893 - DEBUG - STREAM b'PLTE' 62 3
2026-04-28 23:44:10,893 - DEBUG - STREAM b'IDAT' 77 85
2026-04-28 23:44:10,895 - DEBUG - Starting new HTTPS connection (1): mt0.google.com:443
2026-04-28 23:44:11,571 - DEBUG - https://mt0.google.com:443 "GET /vt/lyrs=m&hl=es&x=4595&y=8560&z=14 HTTP/1.1" 200 26157
2026-04-28 23:44:11,694 - DEBUG - STREAM b'IHDR' 16 13
2026-04-28 23:44:11,694 - DEBUG - STREAM b'pHYs' 41 9
2026-04-28 23:44:11,694 - DEBUG - STREAM b'PLTE' 62 219
2026-04-28 23:44:11,694 - DEBUG - STREAM b'IDAT' 293 25848
2026-04-28 23:44:11,697 - DEBUG - Starting new HTTPS connection (1): mt0.google.com:443
2026-04-28 23:44:12,377 - DEBUG - https://mt0.google.com:443 "GET /vt/lyrs=m&hl=es&x=4596&y=8566&z=14 HTTP/1.1" 200 1758
2026-04-28 23:44:12,380 - DEBUG - STREAM b'IHDR' 16 13
2026-04-28 23:44:12,380 - DEBUG - STREAM b'pHYs' 41 9
2026-04-28 23:44:12,381 - DEBUG - STREAM b'PLTE' 62 36
2026-04-28 23:44:12,381 - DEBUG - STREAM b'IDAT' 110 1632
2026-04-28 23:44:12,383 - DEBUG - Starting new HTTPS connection (1): mt0.google.com:443
2026-04-28 23:44:13,070 - DEBUG - https://mt0.google.com:443 "GET /vt/lyrs=m&hl=es&x=4596&y=8560&z=14 HTTP/1.1" 200 25719
2026-04-28 23:44:13,189 - DEBUG - STREAM b'IHDR' 16 13
2026-04-28 23:44:13,189 - DEBUG - STREAM b'pHYs' 41 9
2026-04-28 23:44:13,189 - DEBUG - STREAM b'PLTE' 62 255
2026-04-28 23:44:13,189 - DEBUG - STREAM b'IDAT' 329 25374
2026-04-28 23:44:13,192 - DEBUG - Starting new HTTPS connection (1): mt0.google.com:443
2026-04-28 23:44:13,891 - DEBUG - https://mt0.google.com:443 "GET /vt/lyrs=m&hl=es&x=4597&y=8566&z=14 HTTP/1.1" 200 11566
2026-04-28 23:44:13,893 - DEBUG - STREAM b'IHDR' 16 13
2026-04-28 23:44:13,893 - DEBUG - STREAM b'pHYs' 41 9
2026-04-28 23:44:13,893 - DEBUG - STREAM b'PLTE' 62 204
2026-04-28 23:44:13,893 - DEBUG - STREAM b'IDAT' 278 11272
2026-04-28 23:44:13,895 - DEBUG - Starting new HTTPS connection (1): mt0.google.com:443
2026-04-28 23:44:14,581 - DEBUG - https://mt0.google.com:443 "GET /vt/lyrs=m&hl=es&x=4597&y=8560&z=14 HTTP/1.1" 200 16041
2026-04-28 23:44:14,585 - DEBUG - STREAM b'IHDR' 16 13
2026-04-28 23:44:14,585 - DEBUG - STREAM b'pHYs' 41 9
2026-04-28 23:44:14,585 - DEBUG - STREAM b'PLTE' 62 141
2026-04-28 23:44:14,585 - DEBUG - STREAM b'IDAT' 215 15810
2026-04-28 23:44:14,586 - DEBUG - Starting new HTTPS connection (1): mt0.google.com:443
2026-04-28 23:44:15,275 - DEBUG - https://mt0.google.com:443 "GET /vt/lyrs=m&hl=es&x=4598&y=8566&z=14 HTTP/1.1" 200 7569
2026-04-28 23:44:15,276 - DEBUG - STREAM b'IHDR' 16 13
2026-04-28 23:44:15,278 - DEBUG - STREAM b'pHYs' 41 9
2026-04-28 23:44:15,278 - DEBUG - STREAM b'PLTE' 62 111
2026-04-28 23:44:15,278 - DEBUG - STREAM b'IDAT' 185 7368
2026-04-28 23:44:15,279 - DEBUG - Starting new HTTPS connection (1): mt0.google.com:443
2026-04-28 23:44:15,966 - DEBUG - https://mt0.google.com:443 "GET /vt/lyrs=m&hl=es&x=4598&y=8560&z=14 HTTP/1.1" 200 11269
2026-04-28 23:44:15,967 - DEBUG - STREAM b'IHDR' 16 13
2026-04-28 23:44:15,968 - DEBUG - STREAM b'pHYs' 41 9
2026-04-28 23:44:15,968 - DEBUG - STREAM b'PLTE' 62 228
2026-04-28 23:44:15,968 - DEBUG - STREAM b'IDAT' 302 10951
2026-04-28 23:44:15,970 - DEBUG - Starting new HTTPS connection (1): mt0.google.com:443
2026-04-28 23:44:16,647 - DEBUG - https://mt0.google.com:443 "GET /vt/lyrs=m&hl=es&x=4599&y=8566&z=14 HTTP/1.1" 200 786
2026-04-28 23:44:16,651 - DEBUG - STREAM b'IHDR' 16 13
2026-04-28 23:44:16,651 - DEBUG - STREAM b'pHYs' 41 9
2026-04-28 23:44:16,651 - DEBUG - STREAM b'PLTE' 62 6
2026-04-28 23:44:16,651 - DEBUG - STREAM b'IDAT' 80 690
2026-04-28 23:44:16,654 - DEBUG - Starting new HTTPS connection (1): mt0.google.com:443
2026-04-28 23:44:17,323 - DEBUG - https://mt0.google.com:443 "GET /vt/lyrs=m&hl=es&x=4599&y=8560&z=14 HTTP/1.1" 200 5486
2026-04-28 23:44:17,325 - DEBUG - STREAM b'IHDR' 16 13
2026-04-28 23:44:17,325 - DEBUG - STREAM b'pHYs' 41 9
2026-04-28 23:44:17,325 - DEBUG - STREAM b'PLTE' 62 84
2026-04-28 23:44:17,325 - DEBUG - STREAM b'IDAT' 158 5312
2026-04-28 23:44:17,327 - DEBUG - Starting new HTTPS connection (1): mt0.google.com:443
2026-04-28 23:44:18,012 - DEBUG - https://mt0.google.com:443 "GET /vt/lyrs=m&hl=es&x=4600&y=8566&z=14 HTTP/1.1" 200 716
2026-04-28 23:44:18,014 - DEBUG - STREAM b'IHDR' 16 13
2026-04-28 23:44:18,014 - DEBUG - STREAM b'pHYs' 41 9
2026-04-28 23:44:18,014 - DEBUG - STREAM b'PLTE' 62 6
2026-04-28 23:44:18,014 - DEBUG - STREAM b'IDAT' 80 620
2026-04-28 23:44:18,016 - DEBUG - Starting new HTTPS connection (1): mt0.google.com:443
2026-04-28 23:44:18,701 - DEBUG - https://mt0.google.com:443 "GET /vt/lyrs=m&hl=es&x=4600&y=8560&z=14 HTTP/1.1" 200 5750
2026-04-28 23:44:18,703 - DEBUG - STREAM b'IHDR' 16 13
2026-04-28 23:44:18,704 - DEBUG - STREAM b'pHYs' 41 9
2026-04-28 23:44:18,704 - DEBUG - STREAM b'PLTE' 62 114
2026-04-28 23:44:18,704 - DEBUG - STREAM b'IDAT' 188 5546
2026-04-28 23:44:18,705 - DEBUG - Starting new HTTPS connection (1): mt0.google.com:443
2026-04-28 23:44:19,380 - DEBUG - https://mt0.google.com:443 "GET /vt/lyrs=m&hl=es&x=4600&y=8561&z=14 HTTP/1.1" 200 5071
2026-04-28 23:44:19,382 - DEBUG - STREAM b'IHDR' 16 13
2026-04-28 23:44:19,382 - DEBUG - STREAM b'pHYs' 41 9
2026-04-28 23:44:19,382 - DEBUG - STREAM b'PLTE' 62 111
2026-04-28 23:44:19,382 - DEBUG - STREAM b'IDAT' 185 4870
2026-04-28 23:44:19,385 - DEBUG - Starting new HTTPS connection (1): mt0.google.com:443
2026-04-28 23:44:20,065 - DEBUG - https://mt0.google.com:443 "GET /vt/lyrs=m&hl=es&x=4594&y=8561&z=14 HTTP/1.1" 200 26984
2026-04-28 23:44:20,184 - DEBUG - STREAM b'IHDR' 16 13
2026-04-28 23:44:20,184 - DEBUG - STREAM b'pHYs' 41 9
2026-04-28 23:44:20,184 - DEBUG - STREAM b'PLTE' 62 285
2026-04-28 23:44:20,184 - DEBUG - STREAM b'IDAT' 359 26609
2026-04-28 23:44:20,187 - DEBUG - Starting new HTTPS connection (1): mt0.google.com:443
2026-04-28 23:44:20,982 - DEBUG - https://mt0.google.com:443 "GET /vt/lyrs=m&hl=es&x=4600&y=8562&z=14 HTTP/1.1" 200 6902
2026-04-28 23:44:20,985 - DEBUG - STREAM b'IHDR' 16 13
2026-04-28 23:44:20,986 - DEBUG - STREAM b'pHYs' 41 9
2026-04-28 23:44:20,986 - DEBUG - STREAM b'PLTE' 62 120
2026-04-28 23:44:20,986 - DEBUG - STREAM b'IDAT' 194 6692
2026-04-28 23:44:20,990 - DEBUG - Starting new HTTPS connection (1): mt0.google.com:443
2026-04-28 23:44:22,006 - DEBUG - https://mt0.google.com:443 "GET /vt/lyrs=m&hl=es&x=4594&y=8562&z=14 HTTP/1.1" 200 23483
2026-04-28 23:44:22,118 - DEBUG - STREAM b'IHDR' 16 13
2026-04-28 23:44:22,119 - DEBUG - STREAM b'pHYs' 41 9
2026-04-28 23:44:22,119 - DEBUG - STREAM b'PLTE' 62 333
2026-04-28 23:44:22,119 - DEBUG - STREAM b'IDAT' 407 23060
2026-04-28 23:44:22,122 - DEBUG - Starting new HTTPS connection (1): mt0.google.com:443
2026-04-28 23:44:22,919 - DEBUG - https://mt0.google.com:443 "GET /vt/lyrs=m&hl=es&x=4600&y=8563&z=14 HTTP/1.1" 200 5522
2026-04-28 23:44:22,921 - DEBUG - STREAM b'IHDR' 16 13
2026-04-28 23:44:22,921 - DEBUG - STREAM b'pHYs' 41 9
2026-04-28 23:44:22,921 - DEBUG - STREAM b'PLTE' 62 102
2026-04-28 23:44:22,921 - DEBUG - STREAM b'IDAT' 176 5330
2026-04-28 23:44:22,925 - DEBUG - Starting new HTTPS connection (1): mt0.google.com:443
2026-04-28 23:44:23,712 - DEBUG - https://mt0.google.com:443 "GET /vt/lyrs=m&hl=es&x=4594&y=8563&z=14 HTTP/1.1" 200 29845
2026-04-28 23:44:23,841 - DEBUG - STREAM b'IHDR' 16 13
2026-04-28 23:44:23,841 - DEBUG - STREAM b'pHYs' 41 9
2026-04-28 23:44:23,841 - DEBUG - STREAM b'PLTE' 62 381
2026-04-28 23:44:23,841 - DEBUG - STREAM b'IDAT' 455 29374
2026-04-28 23:44:23,846 - DEBUG - Starting new HTTPS connection (1): mt0.google.com:443
2026-04-28 23:44:24,631 - DEBUG - https://mt0.google.com:443 "GET /vt/lyrs=m&hl=es&x=4600&y=8564&z=14 HTTP/1.1" 200 369
2026-04-28 23:44:24,635 - DEBUG - STREAM b'IHDR' 16 13
2026-04-28 23:44:24,636 - DEBUG - STREAM b'pHYs' 41 9
2026-04-28 23:44:24,636 - DEBUG - STREAM b'PLTE' 62 6
2026-04-28 23:44:24,636 - DEBUG - STREAM b'IDAT' 80 273
2026-04-28 23:44:24,641 - DEBUG - Starting new HTTPS connection (1): mt0.google.com:443
2026-04-28 23:44:25,677 - DEBUG - https://mt0.google.com:443 "GET /vt/lyrs=m&hl=es&x=4594&y=8564&z=14 HTTP/1.1" 200 7618
2026-04-28 23:44:25,680 - DEBUG - STREAM b'IHDR' 16 13
2026-04-28 23:44:25,680 - DEBUG - STREAM b'pHYs' 41 9
2026-04-28 23:44:25,680 - DEBUG - STREAM b'PLTE' 62 159
2026-04-28 23:44:25,680 - DEBUG - STREAM b'IDAT' 233 7369
2026-04-28 23:44:25,683 - DEBUG - Starting new HTTPS connection (1): mt0.google.com:443
2026-04-28 23:44:26,595 - DEBUG - https://mt0.google.com:443 "GET /vt/lyrs=m&hl=es&x=4600&y=8565&z=14 HTTP/1.1" 200 178
2026-04-28 23:44:26,597 - DEBUG - STREAM b'IHDR' 16 13
2026-04-28 23:44:26,597 - DEBUG - STREAM b'pHYs' 41 9
2026-04-28 23:44:26,598 - DEBUG - STREAM b'PLTE' 62 3
2026-04-28 23:44:26,598 - DEBUG - STREAM b'IDAT' 77 85
2026-04-28 23:44:26,600 - DEBUG - Starting new HTTPS connection (1): mt0.google.com:443
2026-04-28 23:44:27,506 - DEBUG - https://mt0.google.com:443 "GET /vt/lyrs=m&hl=es&x=4594&y=8565&z=14 HTTP/1.1" 200 178
2026-04-28 23:44:27,510 - DEBUG - STREAM b'IHDR' 16 13
2026-04-28 23:44:27,510 - DEBUG - STREAM b'pHYs' 41 9
2026-04-28 23:44:27,510 - DEBUG - STREAM b'PLTE' 62 3
2026-04-28 23:44:27,510 - DEBUG - STREAM b'IDAT' 77 85
2026-04-28 23:44:27,512 - DEBUG - Starting new HTTPS connection (1): mt0.google.com:443
2026-04-28 23:44:28,425 - DEBUG - https://mt0.google.com:443 "GET /vt/lyrs=m&hl=es&x=4593&y=8567&z=14 HTTP/1.1" 200 178
2026-04-28 23:44:28,428 - DEBUG - STREAM b'IHDR' 16 13
2026-04-28 23:44:28,428 - DEBUG - STREAM b'pHYs' 41 9
2026-04-28 23:44:28,429 - DEBUG - STREAM b'PLTE' 62 3
2026-04-28 23:44:28,429 - DEBUG - STREAM b'IDAT' 77 85
2026-04-28 23:44:28,430 - DEBUG - Starting new HTTPS connection (1): mt0.google.com:443
2026-04-28 23:44:29,219 - DEBUG - https://mt0.google.com:443 "GET /vt/lyrs=m&hl=es&x=4593&y=8559&z=14 HTTP/1.1" 200 18401
2026-04-28 23:44:29,336 - DEBUG - STREAM b'IHDR' 16 13
2026-04-28 23:44:29,336 - DEBUG - STREAM b'pHYs' 41 9
2026-04-28 23:44:29,336 - DEBUG - STREAM b'PLTE' 62 192
2026-04-28 23:44:29,336 - DEBUG - STREAM b'IDAT' 266 18119
2026-04-28 23:44:29,340 - DEBUG - Starting new HTTPS connection (1): mt0.google.com:443
2026-04-28 23:44:30,135 - DEBUG - https://mt0.google.com:443 "GET /vt/lyrs=m&hl=es&x=4594&y=8567&z=14 HTTP/1.1" 200 178
2026-04-28 23:44:30,138 - DEBUG - STREAM b'IHDR' 16 13
2026-04-28 23:44:30,138 - DEBUG - STREAM b'pHYs' 41 9
2026-04-28 23:44:30,138 - DEBUG - STREAM b'PLTE' 62 3
2026-04-28 23:44:30,138 - DEBUG - STREAM b'IDAT' 77 85
2026-04-28 23:44:30,140 - DEBUG - Starting new HTTPS connection (1): mt0.google.com:443
2026-04-28 23:44:30,932 - DEBUG - https://mt0.google.com:443 "GET /vt/lyrs=m&hl=es&x=4594&y=8559&z=14 HTTP/1.1" 200 15648
2026-04-28 23:44:30,933 - DEBUG - STREAM b'IHDR' 16 13
2026-04-28 23:44:30,934 - DEBUG - STREAM b'pHYs' 41 9
2026-04-28 23:44:30,934 - DEBUG - STREAM b'PLTE' 62 207
2026-04-28 23:44:30,934 - DEBUG - STREAM b'IDAT' 281 15351
2026-04-28 23:44:30,937 - DEBUG - Starting new HTTPS connection (1): mt0.google.com:443
2026-04-28 23:44:31,736 - DEBUG - https://mt0.google.com:443 "GET /vt/lyrs=m&hl=es&x=4595&y=8567&z=14 HTTP/1.1" 200 178
2026-04-28 23:44:31,738 - DEBUG - STREAM b'IHDR' 16 13
2026-04-28 23:44:31,738 - DEBUG - STREAM b'pHYs' 41 9
2026-04-28 23:44:31,738 - DEBUG - STREAM b'PLTE' 62 3
2026-04-28 23:44:31,738 - DEBUG - STREAM b'IDAT' 77 85
2026-04-28 23:44:31,742 - DEBUG - Starting new HTTPS connection (1): mt0.google.com:443
2026-04-28 23:44:32,531 - DEBUG - https://mt0.google.com:443 "GET /vt/lyrs=m&hl=es&x=4595&y=8559&z=14 HTTP/1.1" 200 6167
2026-04-28 23:44:32,535 - DEBUG - STREAM b'IHDR' 16 13
2026-04-28 23:44:32,535 - DEBUG - STREAM b'pHYs' 41 9
2026-04-28 23:44:32,535 - DEBUG - STREAM b'PLTE' 62 48
2026-04-28 23:44:32,536 - DEBUG - STREAM b'IDAT' 122 6029
2026-04-28 23:44:32,538 - DEBUG - Starting new HTTPS connection (1): mt0.google.com:443
2026-04-28 23:44:33,352 - DEBUG - https://mt0.google.com:443 "GET /vt/lyrs=m&hl=es&x=4596&y=8567&z=14 HTTP/1.1" 200 604
2026-04-28 23:44:33,353 - DEBUG - STREAM b'IHDR' 16 13
2026-04-28 23:44:33,354 - DEBUG - STREAM b'pHYs' 41 9
2026-04-28 23:44:33,354 - DEBUG - STREAM b'PLTE' 62 21
2026-04-28 23:44:33,354 - DEBUG - STREAM b'IDAT' 95 493
2026-04-28 23:44:33,357 - DEBUG - Starting new HTTPS connection (1): mt0.google.com:443
2026-04-28 23:44:34,145 - DEBUG - https://mt0.google.com:443 "GET /vt/lyrs=m&hl=es&x=4596&y=8559&z=14 HTTP/1.1" 200 15793
2026-04-28 23:44:34,153 - DEBUG - STREAM b'IHDR' 16 13
2026-04-28 23:44:34,153 - DEBUG - STREAM b'pHYs' 41 9
2026-04-28 23:44:34,153 - DEBUG - STREAM b'PLTE' 62 108
2026-04-28 23:44:34,153 - DEBUG - STREAM b'IDAT' 182 15595
2026-04-28 23:44:34,158 - DEBUG - Starting new HTTPS connection (1): mt0.google.com:443
2026-04-28 23:44:34,928 - DEBUG - https://mt0.google.com:443 "GET /vt/lyrs=m&hl=es&x=4597&y=8567&z=14 HTTP/1.1" 200 12455
2026-04-28 23:44:34,962 - DEBUG - STREAM b'IHDR' 16 13
2026-04-28 23:44:34,963 - DEBUG - STREAM b'pHYs' 41 9
2026-04-28 23:44:34,963 - DEBUG - STREAM b'PLTE' 62 237
2026-04-28 23:44:34,963 - DEBUG - STREAM b'IDAT' 311 12128
2026-04-28 23:44:34,964 - DEBUG - Starting new HTTPS connection (1): mt0.google.com:443
2026-04-28 23:44:35,553 - DEBUG - https://mt0.google.com:443 "GET /vt/lyrs=m&hl=es&x=4597&y=8559&z=14 HTTP/1.1" 200 5487
2026-04-28 23:44:35,563 - DEBUG - STREAM b'IHDR' 16 13
2026-04-28 23:44:35,563 - DEBUG - STREAM b'pHYs' 41 9
2026-04-28 23:44:35,563 - DEBUG - STREAM b'PLTE' 62 78
2026-04-28 23:44:35,563 - DEBUG - STREAM b'IDAT' 152 5319
2026-04-28 23:44:35,567 - DEBUG - Starting new HTTPS connection (1): mt0.google.com:443
2026-04-28 23:44:36,342 - DEBUG - https://mt0.google.com:443 "GET /vt/lyrs=m&hl=es&x=4598&y=8567&z=14 HTTP/1.1" 200 4633
2026-04-28 23:44:36,346 - DEBUG - STREAM b'IHDR' 16 13
2026-04-28 23:44:36,346 - DEBUG - STREAM b'pHYs' 41 9
2026-04-28 23:44:36,346 - DEBUG - STREAM b'PLTE' 62 105
2026-04-28 23:44:36,346 - DEBUG - STREAM b'IDAT' 179 4438
2026-04-28 23:44:36,349 - DEBUG - Starting new HTTPS connection (1): mt0.google.com:443
2026-04-28 23:44:37,145 - DEBUG - https://mt0.google.com:443 "GET /vt/lyrs=m&hl=es&x=4598&y=8559&z=14 HTTP/1.1" 200 263
2026-04-28 23:44:37,148 - DEBUG - STREAM b'IHDR' 16 13
2026-04-28 23:44:37,148 - DEBUG - STREAM b'pHYs' 41 9
2026-04-28 23:44:37,148 - DEBUG - STREAM b'PLTE' 62 6
2026-04-28 23:44:37,148 - DEBUG - STREAM b'IDAT' 80 167
2026-04-28 23:44:37,149 - DEBUG - Starting new HTTPS connection (1): mt0.google.com:443
2026-04-28 23:44:37,942 - DEBUG - https://mt0.google.com:443 "GET /vt/lyrs=m&hl=es&x=4599&y=8567&z=14 HTTP/1.1" 200 1453
2026-04-28 23:44:37,947 - DEBUG - STREAM b'IHDR' 16 13
2026-04-28 23:44:37,948 - DEBUG - STREAM b'pHYs' 41 9
2026-04-28 23:44:37,948 - DEBUG - STREAM b'PLTE' 62 30
2026-04-28 23:44:37,948 - DEBUG - STREAM b'IDAT' 104 1333
2026-04-28 23:44:37,950 - DEBUG - Starting new HTTPS connection (1): mt0.google.com:443
2026-04-28 23:44:38,741 - DEBUG - https://mt0.google.com:443 "GET /vt/lyrs=m&hl=es&x=4599&y=8559&z=14 HTTP/1.1" 200 1162
2026-04-28 23:44:38,745 - DEBUG - STREAM b'IHDR' 16 13
2026-04-28 23:44:38,745 - DEBUG - STREAM b'pHYs' 41 9
2026-04-28 23:44:38,745 - DEBUG - STREAM b'PLTE' 62 12
2026-04-28 23:44:38,745 - DEBUG - STREAM b'IDAT' 86 1060
2026-04-28 23:44:38,747 - DEBUG - Starting new HTTPS connection (1): mt0.google.com:443
2026-04-28 23:44:39,534 - DEBUG - https://mt0.google.com:443 "GET /vt/lyrs=m&hl=es&x=4600&y=8567&z=14 HTTP/1.1" 200 650
2026-04-28 23:44:39,536 - DEBUG - STREAM b'IHDR' 16 13
2026-04-28 23:44:39,536 - DEBUG - STREAM b'pHYs' 41 9
2026-04-28 23:44:39,536 - DEBUG - STREAM b'PLTE' 62 6
2026-04-28 23:44:39,536 - DEBUG - STREAM b'IDAT' 80 554
2026-04-28 23:44:39,538 - DEBUG - Starting new HTTPS connection (1): mt0.google.com:443
2026-04-28 23:44:40,520 - DEBUG - https://mt0.google.com:443 "GET /vt/lyrs=m&hl=es&x=4600&y=8559&z=14 HTTP/1.1" 200 1064
2026-04-28 23:44:40,525 - DEBUG - STREAM b'IHDR' 16 13
2026-04-28 23:44:40,525 - DEBUG - STREAM b'pHYs' 41 9
2026-04-28 23:44:40,526 - DEBUG - STREAM b'PLTE' 62 18
2026-04-28 23:44:40,526 - DEBUG - STREAM b'IDAT' 92 956
2026-04-28 23:44:40,555 - DEBUG - Starting new HTTPS connection (1): mt0.google.com:443
2026-04-28 23:44:41,566 - DEBUG - https://mt0.google.com:443 "GET /vt/lyrs=m&hl=es&x=4601&y=8567&z=14 HTTP/1.1" 200 588
2026-04-28 23:44:41,570 - DEBUG - STREAM b'IHDR' 16 13
2026-04-28 23:44:41,570 - DEBUG - STREAM b'pHYs' 41 9
2026-04-28 23:44:41,570 - DEBUG - STREAM b'PLTE' 62 6
2026-04-28 23:44:41,570 - DEBUG - STREAM b'IDAT' 80 492
2026-04-28 23:44:41,572 - DEBUG - Starting new HTTPS connection (1): mt0.google.com:443
2026-04-28 23:44:42,395 - DEBUG - https://mt0.google.com:443 "GET /vt/lyrs=m&hl=es&x=4601&y=8559&z=14 HTTP/1.1" 200 872
2026-04-28 23:44:42,398 - DEBUG - STREAM b'IHDR' 16 13
2026-04-28 23:44:42,398 - DEBUG - STREAM b'pHYs' 41 9
2026-04-28 23:44:42,398 - DEBUG - STREAM b'PLTE' 62 12
2026-04-28 23:44:42,398 - DEBUG - STREAM b'IDAT' 86 770
2026-04-28 23:44:42,403 - DEBUG - Starting new HTTPS connection (1): mt0.google.com:443
2026-04-28 23:44:43,238 - DEBUG - https://mt0.google.com:443 "GET /vt/lyrs=m&hl=es&x=4601&y=8560&z=14 HTTP/1.1" 200 2349
2026-04-28 23:44:43,255 - DEBUG - STREAM b'IHDR' 16 13
2026-04-28 23:44:43,255 - DEBUG - STREAM b'pHYs' 41 9
2026-04-28 23:44:43,256 - DEBUG - STREAM b'PLTE' 62 36
2026-04-28 23:44:43,256 - DEBUG - STREAM b'IDAT' 110 2223
2026-04-28 23:44:43,258 - DEBUG - Starting new HTTPS connection (1): mt0.google.com:443
2026-04-28 23:44:44,096 - DEBUG - https://mt0.google.com:443 "GET /vt/lyrs=m&hl=es&x=4593&y=8560&z=14 HTTP/1.1" 200 24840
2026-04-28 23:44:44,206 - DEBUG - STREAM b'IHDR' 16 13
2026-04-28 23:44:44,206 - DEBUG - STREAM b'pHYs' 41 9
2026-04-28 23:44:44,206 - DEBUG - STREAM b'PLTE' 62 321
2026-04-28 23:44:44,206 - DEBUG - STREAM b'IDAT' 395 24429
2026-04-28 23:44:44,209 - DEBUG - Starting new HTTPS connection (1): mt0.google.com:443
2026-04-28 23:44:44,960 - DEBUG - https://mt0.google.com:443 "GET /vt/lyrs=m&hl=es&x=4601&y=8561&z=14 HTTP/1.1" 200 7011
2026-04-28 23:44:44,961 - DEBUG - STREAM b'IHDR' 16 13
2026-04-28 23:44:44,961 - DEBUG - STREAM b'pHYs' 41 9
2026-04-28 23:44:44,963 - DEBUG - STREAM b'PLTE' 62 177
2026-04-28 23:44:44,963 - DEBUG - STREAM b'IDAT' 251 6744
2026-04-28 23:44:44,964 - DEBUG - Starting new HTTPS connection (1): mt0.google.com:443
2026-04-28 23:44:45,819 - DEBUG - https://mt0.google.com:443 "GET /vt/lyrs=m&hl=es&x=4593&y=8561&z=14 HTTP/1.1" 200 12100
2026-04-28 23:44:45,826 - DEBUG - STREAM b'IHDR' 16 13
2026-04-28 23:44:45,827 - DEBUG - STREAM b'pHYs' 41 9
2026-04-28 23:44:45,827 - DEBUG - STREAM b'PLTE' 62 174
2026-04-28 23:44:45,827 - DEBUG - STREAM b'IDAT' 248 11836
2026-04-28 23:44:45,829 - DEBUG - Starting new HTTPS connection (1): mt0.google.com:443
2026-04-28 23:44:46,680 - DEBUG - https://mt0.google.com:443 "GET /vt/lyrs=m&hl=es&x=4601&y=8562&z=14 HTTP/1.1" 200 1488
2026-04-28 23:44:46,682 - DEBUG - STREAM b'IHDR' 16 13
2026-04-28 23:44:46,684 - DEBUG - STREAM b'pHYs' 41 9
2026-04-28 23:44:46,684 - DEBUG - STREAM b'PLTE' 62 15
2026-04-28 23:44:46,684 - DEBUG - STREAM b'IDAT' 89 1383
2026-04-28 23:44:46,686 - DEBUG - Starting new HTTPS connection (1): mt0.google.com:443
2026-04-28 23:44:47,439 - DEBUG - https://mt0.google.com:443 "GET /vt/lyrs=m&hl=es&x=4593&y=8562&z=14 HTTP/1.1" 200 6622
2026-04-28 23:44:47,442 - DEBUG - STREAM b'IHDR' 16 13
2026-04-28 23:44:47,442 - DEBUG - STREAM b'pHYs' 41 9
2026-04-28 23:44:47,442 - DEBUG - STREAM b'PLTE' 62 141
2026-04-28 23:44:47,442 - DEBUG - STREAM b'IDAT' 215 6391
2026-04-28 23:44:47,444 - DEBUG - Starting new HTTPS connection (1): mt0.google.com:443
2026-04-28 23:44:48,291 - DEBUG - https://mt0.google.com:443 "GET /vt/lyrs=m&hl=es&x=4601&y=8563&z=14 HTTP/1.1" 200 429
2026-04-28 23:44:48,293 - DEBUG - STREAM b'IHDR' 16 13
2026-04-28 23:44:48,293 - DEBUG - STREAM b'pHYs' 41 9
2026-04-28 23:44:48,293 - DEBUG - STREAM b'PLTE' 62 6
2026-04-28 23:44:48,294 - DEBUG - STREAM b'IDAT' 80 333
2026-04-28 23:44:48,295 - DEBUG - Starting new HTTPS connection (1): mt0.google.com:443
2026-04-28 23:44:49,041 - DEBUG - https://mt0.google.com:443 "GET /vt/lyrs=m&hl=es&x=4593&y=8563&z=14 HTTP/1.1" 200 6576
2026-04-28 23:44:49,045 - DEBUG - STREAM b'IHDR' 16 13
2026-04-28 23:44:49,045 - DEBUG - STREAM b'pHYs' 41 9
2026-04-28 23:44:49,045 - DEBUG - STREAM b'PLTE' 62 177
2026-04-28 23:44:49,045 - DEBUG - STREAM b'IDAT' 251 6309
2026-04-28 23:44:49,049 - DEBUG - Starting new HTTPS connection (1): mt0.google.com:443
2026-04-28 23:44:49,898 - DEBUG - https://mt0.google.com:443 "GET /vt/lyrs=m&hl=es&x=4601&y=8564&z=14 HTTP/1.1" 200 178
2026-04-28 23:44:49,901 - DEBUG - STREAM b'IHDR' 16 13
2026-04-28 23:44:49,901 - DEBUG - STREAM b'pHYs' 41 9
2026-04-28 23:44:49,901 - DEBUG - STREAM b'PLTE' 62 3
2026-04-28 23:44:49,901 - DEBUG - STREAM b'IDAT' 77 85
2026-04-28 23:44:49,904 - DEBUG - Starting new HTTPS connection (1): mt0.google.com:443
2026-04-28 23:44:50,661 - DEBUG - https://mt0.google.com:443 "GET /vt/lyrs=m&hl=es&x=4593&y=8564&z=14 HTTP/1.1" 200 178
2026-04-28 23:44:50,664 - DEBUG - STREAM b'IHDR' 16 13
2026-04-28 23:44:50,665 - DEBUG - STREAM b'pHYs' 41 9
2026-04-28 23:44:50,665 - DEBUG - STREAM b'PLTE' 62 3
2026-04-28 23:44:50,665 - DEBUG - STREAM b'IDAT' 77 85
2026-04-28 23:44:50,667 - DEBUG - Starting new HTTPS connection (1): mt0.google.com:443
2026-04-28 23:44:51,516 - DEBUG - https://mt0.google.com:443 "GET /vt/lyrs=m&hl=es&x=4601&y=8565&z=14 HTTP/1.1" 200 178
2026-04-28 23:44:51,520 - DEBUG - STREAM b'IHDR' 16 13
2026-04-28 23:44:51,520 - DEBUG - STREAM b'pHYs' 41 9
2026-04-28 23:44:51,520 - DEBUG - STREAM b'PLTE' 62 3
2026-04-28 23:44:51,520 - DEBUG - STREAM b'IDAT' 77 85
2026-04-28 23:44:51,523 - DEBUG - Starting new HTTPS connection (1): mt0.google.com:443
2026-04-28 23:44:52,272 - DEBUG - https://mt0.google.com:443 "GET /vt/lyrs=m&hl=es&x=4593&y=8565&z=14 HTTP/1.1" 200 178
2026-04-28 23:44:52,275 - DEBUG - STREAM b'IHDR' 16 13
2026-04-28 23:44:52,275 - DEBUG - STREAM b'pHYs' 41 9
2026-04-28 23:44:52,275 - DEBUG - STREAM b'PLTE' 62 3
2026-04-28 23:44:52,275 - DEBUG - STREAM b'IDAT' 77 85
2026-04-28 23:44:52,281 - DEBUG - Starting new HTTPS connection (1): mt0.google.com:443
2026-04-28 23:44:53,021 - DEBUG - https://mt0.google.com:443 "GET /vt/lyrs=m&hl=es&x=4601&y=8566&z=14 HTTP/1.1" 200 178
2026-04-28 23:44:53,026 - DEBUG - STREAM b'IHDR' 16 13
2026-04-28 23:44:53,026 - DEBUG - STREAM b'pHYs' 41 9
2026-04-28 23:44:53,026 - DEBUG - STREAM b'PLTE' 62 3
2026-04-28 23:44:53,026 - DEBUG - STREAM b'IDAT' 77 85
2026-04-28 23:44:53,030 - DEBUG - Starting new HTTPS connection (1): mt0.google.com:443
2026-04-28 23:44:53,965 - DEBUG - https://mt0.google.com:443 "GET /vt/lyrs=m&hl=es&x=4593&y=8566&z=14 HTTP/1.1" 200 178
2026-04-28 23:44:53,969 - DEBUG - STREAM b'IHDR' 16 13
2026-04-28 23:44:53,970 - DEBUG - STREAM b'pHYs' 41 9
2026-04-28 23:44:53,970 - DEBUG - STREAM b'PLTE' 62 3
2026-04-28 23:44:53,970 - DEBUG - STREAM b'IDAT' 77 85
2026-04-28 23:44:53,973 - DEBUG - Starting new HTTPS connection (1): mt0.google.com:443
2026-04-28 23:44:54,704 - DEBUG - https://mt0.google.com:443 "GET /vt/lyrs=m&hl=es&x=4592&y=8568&z=14 HTTP/1.1" 200 178
2026-04-28 23:44:54,708 - DEBUG - STREAM b'IHDR' 16 13
2026-04-28 23:44:54,708 - DEBUG - STREAM b'pHYs' 41 9
2026-04-28 23:44:54,708 - DEBUG - STREAM b'PLTE' 62 3
2026-04-28 23:44:54,708 - DEBUG - STREAM b'IDAT' 77 85
2026-04-28 23:44:54,712 - DEBUG - Starting new HTTPS connection (1): mt0.google.com:443
2026-04-28 23:44:55,568 - DEBUG - https://mt0.google.com:443 "GET /vt/lyrs=m&hl=es&x=4592&y=8558&z=14 HTTP/1.1" 200 2694
2026-04-28 23:44:55,570 - DEBUG - STREAM b'IHDR' 16 13
2026-04-28 23:44:55,570 - DEBUG - STREAM b'pHYs' 41 9
2026-04-28 23:44:55,571 - DEBUG - STREAM b'PLTE' 62 75
2026-04-28 23:44:55,571 - DEBUG - STREAM b'IDAT' 149 2529
2026-04-28 23:44:55,573 - DEBUG - Starting new HTTPS connection (1): mt0.google.com:443
2026-04-28 23:44:56,444 - DEBUG - https://mt0.google.com:443 "GET /vt/lyrs=m&hl=es&x=4593&y=8568&z=14 HTTP/1.1" 200 178
2026-04-28 23:44:56,447 - DEBUG - STREAM b'IHDR' 16 13
2026-04-28 23:44:56,447 - DEBUG - STREAM b'pHYs' 41 9
2026-04-28 23:44:56,447 - DEBUG - STREAM b'PLTE' 62 3
2026-04-28 23:44:56,447 - DEBUG - STREAM b'IDAT' 77 85
2026-04-28 23:44:56,450 - DEBUG - Starting new HTTPS connection (1): mt0.google.com:443
2026-04-28 23:44:57,299 - DEBUG - https://mt0.google.com:443 "GET /vt/lyrs=m&hl=es&x=4593&y=8558&z=14 HTTP/1.1" 200 23544
2026-04-28 23:44:57,408 - DEBUG - STREAM b'IHDR' 16 13
2026-04-28 23:44:57,408 - DEBUG - STREAM b'pHYs' 41 9
2026-04-28 23:44:57,408 - DEBUG - STREAM b'PLTE' 62 378
2026-04-28 23:44:57,408 - DEBUG - STREAM b'IDAT' 452 23076
2026-04-28 23:44:57,409 - DEBUG - Starting new HTTPS connection (1): mt0.google.com:443
2026-04-28 23:44:58,252 - DEBUG - https://mt0.google.com:443 "GET /vt/lyrs=m&hl=es&x=4594&y=8568&z=14 HTTP/1.1" 200 178
2026-04-28 23:44:58,255 - DEBUG - STREAM b'IHDR' 16 13
2026-04-28 23:44:58,256 - DEBUG - STREAM b'pHYs' 41 9
2026-04-28 23:44:58,256 - DEBUG - STREAM b'PLTE' 62 3
2026-04-28 23:44:58,256 - DEBUG - STREAM b'IDAT' 77 85
2026-04-28 23:44:58,257 - DEBUG - Starting new HTTPS connection (1): mt0.google.com:443
2026-04-28 23:44:58,972 - DEBUG - https://mt0.google.com:443 "GET /vt/lyrs=m&hl=es&x=4594&y=8558&z=14 HTTP/1.1" 200 6806
2026-04-28 23:44:58,975 - DEBUG - STREAM b'IHDR' 16 13
2026-04-28 23:44:58,975 - DEBUG - STREAM b'pHYs' 41 9
2026-04-28 23:44:58,975 - DEBUG - STREAM b'PLTE' 62 60
2026-04-28 23:44:58,975 - DEBUG - STREAM b'IDAT' 134 6656
2026-04-28 23:44:58,977 - DEBUG - Starting new HTTPS connection (1): mt0.google.com:443
2026-04-28 23:44:59,707 - DEBUG - https://mt0.google.com:443 "GET /vt/lyrs=m&hl=es&x=4595&y=8568&z=14 HTTP/1.1" 200 178
2026-04-28 23:44:59,710 - DEBUG - STREAM b'IHDR' 16 13
2026-04-28 23:44:59,710 - DEBUG - STREAM b'pHYs' 41 9
2026-04-28 23:44:59,710 - DEBUG - STREAM b'PLTE' 62 3
2026-04-28 23:44:59,710 - DEBUG - STREAM b'IDAT' 77 85
2026-04-28 23:44:59,713 - DEBUG - Starting new HTTPS connection (1): mt0.google.com:443
2026-04-28 23:45:00,643 - DEBUG - https://mt0.google.com:443 "GET /vt/lyrs=m&hl=es&x=4595&y=8558&z=14 HTTP/1.1" 200 2394
2026-04-28 23:45:00,648 - DEBUG - STREAM b'IHDR' 16 13
2026-04-28 23:45:00,648 - DEBUG - STREAM b'pHYs' 41 9
2026-04-28 23:45:00,648 - DEBUG - STREAM b'PLTE' 62 75
2026-04-28 23:45:00,648 - DEBUG - STREAM b'IDAT' 149 2229
2026-04-28 23:45:00,652 - DEBUG - Starting new HTTPS connection (1): mt0.google.com:443
2026-04-28 23:45:01,592 - DEBUG - https://mt0.google.com:443 "GET /vt/lyrs=m&hl=es&x=4596&y=8568&z=14 HTTP/1.1" 200 178
2026-04-28 23:45:01,595 - DEBUG - STREAM b'IHDR' 16 13
2026-04-28 23:45:01,595 - DEBUG - STREAM b'pHYs' 41 9
2026-04-28 23:45:01,595 - DEBUG - STREAM b'PLTE' 62 3
2026-04-28 23:45:01,595 - DEBUG - STREAM b'IDAT' 77 85
2026-04-28 23:45:01,598 - DEBUG - Starting new HTTPS connection (1): mt0.google.com:443
2026-04-28 23:45:02,448 - DEBUG - https://mt0.google.com:443 "GET /vt/lyrs=m&hl=es&x=4596&y=8558&z=14 HTTP/1.1" 200 944
2026-04-28 23:45:02,450 - DEBUG - STREAM b'IHDR' 16 13
2026-04-28 23:45:02,450 - DEBUG - STREAM b'pHYs' 41 9
2026-04-28 23:45:02,450 - DEBUG - STREAM b'PLTE' 62 12
2026-04-28 23:45:02,450 - DEBUG - STREAM b'IDAT' 86 842
2026-04-28 23:45:02,453 - DEBUG - Starting new HTTPS connection (1): mt0.google.com:443
2026-04-28 23:45:03,288 - DEBUG - https://mt0.google.com:443 "GET /vt/lyrs=m&hl=es&x=4597&y=8568&z=14 HTTP/1.1" 200 2501
2026-04-28 23:45:03,290 - DEBUG - STREAM b'IHDR' 16 13
2026-04-28 23:45:03,290 - DEBUG - STREAM b'pHYs' 41 9
2026-04-28 23:45:03,291 - DEBUG - STREAM b'PLTE' 62 54
2026-04-28 23:45:03,291 - DEBUG - STREAM b'IDAT' 128 2357
2026-04-28 23:45:03,293 - DEBUG - Starting new HTTPS connection (1): mt0.google.com:443
2026-04-28 23:45:04,115 - DEBUG - https://mt0.google.com:443 "GET /vt/lyrs=m&hl=es&x=4597&y=8558&z=14 HTTP/1.1" 200 274
2026-04-28 23:45:04,117 - DEBUG - STREAM b'IHDR' 16 13
2026-04-28 23:45:04,117 - DEBUG - STREAM b'pHYs' 41 9
2026-04-28 23:45:04,117 - DEBUG - STREAM b'PLTE' 62 15
2026-04-28 23:45:04,118 - DEBUG - STREAM b'IDAT' 89 169
2026-04-28 23:45:04,120 - DEBUG - Starting new HTTPS connection (1): mt0.google.com:443
2026-04-28 23:45:04,974 - DEBUG - https://mt0.google.com:443 "GET /vt/lyrs=m&hl=es&x=4598&y=8568&z=14 HTTP/1.1" 200 1779
2026-04-28 23:45:04,976 - DEBUG - STREAM b'IHDR' 16 13
2026-04-28 23:45:04,976 - DEBUG - STREAM b'pHYs' 41 9
2026-04-28 23:45:04,976 - DEBUG - STREAM b'PLTE' 62 63
2026-04-28 23:45:04,976 - DEBUG - STREAM b'IDAT' 137 1626
2026-04-28 23:45:04,979 - DEBUG - Starting new HTTPS connection (1): mt0.google.com:443
2026-04-28 23:45:05,721 - DEBUG - https://mt0.google.com:443 "GET /vt/lyrs=m&hl=es&x=4598&y=8558&z=14 HTTP/1.1" 200 1208
2026-04-28 23:45:05,723 - DEBUG - STREAM b'IHDR' 16 13
2026-04-28 23:45:05,723 - DEBUG - STREAM b'pHYs' 41 9
2026-04-28 23:45:05,723 - DEBUG - STREAM b'PLTE' 62 24
2026-04-28 23:45:05,724 - DEBUG - STREAM b'IDAT' 98 1094
2026-04-28 23:45:05,727 - DEBUG - Starting new HTTPS connection (1): mt0.google.com:443
2026-04-28 23:45:06,494 - DEBUG - https://mt0.google.com:443 "GET /vt/lyrs=m&hl=es&x=4599&y=8568&z=14 HTTP/1.1" 200 4284
2026-04-28 23:45:06,496 - DEBUG - STREAM b'IHDR' 16 13
2026-04-28 23:45:06,496 - DEBUG - STREAM b'pHYs' 41 9
2026-04-28 23:45:06,498 - DEBUG - STREAM b'PLTE' 62 120
2026-04-28 23:45:06,498 - DEBUG - STREAM b'IDAT' 194 4074
2026-04-28 23:45:06,501 - DEBUG - Starting new HTTPS connection (1): mt0.google.com:443
2026-04-28 23:45:07,246 - DEBUG - https://mt0.google.com:443 "GET /vt/lyrs=m&hl=es&x=4599&y=8558&z=14 HTTP/1.1" 200 755
2026-04-28 23:45:07,248 - DEBUG - STREAM b'IHDR' 16 13
2026-04-28 23:45:07,249 - DEBUG - STREAM b'pHYs' 41 9
2026-04-28 23:45:07,249 - DEBUG - STREAM b'PLTE' 62 21
2026-04-28 23:45:07,249 - DEBUG - STREAM b'IDAT' 95 644
2026-04-28 23:45:07,252 - DEBUG - Starting new HTTPS connection (1): mt0.google.com:443
2026-04-28 23:45:07,984 - DEBUG - https://mt0.google.com:443 "GET /vt/lyrs=m&hl=es&x=4600&y=8568&z=14 HTTP/1.1" 200 1397
2026-04-28 23:45:07,986 - DEBUG - STREAM b'IHDR' 16 13
2026-04-28 23:45:07,986 - DEBUG - STREAM b'pHYs' 41 9
2026-04-28 23:45:07,986 - DEBUG - STREAM b'PLTE' 62 15
2026-04-28 23:45:07,986 - DEBUG - STREAM b'IDAT' 89 1292
2026-04-28 23:45:07,990 - DEBUG - Starting new HTTPS connection (1): mt0.google.com:443
2026-04-28 23:45:08,774 - DEBUG - https://mt0.google.com:443 "GET /vt/lyrs=m&hl=es&x=4600&y=8558&z=14 HTTP/1.1" 200 960
2026-04-28 23:45:08,776 - DEBUG - STREAM b'IHDR' 16 13
2026-04-28 23:45:08,778 - DEBUG - STREAM b'pHYs' 41 9
2026-04-28 23:45:08,778 - DEBUG - STREAM b'PLTE' 62 36
2026-04-28 23:45:08,778 - DEBUG - STREAM b'IDAT' 110 834
2026-04-28 23:45:08,782 - DEBUG - Starting new HTTPS connection (1): mt0.google.com:443
2026-04-28 23:45:09,535 - DEBUG - https://mt0.google.com:443 "GET /vt/lyrs=m&hl=es&x=4601&y=8568&z=14 HTTP/1.1" 200 1694
2026-04-28 23:45:09,600 - DEBUG - STREAM b'IHDR' 16 13
2026-04-28 23:45:09,600 - DEBUG - STREAM b'pHYs' 41 9
2026-04-28 23:45:09,600 - DEBUG - STREAM b'PLTE' 62 27
2026-04-28 23:45:09,600 - DEBUG - STREAM b'IDAT' 101 1577
2026-04-28 23:45:09,602 - DEBUG - Starting new HTTPS connection (1): mt0.google.com:443
2026-04-28 23:45:10,391 - DEBUG - https://mt0.google.com:443 "GET /vt/lyrs=m&hl=es&x=4601&y=8558&z=14 HTTP/1.1" 200 178
2026-04-28 23:45:10,394 - DEBUG - STREAM b'IHDR' 16 13
2026-04-28 23:45:10,394 - DEBUG - STREAM b'pHYs' 41 9
2026-04-28 23:45:10,395 - DEBUG - STREAM b'PLTE' 62 3
2026-04-28 23:45:10,395 - DEBUG - STREAM b'IDAT' 77 85
2026-04-28 23:45:10,398 - DEBUG - Starting new HTTPS connection (1): mt0.google.com:443
2026-04-28 23:45:11,219 - DEBUG - https://mt0.google.com:443 "GET /vt/lyrs=m&hl=es&x=4602&y=8568&z=14 HTTP/1.1" 200 1454
2026-04-28 23:45:11,318 - DEBUG - STREAM b'IHDR' 16 13
2026-04-28 23:45:11,318 - DEBUG - STREAM b'pHYs' 41 9
2026-04-28 23:45:11,318 - DEBUG - STREAM b'PLTE' 62 30
2026-04-28 23:45:11,318 - DEBUG - STREAM b'IDAT' 104 1334
2026-04-28 23:45:11,321 - DEBUG - Starting new HTTPS connection (1): mt0.google.com:443
2026-04-28 23:45:12,309 - DEBUG - https://mt0.google.com:443 "GET /vt/lyrs=m&hl=es&x=4602&y=8558&z=14 HTTP/1.1" 200 178
2026-04-28 23:45:12,313 - DEBUG - STREAM b'IHDR' 16 13
2026-04-28 23:45:12,313 - DEBUG - STREAM b'pHYs' 41 9
2026-04-28 23:45:12,313 - DEBUG - STREAM b'PLTE' 62 3
2026-04-28 23:45:12,313 - DEBUG - STREAM b'IDAT' 77 85
2026-04-28 23:45:12,315 - DEBUG - Starting new HTTPS connection (1): mt0.google.com:443
2026-04-28 23:45:12,948 - DEBUG - https://mt0.google.com:443 "GET /vt/lyrs=m&hl=es&x=4602&y=8559&z=14 HTTP/1.1" 200 489
2026-04-28 23:45:12,949 - DEBUG - STREAM b'IHDR' 16 13
2026-04-28 23:45:12,949 - DEBUG - STREAM b'pHYs' 41 9
2026-04-28 23:45:12,949 - DEBUG - STREAM b'PLTE' 62 12
2026-04-28 23:45:12,949 - DEBUG - STREAM b'IDAT' 86 387
2026-04-28 23:45:12,953 - DEBUG - Starting new HTTPS connection (1): mt0.google.com:443
2026-04-28 23:45:13,710 - DEBUG - https://mt0.google.com:443 "GET /vt/lyrs=m&hl=es&x=4592&y=8559&z=14 HTTP/1.1" 200 8815
2026-04-28 23:45:13,716 - DEBUG - STREAM b'IHDR' 16 13
2026-04-28 23:45:13,716 - DEBUG - STREAM b'pHYs' 41 9
2026-04-28 23:45:13,716 - DEBUG - STREAM b'PLTE' 62 84
2026-04-28 23:45:13,716 - DEBUG - STREAM b'IDAT' 158 8641
2026-04-28 23:45:13,738 - DEBUG - Starting new HTTPS connection (1): mt0.google.com:443
2026-04-28 23:45:14,541 - DEBUG - https://mt0.google.com:443 "GET /vt/lyrs=m&hl=es&x=4602&y=8560&z=14 HTTP/1.1" 200 10026
2026-04-28 23:45:14,545 - DEBUG - STREAM b'IHDR' 16 13
2026-04-28 23:45:14,545 - DEBUG - STREAM b'pHYs' 41 9
2026-04-28 23:45:14,545 - DEBUG - STREAM b'PLTE' 62 213
2026-04-28 23:45:14,545 - DEBUG - STREAM b'IDAT' 287 9723
2026-04-28 23:45:14,547 - DEBUG - Starting new HTTPS connection (1): mt0.google.com:443
2026-04-28 23:45:15,269 - DEBUG - https://mt0.google.com:443 "GET /vt/lyrs=m&hl=es&x=4592&y=8560&z=14 HTTP/1.1" 200 13146
2026-04-28 23:45:15,272 - DEBUG - STREAM b'IHDR' 16 13
2026-04-28 23:45:15,272 - DEBUG - STREAM b'pHYs' 41 9
2026-04-28 23:45:15,272 - DEBUG - STREAM b'PLTE' 62 168
2026-04-28 23:45:15,272 - DEBUG - STREAM b'IDAT' 242 12888
2026-04-28 23:45:15,275 - DEBUG - Starting new HTTPS connection (1): mt0.google.com:443
2026-04-28 23:45:16,008 - DEBUG - https://mt0.google.com:443 "GET /vt/lyrs=m&hl=es&x=4602&y=8561&z=14 HTTP/1.1" 200 4233
2026-04-28 23:45:16,010 - DEBUG - STREAM b'IHDR' 16 13
2026-04-28 23:45:16,010 - DEBUG - STREAM b'pHYs' 41 9
2026-04-28 23:45:16,010 - DEBUG - STREAM b'PLTE' 62 72
2026-04-28 23:45:16,011 - DEBUG - STREAM b'IDAT' 146 4071
2026-04-28 23:45:16,012 - DEBUG - Starting new HTTPS connection (1): mt0.google.com:443
2026-04-28 23:45:16,650 - DEBUG - https://mt0.google.com:443 "GET /vt/lyrs=m&hl=es&x=4592&y=8561&z=14 HTTP/1.1" 200 18380
2026-04-28 23:45:16,754 - DEBUG - STREAM b'IHDR' 16 13
2026-04-28 23:45:16,755 - DEBUG - STREAM b'pHYs' 41 9
2026-04-28 23:45:16,755 - DEBUG - STREAM b'PLTE' 62 270
2026-04-28 23:45:16,755 - DEBUG - STREAM b'IDAT' 344 18020
2026-04-28 23:45:16,757 - DEBUG - Starting new HTTPS connection (1): mt0.google.com:443
2026-04-28 23:45:17,401 - DEBUG - https://mt0.google.com:443 "GET /vt/lyrs=m&hl=es&x=4602&y=8562&z=14 HTTP/1.1" 200 178
2026-04-28 23:45:17,404 - DEBUG - STREAM b'IHDR' 16 13
2026-04-28 23:45:17,404 - DEBUG - STREAM b'pHYs' 41 9
2026-04-28 23:45:17,404 - DEBUG - STREAM b'PLTE' 62 3
2026-04-28 23:45:17,404 - DEBUG - STREAM b'IDAT' 77 85
2026-04-28 23:45:17,407 - DEBUG - Starting new HTTPS connection (1): mt0.google.com:443
2026-04-28 23:45:18,023 - DEBUG - https://mt0.google.com:443 "GET /vt/lyrs=m&hl=es&x=4592&y=8562&z=14 HTTP/1.1" 200 5824
2026-04-28 23:45:18,025 - DEBUG - STREAM b'IHDR' 16 13
2026-04-28 23:45:18,025 - DEBUG - STREAM b'pHYs' 41 9
2026-04-28 23:45:18,025 - DEBUG - STREAM b'PLTE' 62 117
2026-04-28 23:45:18,025 - DEBUG - STREAM b'IDAT' 191 5617
2026-04-28 23:45:18,028 - DEBUG - Starting new HTTPS connection (1): mt0.google.com:443
2026-04-28 23:45:18,641 - DEBUG - https://mt0.google.com:443 "GET /vt/lyrs=m&hl=es&x=4602&y=8563&z=14 HTTP/1.1" 200 178
2026-04-28 23:45:18,645 - DEBUG - STREAM b'IHDR' 16 13
2026-04-28 23:45:18,646 - DEBUG - STREAM b'pHYs' 41 9
2026-04-28 23:45:18,646 - DEBUG - STREAM b'PLTE' 62 3
2026-04-28 23:45:18,646 - DEBUG - STREAM b'IDAT' 77 85
2026-04-28 23:45:18,647 - DEBUG - Starting new HTTPS connection (1): mt0.google.com:443
2026-04-28 23:45:19,256 - DEBUG - https://mt0.google.com:443 "GET /vt/lyrs=m&hl=es&x=4592&y=8563&z=14 HTTP/1.1" 200 261
2026-04-28 23:45:19,258 - DEBUG - STREAM b'IHDR' 16 13
2026-04-28 23:45:19,258 - DEBUG - STREAM b'pHYs' 41 9
2026-04-28 23:45:19,258 - DEBUG - STREAM b'PLTE' 62 9
2026-04-28 23:45:19,258 - DEBUG - STREAM b'IDAT' 83 162
2026-04-28 23:45:19,260 - DEBUG - Starting new HTTPS connection (1): mt0.google.com:443
2026-04-28 23:45:19,873 - DEBUG - https://mt0.google.com:443 "GET /vt/lyrs=m&hl=es&x=4602&y=8564&z=14 HTTP/1.1" 200 178
2026-04-28 23:45:19,875 - DEBUG - STREAM b'IHDR' 16 13
2026-04-28 23:45:19,876 - DEBUG - STREAM b'pHYs' 41 9
2026-04-28 23:45:19,876 - DEBUG - STREAM b'PLTE' 62 3
2026-04-28 23:45:19,876 - DEBUG - STREAM b'IDAT' 77 85
2026-04-28 23:45:19,878 - DEBUG - Starting new HTTPS connection (1): mt0.google.com:443
2026-04-28 23:45:20,515 - DEBUG - https://mt0.google.com:443 "GET /vt/lyrs=m&hl=es&x=4592&y=8564&z=14 HTTP/1.1" 200 178
2026-04-28 23:45:20,516 - DEBUG - STREAM b'IHDR' 16 13
2026-04-28 23:45:20,516 - DEBUG - STREAM b'pHYs' 41 9
2026-04-28 23:45:20,516 - DEBUG - STREAM b'PLTE' 62 3
2026-04-28 23:45:20,516 - DEBUG - STREAM b'IDAT' 77 85
2026-04-28 23:45:20,520 - DEBUG - Starting new HTTPS connection (1): mt0.google.com:443
2026-04-28 23:45:21,156 - DEBUG - https://mt0.google.com:443 "GET /vt/lyrs=m&hl=es&x=4602&y=8565&z=14 HTTP/1.1" 200 178
2026-04-28 23:45:21,158 - DEBUG - STREAM b'IHDR' 16 13
2026-04-28 23:45:21,158 - DEBUG - STREAM b'pHYs' 41 9
2026-04-28 23:45:21,158 - DEBUG - STREAM b'PLTE' 62 3
2026-04-28 23:45:21,159 - DEBUG - STREAM b'IDAT' 77 85
2026-04-28 23:45:21,161 - DEBUG - Starting new HTTPS connection (1): mt0.google.com:443
2026-04-28 23:45:21,798 - DEBUG - https://mt0.google.com:443 "GET /vt/lyrs=m&hl=es&x=4592&y=8565&z=14 HTTP/1.1" 200 178
2026-04-28 23:45:21,802 - DEBUG - STREAM b'IHDR' 16 13
2026-04-28 23:45:21,802 - DEBUG - STREAM b'pHYs' 41 9
2026-04-28 23:45:21,802 - DEBUG - STREAM b'PLTE' 62 3
2026-04-28 23:45:21,803 - DEBUG - STREAM b'IDAT' 77 85
2026-04-28 23:45:21,805 - DEBUG - Starting new HTTPS connection (1): mt0.google.com:443
2026-04-28 23:45:22,639 - DEBUG - https://mt0.google.com:443 "GET /vt/lyrs=m&hl=es&x=4602&y=8566&z=14 HTTP/1.1" 200 178
2026-04-28 23:45:22,643 - DEBUG - STREAM b'IHDR' 16 13
2026-04-28 23:45:22,644 - DEBUG - STREAM b'pHYs' 41 9
2026-04-28 23:45:22,645 - DEBUG - STREAM b'PLTE' 62 3
2026-04-28 23:45:22,645 - DEBUG - STREAM b'IDAT' 77 85
2026-04-28 23:45:22,648 - DEBUG - Starting new HTTPS connection (1): mt0.google.com:443
2026-04-28 23:45:23,389 - DEBUG - https://mt0.google.com:443 "GET /vt/lyrs=m&hl=es&x=4592&y=8566&z=14 HTTP/1.1" 200 178
2026-04-28 23:45:23,394 - DEBUG - STREAM b'IHDR' 16 13
2026-04-28 23:45:23,394 - DEBUG - STREAM b'pHYs' 41 9
2026-04-28 23:45:23,394 - DEBUG - STREAM b'PLTE' 62 3
2026-04-28 23:45:23,394 - DEBUG - STREAM b'IDAT' 77 85
2026-04-28 23:45:23,399 - DEBUG - Starting new HTTPS connection (1): mt0.google.com:443
2026-04-28 23:45:24,364 - DEBUG - https://mt0.google.com:443 "GET /vt/lyrs=m&hl=es&x=4602&y=8567&z=14 HTTP/1.1" 200 382
2026-04-28 23:45:24,366 - DEBUG - STREAM b'IHDR' 16 13
2026-04-28 23:45:24,367 - DEBUG - STREAM b'pHYs' 41 9
2026-04-28 23:45:24,367 - DEBUG - STREAM b'PLTE' 62 6
2026-04-28 23:45:24,367 - DEBUG - STREAM b'IDAT' 80 286
2026-04-28 23:45:24,369 - DEBUG - Starting new HTTPS connection (1): mt0.google.com:443
2026-04-28 23:45:25,090 - DEBUG - https://mt0.google.com:443 "GET /vt/lyrs=m&hl=es&x=4592&y=8567&z=14 HTTP/1.1" 200 178
2026-04-28 23:45:25,093 - DEBUG - STREAM b'IHDR' 16 13
2026-04-28 23:45:25,094 - DEBUG - STREAM b'pHYs' 41 9
2026-04-28 23:45:25,094 - DEBUG - STREAM b'PLTE' 62 3
2026-04-28 23:45:25,094 - DEBUG - STREAM b'IDAT' 77 85
2026-04-28 23:45:25,096 - DEBUG - Starting new HTTPS connection (1): mt0.google.com:443
2026-04-28 23:45:25,919 - DEBUG - https://mt0.google.com:443 "GET /vt/lyrs=m&hl=es&x=4591&y=8569&z=14 HTTP/1.1" 200 178
2026-04-28 23:45:25,922 - DEBUG - STREAM b'IHDR' 16 13
2026-04-28 23:45:25,922 - DEBUG - STREAM b'pHYs' 41 9
2026-04-28 23:45:25,922 - DEBUG - STREAM b'PLTE' 62 3
2026-04-28 23:45:25,922 - DEBUG - STREAM b'IDAT' 77 85
2026-04-28 23:45:25,925 - DEBUG - Starting new HTTPS connection (1): mt0.google.com:443
2026-04-28 23:45:26,762 - DEBUG - https://mt0.google.com:443 "GET /vt/lyrs=m&hl=es&x=4591&y=8557&z=14 HTTP/1.1" 200 773
2026-04-28 23:45:26,767 - DEBUG - STREAM b'IHDR' 16 13
2026-04-28 23:45:26,767 - DEBUG - STREAM b'pHYs' 41 9
2026-04-28 23:45:26,767 - DEBUG - STREAM b'PLTE' 62 6
2026-04-28 23:45:26,767 - DEBUG - STREAM b'IDAT' 80 677
2026-04-28 23:45:26,770 - DEBUG - Starting new HTTPS connection (1): mt0.google.com:443
2026-04-28 23:45:27,416 - DEBUG - https://mt0.google.com:443 "GET /vt/lyrs=m&hl=es&x=4592&y=8569&z=14 HTTP/1.1" 200 178
2026-04-28 23:45:27,418 - DEBUG - STREAM b'IHDR' 16 13
2026-04-28 23:45:27,418 - DEBUG - STREAM b'pHYs' 41 9
2026-04-28 23:45:27,418 - DEBUG - STREAM b'PLTE' 62 3
2026-04-28 23:45:27,418 - DEBUG - STREAM b'IDAT' 77 85
2026-04-28 23:45:27,420 - DEBUG - Starting new HTTPS connection (1): mt0.google.com:443
2026-04-28 23:45:28,049 - DEBUG - https://mt0.google.com:443 "GET /vt/lyrs=m&hl=es&x=4592&y=8557&z=14 HTTP/1.1" 200 1876
2026-04-28 23:45:28,052 - DEBUG - STREAM b'IHDR' 16 13
2026-04-28 23:45:28,052 - DEBUG - STREAM b'pHYs' 41 9
2026-04-28 23:45:28,052 - DEBUG - STREAM b'PLTE' 62 24
2026-04-28 23:45:28,052 - DEBUG - STREAM b'IDAT' 98 1762
2026-04-28 23:45:28,054 - DEBUG - Starting new HTTPS connection (1): mt0.google.com:443
2026-04-28 23:45:28,672 - DEBUG - https://mt0.google.com:443 "GET /vt/lyrs=m&hl=es&x=4593&y=8569&z=14 HTTP/1.1" 200 178
2026-04-28 23:45:28,673 - DEBUG - STREAM b'IHDR' 16 13
2026-04-28 23:45:28,673 - DEBUG - STREAM b'pHYs' 41 9
2026-04-28 23:45:28,673 - DEBUG - STREAM b'PLTE' 62 3
2026-04-28 23:45:28,673 - DEBUG - STREAM b'IDAT' 77 85
2026-04-28 23:45:28,675 - DEBUG - Starting new HTTPS connection (1): mt0.google.com:443
2026-04-28 23:45:29,286 - DEBUG - https://mt0.google.com:443 "GET /vt/lyrs=m&hl=es&x=4593&y=8557&z=14 HTTP/1.1" 200 8661
2026-04-28 23:45:29,288 - DEBUG - STREAM b'IHDR' 16 13
2026-04-28 23:45:29,288 - DEBUG - STREAM b'pHYs' 41 9
2026-04-28 23:45:29,288 - DEBUG - STREAM b'PLTE' 62 138
2026-04-28 23:45:29,288 - DEBUG - STREAM b'IDAT' 212 8433
2026-04-28 23:45:29,289 - DEBUG - Starting new HTTPS connection (1): mt0.google.com:443
2026-04-28 23:45:29,900 - DEBUG - https://mt0.google.com:443 "GET /vt/lyrs=m&hl=es&x=4594&y=8569&z=14 HTTP/1.1" 200 178
2026-04-28 23:45:29,902 - DEBUG - STREAM b'IHDR' 16 13
2026-04-28 23:45:29,902 - DEBUG - STREAM b'pHYs' 41 9
2026-04-28 23:45:29,902 - DEBUG - STREAM b'PLTE' 62 3
2026-04-28 23:45:29,902 - DEBUG - STREAM b'IDAT' 77 85
2026-04-28 23:45:29,902 - DEBUG - Starting new HTTPS connection (1): mt0.google.com:443
2026-04-28 23:45:30,528 - DEBUG - https://mt0.google.com:443 "GET /vt/lyrs=m&hl=es&x=4594&y=8557&z=14 HTTP/1.1" 200 3255
2026-04-28 23:45:30,528 - DEBUG - STREAM b'IHDR' 16 13
2026-04-28 23:45:30,528 - DEBUG - STREAM b'pHYs' 41 9
2026-04-28 23:45:30,528 - DEBUG - STREAM b'PLTE' 62 30
2026-04-28 23:45:30,528 - DEBUG - STREAM b'IDAT' 104 3135
2026-04-28 23:45:30,532 - DEBUG - Starting new HTTPS connection (1): mt0.google.com:443
2026-04-28 23:45:31,142 - DEBUG - https://mt0.google.com:443 "GET /vt/lyrs=m&hl=es&x=4595&y=8569&z=14 HTTP/1.1" 200 178
2026-04-28 23:45:31,142 - DEBUG - STREAM b'IHDR' 16 13
2026-04-28 23:45:31,142 - DEBUG - STREAM b'pHYs' 41 9
2026-04-28 23:45:31,142 - DEBUG - STREAM b'PLTE' 62 3
2026-04-28 23:45:31,142 - DEBUG - STREAM b'IDAT' 77 85
2026-04-28 23:45:31,146 - DEBUG - Starting new HTTPS connection (1): mt0.google.com:443
2026-04-28 23:45:31,776 - DEBUG - https://mt0.google.com:443 "GET /vt/lyrs=m&hl=es&x=4595&y=8557&z=14 HTTP/1.1" 200 3153
2026-04-28 23:45:31,778 - DEBUG - STREAM b'IHDR' 16 13
2026-04-28 23:45:31,778 - DEBUG - STREAM b'pHYs' 41 9
2026-04-28 23:45:31,779 - DEBUG - STREAM b'PLTE' 62 54
2026-04-28 23:45:31,779 - DEBUG - STREAM b'IDAT' 128 3009
2026-04-28 23:45:31,781 - DEBUG - Starting new HTTPS connection (1): mt0.google.com:443
2026-04-28 23:45:32,423 - DEBUG - https://mt0.google.com:443 "GET /vt/lyrs=m&hl=es&x=4596&y=8569&z=14 HTTP/1.1" 200 178
2026-04-28 23:45:32,424 - DEBUG - STREAM b'IHDR' 16 13
2026-04-28 23:45:32,424 - DEBUG - STREAM b'pHYs' 41 9
2026-04-28 23:45:32,425 - DEBUG - STREAM b'PLTE' 62 3
2026-04-28 23:45:32,425 - DEBUG - STREAM b'IDAT' 77 85
2026-04-28 23:45:32,427 - DEBUG - Starting new HTTPS connection (1): mt0.google.com:443
2026-04-28 23:45:33,063 - DEBUG - https://mt0.google.com:443 "GET /vt/lyrs=m&hl=es&x=4596&y=8557&z=14 HTTP/1.1" 200 1602
2026-04-28 23:45:33,063 - DEBUG - STREAM b'IHDR' 16 13
2026-04-28 23:45:33,063 - DEBUG - STREAM b'pHYs' 41 9
2026-04-28 23:45:33,063 - DEBUG - STREAM b'PLTE' 62 36
2026-04-28 23:45:33,063 - DEBUG - STREAM b'IDAT' 110 1476
2026-04-28 23:45:33,067 - DEBUG - Starting new HTTPS connection (1): mt0.google.com:443
2026-04-28 23:45:33,709 - DEBUG - https://mt0.google.com:443 "GET /vt/lyrs=m&hl=es&x=4597&y=8569&z=14 HTTP/1.1" 200 231
2026-04-28 23:45:33,713 - DEBUG - STREAM b'IHDR' 16 13
2026-04-28 23:45:33,713 - DEBUG - STREAM b'pHYs' 41 9
2026-04-28 23:45:33,713 - DEBUG - STREAM b'PLTE' 62 12
2026-04-28 23:45:33,713 - DEBUG - STREAM b'IDAT' 86 129
2026-04-28 23:45:33,716 - DEBUG - Starting new HTTPS connection (1): mt0.google.com:443
2026-04-28 23:45:34,351 - DEBUG - https://mt0.google.com:443 "GET /vt/lyrs=m&hl=es&x=4597&y=8557&z=14 HTTP/1.1" 200 178
2026-04-28 23:45:34,351 - DEBUG - STREAM b'IHDR' 16 13
2026-04-28 23:45:34,351 - DEBUG - STREAM b'pHYs' 41 9
2026-04-28 23:45:34,351 - DEBUG - STREAM b'PLTE' 62 3
2026-04-28 23:45:34,351 - DEBUG - STREAM b'IDAT' 77 85
2026-04-28 23:45:34,355 - DEBUG - Starting new HTTPS connection (1): mt0.google.com:443
2026-04-28 23:45:34,895 - INFO - ✅ Mapa actualizado: 420 clientes
2026-04-28 23:45:34,998 - DEBUG - https://mt0.google.com:443 "GET /vt/lyrs=m&hl=es&x=4598&y=8569&z=14 HTTP/1.1" 200 1170
2026-04-28 23:45:35,009 - DEBUG - STREAM b'IHDR' 16 13
2026-04-28 23:45:35,009 - DEBUG - STREAM b'pHYs' 41 9
2026-04-28 23:45:35,009 - DEBUG - STREAM b'PLTE' 62 15
2026-04-28 23:45:35,009 - DEBUG - STREAM b'IDAT' 89 1065
2026-04-28 23:45:35,013 - DEBUG - Starting new HTTPS connection (1): mt0.google.com:443
2026-04-28 23:45:35,742 - DEBUG - https://mt0.google.com:443 "GET /vt/lyrs=m&hl=es&x=4598&y=8557&z=14 HTTP/1.1" 200 178
2026-04-28 23:45:35,745 - DEBUG - STREAM b'IHDR' 16 13
2026-04-28 23:45:35,745 - DEBUG - STREAM b'pHYs' 41 9
2026-04-28 23:45:35,745 - DEBUG - STREAM b'PLTE' 62 3
2026-04-28 23:45:35,745 - DEBUG - STREAM b'IDAT' 77 85
2026-04-28 23:45:35,747 - DEBUG - Starting new HTTPS connection (1): mt0.google.com:443
2026-04-28 23:45:36,382 - DEBUG - https://mt0.google.com:443 "GET /vt/lyrs=m&hl=es&x=4599&y=8569&z=14 HTTP/1.1" 200 2652
2026-04-28 23:45:36,384 - DEBUG - STREAM b'IHDR' 16 13
2026-04-28 23:45:36,384 - DEBUG - STREAM b'pHYs' 41 9
2026-04-28 23:45:36,384 - DEBUG - STREAM b'PLTE' 62 39
2026-04-28 23:45:36,384 - DEBUG - STREAM b'IDAT' 113 2523
2026-04-28 23:45:36,385 - DEBUG - Starting new HTTPS connection (1): mt0.google.com:443
2026-04-28 23:45:37,021 - DEBUG - https://mt0.google.com:443 "GET /vt/lyrs=m&hl=es&x=4599&y=8557&z=14 HTTP/1.1" 200 178
2026-04-28 23:45:37,023 - DEBUG - STREAM b'IHDR' 16 13
2026-04-28 23:45:37,023 - DEBUG - STREAM b'pHYs' 41 9
2026-04-28 23:45:37,023 - DEBUG - STREAM b'PLTE' 62 3
2026-04-28 23:45:37,023 - DEBUG - STREAM b'IDAT' 77 85
2026-04-28 23:45:37,025 - DEBUG - Starting new HTTPS connection (1): mt0.google.com:443
2026-04-28 23:45:37,665 - DEBUG - https://mt0.google.com:443 "GET /vt/lyrs=m&hl=es&x=4600&y=8569&z=14 HTTP/1.1" 200 1379
2026-04-28 23:45:37,666 - DEBUG - STREAM b'IHDR' 16 13
2026-04-28 23:45:37,668 - DEBUG - STREAM b'pHYs' 41 9
2026-04-28 23:45:37,668 - DEBUG - STREAM b'PLTE' 62 18
2026-04-28 23:45:37,668 - DEBUG - STREAM b'IDAT' 92 1271
2026-04-28 23:45:37,671 - DEBUG - Starting new HTTPS connection (1): mt0.google.com:443
2026-04-28 23:45:38,412 - DEBUG - https://mt0.google.com:443 "GET /vt/lyrs=m&hl=es&x=4600&y=8557&z=14 HTTP/1.1" 200 178
2026-04-28 23:45:38,413 - DEBUG - STREAM b'IHDR' 16 13
2026-04-28 23:45:38,413 - DEBUG - STREAM b'pHYs' 41 9
2026-04-28 23:45:38,413 - DEBUG - STREAM b'PLTE' 62 3
2026-04-28 23:45:38,413 - DEBUG - STREAM b'IDAT' 77 85
2026-04-28 23:45:38,415 - DEBUG - Starting new HTTPS connection (1): mt0.google.com:443
2026-04-28 23:45:39,273 - DEBUG - https://mt0.google.com:443 "GET /vt/lyrs=m&hl=es&x=4601&y=8569&z=14 HTTP/1.1" 200 702
2026-04-28 23:45:39,275 - DEBUG - STREAM b'IHDR' 16 13
2026-04-28 23:45:39,275 - DEBUG - STREAM b'pHYs' 41 9
2026-04-28 23:45:39,275 - DEBUG - STREAM b'PLTE' 62 12
2026-04-28 23:45:39,275 - DEBUG - STREAM b'IDAT' 86 600
2026-04-28 23:45:39,280 - DEBUG - Starting new HTTPS connection (1): mt0.google.com:443
2026-04-28 23:45:40,023 - DEBUG - https://mt0.google.com:443 "GET /vt/lyrs=m&hl=es&x=4601&y=8557&z=14 HTTP/1.1" 200 178
2026-04-28 23:45:40,027 - DEBUG - STREAM b'IHDR' 16 13
2026-04-28 23:45:40,027 - DEBUG - STREAM b'pHYs' 41 9
2026-04-28 23:45:40,027 - DEBUG - STREAM b'PLTE' 62 3
2026-04-28 23:45:40,027 - DEBUG - STREAM b'IDAT' 77 85
2026-04-28 23:45:40,031 - DEBUG - Starting new HTTPS connection (1): mt0.google.com:443
2026-04-28 23:45:40,904 - DEBUG - https://mt0.google.com:443 "GET /vt/lyrs=m&hl=es&x=4602&y=8569&z=14 HTTP/1.1" 200 1825
2026-04-28 23:45:40,907 - DEBUG - STREAM b'IHDR' 16 13
2026-04-28 23:45:40,909 - DEBUG - STREAM b'pHYs' 41 9
2026-04-28 23:45:40,909 - DEBUG - STREAM b'PLTE' 62 33
2026-04-28 23:45:40,909 - DEBUG - STREAM b'IDAT' 107 1702
2026-04-28 23:45:40,912 - DEBUG - Starting new HTTPS connection (1): mt0.google.com:443
2026-04-28 23:45:41,517 - DEBUG - https://mt0.google.com:443 "GET /vt/lyrs=m&hl=es&x=4602&y=8557&z=14 HTTP/1.1" 200 223
2026-04-28 23:45:41,520 - DEBUG - STREAM b'IHDR' 16 13
2026-04-28 23:45:41,520 - DEBUG - STREAM b'pHYs' 41 9
2026-04-28 23:45:41,520 - DEBUG - STREAM b'PLTE' 62 18
2026-04-28 23:45:41,520 - DEBUG - STREAM b'IDAT' 92 115
2026-04-28 23:45:41,523 - DEBUG - Starting new HTTPS connection (1): mt0.google.com:443
2026-04-28 23:45:42,381 - DEBUG - https://mt0.google.com:443 "GET /vt/lyrs=m&hl=es&x=4603&y=8569&z=14 HTTP/1.1" 200 2847
2026-04-28 23:45:42,385 - DEBUG - STREAM b'IHDR' 16 13
2026-04-28 23:45:42,385 - DEBUG - STREAM b'pHYs' 41 9
2026-04-28 23:45:42,385 - DEBUG - STREAM b'PLTE' 62 42
2026-04-28 23:45:42,385 - DEBUG - STREAM b'IDAT' 116 2715
2026-04-28 23:45:42,387 - DEBUG - Starting new HTTPS connection (1): mt0.google.com:443
2026-04-28 23:45:43,146 - DEBUG - https://mt0.google.com:443 "GET /vt/lyrs=m&hl=es&x=4603&y=8557&z=14 HTTP/1.1" 200 1170
2026-04-28 23:45:43,165 - DEBUG - STREAM b'IHDR' 16 13
2026-04-28 23:45:43,165 - DEBUG - STREAM b'pHYs' 41 9
2026-04-28 23:45:43,165 - DEBUG - STREAM b'PLTE' 62 24
2026-04-28 23:45:43,167 - DEBUG - STREAM b'IDAT' 98 1056
2026-04-28 23:45:43,171 - DEBUG - Starting new HTTPS connection (1): mt0.google.com:443
2026-04-28 23:45:44,005 - DEBUG - https://mt0.google.com:443 "GET /vt/lyrs=m&hl=es&x=4603&y=8558&z=14 HTTP/1.1" 200 6568
2026-04-28 23:45:44,008 - DEBUG - STREAM b'IHDR' 16 13
2026-04-28 23:45:44,008 - DEBUG - STREAM b'pHYs' 41 9
2026-04-28 23:45:44,008 - DEBUG - STREAM b'PLTE' 62 153
2026-04-28 23:45:44,008 - DEBUG - STREAM b'IDAT' 227 6325
2026-04-28 23:45:44,011 - DEBUG - Starting new HTTPS connection (1): mt0.google.com:443
2026-04-28 23:45:44,760 - DEBUG - https://mt0.google.com:443 "GET /vt/lyrs=m&hl=es&x=4591&y=8558&z=14 HTTP/1.1" 200 935
2026-04-28 23:45:44,766 - DEBUG - STREAM b'IHDR' 16 13
2026-04-28 23:45:44,766 - DEBUG - STREAM b'pHYs' 41 9
2026-04-28 23:45:44,769 - DEBUG - STREAM b'PLTE' 62 9
2026-04-28 23:45:44,769 - DEBUG - STREAM b'IDAT' 83 836
2026-04-28 23:45:44,770 - DEBUG - Starting new HTTPS connection (1): mt0.google.com:443
2026-04-28 23:45:45,629 - DEBUG - https://mt0.google.com:443 "GET /vt/lyrs=m&hl=es&x=4603&y=8559&z=14 HTTP/1.1" 200 11796
2026-04-28 23:45:45,633 - DEBUG - STREAM b'IHDR' 16 13
2026-04-28 23:45:45,633 - DEBUG - STREAM b'pHYs' 41 9
2026-04-28 23:45:45,633 - DEBUG - STREAM b'PLTE' 62 237
2026-04-28 23:45:45,633 - DEBUG - STREAM b'IDAT' 311 11469
2026-04-28 23:45:45,638 - DEBUG - Starting new HTTPS connection (1): mt0.google.com:443
2026-04-28 23:45:46,374 - DEBUG - https://mt0.google.com:443 "GET /vt/lyrs=m&hl=es&x=4591&y=8559&z=14 HTTP/1.1" 200 3844
2026-04-28 23:45:46,377 - DEBUG - STREAM b'IHDR' 16 13
2026-04-28 23:45:46,378 - DEBUG - STREAM b'pHYs' 41 9
2026-04-28 23:45:46,378 - DEBUG - STREAM b'PLTE' 62 21
2026-04-28 23:45:46,378 - DEBUG - STREAM b'IDAT' 95 3733
2026-04-28 23:45:46,380 - DEBUG - Starting new HTTPS connection (1): mt0.google.com:443
2026-04-28 23:45:47,228 - DEBUG - https://mt0.google.com:443 "GET /vt/lyrs=m&hl=es&x=4603&y=8560&z=14 HTTP/1.1" 200 7625
2026-04-28 23:45:47,230 - DEBUG - STREAM b'IHDR' 16 13
2026-04-28 23:45:47,230 - DEBUG - STREAM b'pHYs' 41 9
2026-04-28 23:45:47,230 - DEBUG - STREAM b'PLTE' 62 102
2026-04-28 23:45:47,232 - DEBUG - STREAM b'IDAT' 176 7433
2026-04-28 23:45:47,236 - DEBUG - Starting new HTTPS connection (1): mt0.google.com:443
2026-04-28 23:45:48,083 - DEBUG - https://mt0.google.com:443 "GET /vt/lyrs=m&hl=es&x=4591&y=8560&z=14 HTTP/1.1" 200 15950
2026-04-28 23:45:48,094 - DEBUG - STREAM b'IHDR' 16 13
2026-04-28 23:45:48,094 - DEBUG - STREAM b'pHYs' 41 9
2026-04-28 23:45:48,094 - DEBUG - STREAM b'PLTE' 62 297
2026-04-28 23:45:48,094 - DEBUG - STREAM b'IDAT' 371 15563
2026-04-28 23:45:48,099 - DEBUG - Starting new HTTPS connection (1): mt0.google.com:443
2026-04-28 23:45:48,935 - DEBUG - https://mt0.google.com:443 "GET /vt/lyrs=m&hl=es&x=4603&y=8561&z=14 HTTP/1.1" 200 1696
2026-04-28 23:45:48,939 - DEBUG - STREAM b'IHDR' 16 13
2026-04-28 23:45:48,939 - DEBUG - STREAM b'pHYs' 41 9
2026-04-28 23:45:48,939 - DEBUG - STREAM b'PLTE' 62 12
2026-04-28 23:45:48,939 - DEBUG - STREAM b'IDAT' 86 1594
2026-04-28 23:45:48,943 - DEBUG - Starting new HTTPS connection (1): mt0.google.com:443
2026-04-28 23:45:49,788 - DEBUG - https://mt0.google.com:443 "GET /vt/lyrs=m&hl=es&x=4591&y=8561&z=14 HTTP/1.1" 200 16404
2026-04-28 23:45:49,803 - DEBUG - STREAM b'IHDR' 16 13
2026-04-28 23:45:49,803 - DEBUG - STREAM b'pHYs' 41 9
2026-04-28 23:45:49,804 - DEBUG - STREAM b'PLTE' 62 216
2026-04-28 23:45:49,804 - DEBUG - STREAM b'IDAT' 290 16098
2026-04-28 23:45:49,807 - DEBUG - Starting new HTTPS connection (1): mt0.google.com:443
2026-04-28 23:45:50,610 - DEBUG - https://mt0.google.com:443 "GET /vt/lyrs=m&hl=es&x=4603&y=8562&z=14 HTTP/1.1" 200 178
2026-04-28 23:45:50,612 - DEBUG - STREAM b'IHDR' 16 13
2026-04-28 23:45:50,612 - DEBUG - STREAM b'pHYs' 41 9
2026-04-28 23:45:50,612 - DEBUG - STREAM b'PLTE' 62 3
2026-04-28 23:45:50,612 - DEBUG - STREAM b'IDAT' 77 85
2026-04-28 23:45:50,615 - DEBUG - Starting new HTTPS connection (1): mt0.google.com:443
2026-04-28 23:45:51,470 - DEBUG - https://mt0.google.com:443 "GET /vt/lyrs=m&hl=es&x=4591&y=8562&z=14 HTTP/1.1" 200 1026
2026-04-28 23:45:51,472 - DEBUG - STREAM b'IHDR' 16 13
2026-04-28 23:45:51,472 - DEBUG - STREAM b'pHYs' 41 9
2026-04-28 23:45:51,472 - DEBUG - STREAM b'PLTE' 62 18
2026-04-28 23:45:51,473 - DEBUG - STREAM b'IDAT' 92 918
2026-04-28 23:45:51,475 - DEBUG - Starting new HTTPS connection (1): mt0.google.com:443
2026-04-28 23:45:52,259 - DEBUG - https://mt0.google.com:443 "GET /vt/lyrs=m&hl=es&x=4603&y=8563&z=14 HTTP/1.1" 200 178
2026-04-28 23:45:52,262 - DEBUG - STREAM b'IHDR' 16 13
2026-04-28 23:45:52,262 - DEBUG - STREAM b'pHYs' 41 9
2026-04-28 23:45:52,263 - DEBUG - STREAM b'PLTE' 62 3
2026-04-28 23:45:52,263 - DEBUG - STREAM b'IDAT' 77 85
2026-04-28 23:45:52,266 - DEBUG - Starting new HTTPS connection (1): mt0.google.com:443
2026-04-28 23:45:53,202 - DEBUG - https://mt0.google.com:443 "GET /vt/lyrs=m&hl=es&x=4591&y=8563&z=14 HTTP/1.1" 200 178
2026-04-28 23:45:53,205 - DEBUG - STREAM b'IHDR' 16 13
2026-04-28 23:45:53,205 - DEBUG - STREAM b'pHYs' 41 9
2026-04-28 23:45:53,205 - DEBUG - STREAM b'PLTE' 62 3
2026-04-28 23:45:53,205 - DEBUG - STREAM b'IDAT' 77 85
2026-04-28 23:45:53,207 - DEBUG - Starting new HTTPS connection (1): mt0.google.com:443
2026-04-28 23:45:54,071 - DEBUG - https://mt0.google.com:443 "GET /vt/lyrs=m&hl=es&x=4603&y=8564&z=14 HTTP/1.1" 200 178
2026-04-28 23:45:54,071 - DEBUG - STREAM b'IHDR' 16 13
2026-04-28 23:45:54,071 - DEBUG - STREAM b'pHYs' 41 9
2026-04-28 23:45:54,071 - DEBUG - STREAM b'PLTE' 62 3
2026-04-28 23:45:54,071 - DEBUG - STREAM b'IDAT' 77 85
2026-04-28 23:45:54,076 - DEBUG - Starting new HTTPS connection (1): mt0.google.com:443
2026-04-28 23:45:54,930 - DEBUG - https://mt0.google.com:443 "GET /vt/lyrs=m&hl=es&x=4591&y=8564&z=14 HTTP/1.1" 200 178
2026-04-28 23:45:54,933 - DEBUG - STREAM b'IHDR' 16 13
2026-04-28 23:45:54,933 - DEBUG - STREAM b'pHYs' 41 9
2026-04-28 23:45:54,933 - DEBUG - STREAM b'PLTE' 62 3
2026-04-28 23:45:54,933 - DEBUG - STREAM b'IDAT' 77 85
2026-04-28 23:45:54,936 - DEBUG - Starting new HTTPS connection (1): mt0.google.com:443
2026-04-28 23:45:55,781 - DEBUG - https://mt0.google.com:443 "GET /vt/lyrs=m&hl=es&x=4603&y=8565&z=14 HTTP/1.1" 200 178
2026-04-28 23:45:55,783 - DEBUG - STREAM b'IHDR' 16 13
2026-04-28 23:45:55,784 - DEBUG - STREAM b'pHYs' 41 9
2026-04-28 23:45:55,784 - DEBUG - STREAM b'PLTE' 62 3
2026-04-28 23:45:55,784 - DEBUG - STREAM b'IDAT' 77 85
2026-04-28 23:45:55,785 - DEBUG - Starting new HTTPS connection (1): mt0.google.com:443
2026-04-28 23:45:56,546 - DEBUG - https://mt0.google.com:443 "GET /vt/lyrs=m&hl=es&x=4591&y=8565&z=14 HTTP/1.1" 200 178
2026-04-28 23:45:56,550 - DEBUG - STREAM b'IHDR' 16 13
2026-04-28 23:45:56,550 - DEBUG - STREAM b'pHYs' 41 9
2026-04-28 23:45:56,550 - DEBUG - STREAM b'PLTE' 62 3
2026-04-28 23:45:56,550 - DEBUG - STREAM b'IDAT' 77 85
2026-04-28 23:45:56,553 - DEBUG - Starting new HTTPS connection (1): mt0.google.com:443
2026-04-28 23:45:57,403 - DEBUG - https://mt0.google.com:443 "GET /vt/lyrs=m&hl=es&x=4603&y=8566&z=14 HTTP/1.1" 200 178
2026-04-28 23:45:57,407 - DEBUG - STREAM b'IHDR' 16 13
2026-04-28 23:45:57,407 - DEBUG - STREAM b'pHYs' 41 9
2026-04-28 23:45:57,407 - DEBUG - STREAM b'PLTE' 62 3
2026-04-28 23:45:57,407 - DEBUG - STREAM b'IDAT' 77 85
2026-04-28 23:45:57,410 - DEBUG - Starting new HTTPS connection (1): mt0.google.com:443
2026-04-28 23:45:58,391 - DEBUG - https://mt0.google.com:443 "GET /vt/lyrs=m&hl=es&x=4591&y=8566&z=14 HTTP/1.1" 200 178
2026-04-28 23:45:58,392 - DEBUG - STREAM b'IHDR' 16 13
2026-04-28 23:45:58,392 - DEBUG - STREAM b'pHYs' 41 9
2026-04-28 23:45:58,392 - DEBUG - STREAM b'PLTE' 62 3
2026-04-28 23:45:58,392 - DEBUG - STREAM b'IDAT' 77 85
2026-04-28 23:45:58,396 - DEBUG - Starting new HTTPS connection (1): mt0.google.com:443
2026-04-28 23:45:59,283 - DEBUG - https://mt0.google.com:443 "GET /vt/lyrs=m&hl=es&x=4603&y=8567&z=14 HTTP/1.1" 200 178
2026-04-28 23:45:59,286 - DEBUG - STREAM b'IHDR' 16 13
2026-04-28 23:45:59,288 - DEBUG - STREAM b'pHYs' 41 9
2026-04-28 23:45:59,289 - DEBUG - STREAM b'PLTE' 62 3
2026-04-28 23:45:59,289 - DEBUG - STREAM b'IDAT' 77 85
2026-04-28 23:45:59,295 - DEBUG - Starting new HTTPS connection (1): mt0.google.com:443
2026-04-28 23:46:00,151 - DEBUG - https://mt0.google.com:443 "GET /vt/lyrs=m&hl=es&x=4591&y=8567&z=14 HTTP/1.1" 200 178
2026-04-28 23:46:00,154 - DEBUG - STREAM b'IHDR' 16 13
2026-04-28 23:46:00,155 - DEBUG - STREAM b'pHYs' 41 9
2026-04-28 23:46:00,155 - DEBUG - STREAM b'PLTE' 62 3
2026-04-28 23:46:00,155 - DEBUG - STREAM b'IDAT' 77 85
2026-04-28 23:46:00,158 - DEBUG - Starting new HTTPS connection (1): mt0.google.com:443
2026-04-28 23:46:01,018 - DEBUG - https://mt0.google.com:443 "GET /vt/lyrs=m&hl=es&x=4603&y=8568&z=14 HTTP/1.1" 200 780
2026-04-28 23:46:01,021 - DEBUG - STREAM b'IHDR' 16 13
2026-04-28 23:46:01,021 - DEBUG - STREAM b'pHYs' 41 9
2026-04-28 23:46:01,021 - DEBUG - STREAM b'PLTE' 62 12
2026-04-28 23:46:01,021 - DEBUG - STREAM b'IDAT' 86 678
2026-04-28 23:46:01,025 - DEBUG - Starting new HTTPS connection (1): mt0.google.com:443
2026-04-28 23:46:01,901 - DEBUG - https://mt0.google.com:443 "GET /vt/lyrs=m&hl=es&x=4591&y=8568&z=14 HTTP/1.1" 200 178
2026-04-28 23:46:01,904 - DEBUG - STREAM b'IHDR' 16 13
2026-04-28 23:46:01,904 - DEBUG - STREAM b'pHYs' 41 9
2026-04-28 23:46:01,904 - DEBUG - STREAM b'PLTE' 62 3
2026-04-28 23:46:01,904 - DEBUG - STREAM b'IDAT' 77 85
2026-04-28 23:46:01,908 - DEBUG - Starting new HTTPS connection (1): mt0.google.com:443
2026-04-28 23:46:02,815 - DEBUG - https://mt0.google.com:443 "GET /vt/lyrs=m&hl=es&x=4590&y=8570&z=14 HTTP/1.1" 200 178
2026-04-28 23:46:02,819 - DEBUG - STREAM b'IHDR' 16 13
2026-04-28 23:46:02,819 - DEBUG - STREAM b'pHYs' 41 9
2026-04-28 23:46:02,819 - DEBUG - STREAM b'PLTE' 62 3
2026-04-28 23:46:02,819 - DEBUG - STREAM b'IDAT' 77 85
2026-04-28 23:46:02,822 - DEBUG - Starting new HTTPS connection (1): mt0.google.com:443
2026-04-28 23:46:03,620 - DEBUG - https://mt0.google.com:443 "GET /vt/lyrs=m&hl=es&x=4590&y=8556&z=14 HTTP/1.1" 200 801
2026-04-28 23:46:03,622 - DEBUG - STREAM b'IHDR' 16 13
2026-04-28 23:46:03,622 - DEBUG - STREAM b'pHYs' 41 9
2026-04-28 23:46:03,622 - DEBUG - STREAM b'PLTE' 62 6
2026-04-28 23:46:03,622 - DEBUG - STREAM b'IDAT' 80 705
2026-04-28 23:46:03,625 - DEBUG - Starting new HTTPS connection (1): mt0.google.com:443
2026-04-28 23:46:04,563 - DEBUG - https://mt0.google.com:443 "GET /vt/lyrs=m&hl=es&x=4591&y=8570&z=14 HTTP/1.1" 200 178
2026-04-28 23:46:04,567 - DEBUG - STREAM b'IHDR' 16 13
2026-04-28 23:46:04,567 - DEBUG - STREAM b'pHYs' 41 9
2026-04-28 23:46:04,567 - DEBUG - STREAM b'PLTE' 62 3
2026-04-28 23:46:04,568 - DEBUG - STREAM b'IDAT' 77 85
2026-04-28 23:46:04,570 - DEBUG - Starting new HTTPS connection (1): mt0.google.com:443
2026-04-28 23:46:05,484 - DEBUG - https://mt0.google.com:443 "GET /vt/lyrs=m&hl=es&x=4591&y=8556&z=14 HTTP/1.1" 200 1022
2026-04-28 23:46:05,486 - DEBUG - STREAM b'IHDR' 16 13
2026-04-28 23:46:05,486 - DEBUG - STREAM b'pHYs' 41 9
2026-04-28 23:46:05,486 - DEBUG - STREAM b'PLTE' 62 45
2026-04-28 23:46:05,486 - DEBUG - STREAM b'IDAT' 119 887
2026-04-28 23:46:05,491 - DEBUG - Starting new HTTPS connection (1): mt0.google.com:443
2026-04-28 23:46:06,323 - DEBUG - https://mt0.google.com:443 "GET /vt/lyrs=m&hl=es&x=4592&y=8570&z=14 HTTP/1.1" 200 178
2026-04-28 23:46:06,326 - DEBUG - STREAM b'IHDR' 16 13
2026-04-28 23:46:06,326 - DEBUG - STREAM b'pHYs' 41 9
2026-04-28 23:46:06,326 - DEBUG - STREAM b'PLTE' 62 3
2026-04-28 23:46:06,326 - DEBUG - STREAM b'IDAT' 77 85
2026-04-28 23:46:06,329 - DEBUG - Starting new HTTPS connection (1): mt0.google.com:443
2026-04-28 23:46:07,257 - DEBUG - https://mt0.google.com:443 "GET /vt/lyrs=m&hl=es&x=4592&y=8556&z=14 HTTP/1.1" 200 1407
2026-04-28 23:46:07,259 - DEBUG - STREAM b'IHDR' 16 13
2026-04-28 23:46:07,260 - DEBUG - STREAM b'pHYs' 41 9
2026-04-28 23:46:07,260 - DEBUG - STREAM b'PLTE' 62 15
2026-04-28 23:46:07,260 - DEBUG - STREAM b'IDAT' 89 1302
2026-04-28 23:46:07,261 - DEBUG - Starting new HTTPS connection (1): mt0.google.com:443
2026-04-28 23:46:08,186 - DEBUG - https://mt0.google.com:443 "GET /vt/lyrs=m&hl=es&x=4593&y=8570&z=14 HTTP/1.1" 200 178
2026-04-28 23:46:08,188 - DEBUG - STREAM b'IHDR' 16 13
2026-04-28 23:46:08,188 - DEBUG - STREAM b'pHYs' 41 9
2026-04-28 23:46:08,188 - DEBUG - STREAM b'PLTE' 62 3
2026-04-28 23:46:08,188 - DEBUG - STREAM b'IDAT' 77 85
2026-04-28 23:46:08,192 - DEBUG - Starting new HTTPS connection (1): mt0.google.com:443
2026-04-28 23:46:09,039 - DEBUG - https://mt0.google.com:443 "GET /vt/lyrs=m&hl=es&x=4593&y=8556&z=14 HTTP/1.1" 200 9776
2026-04-28 23:46:09,053 - DEBUG - STREAM b'IHDR' 16 13
2026-04-28 23:46:09,053 - DEBUG - STREAM b'pHYs' 41 9
2026-04-28 23:46:09,053 - DEBUG - STREAM b'PLTE' 62 114
2026-04-28 23:46:09,053 - DEBUG - STREAM b'IDAT' 188 9572
2026-04-28 23:46:09,053 - DEBUG - Starting new HTTPS connection (1): mt0.google.com:443
2026-04-28 23:46:10,102 - DEBUG - https://mt0.google.com:443 "GET /vt/lyrs=m&hl=es&x=4594&y=8570&z=14 HTTP/1.1" 200 178
2026-04-28 23:46:10,102 - DEBUG - STREAM b'IHDR' 16 13
2026-04-28 23:46:10,104 - DEBUG - STREAM b'pHYs' 41 9
2026-04-28 23:46:10,104 - DEBUG - STREAM b'PLTE' 62 3
2026-04-28 23:46:10,104 - DEBUG - STREAM b'IDAT' 77 85
2026-04-28 23:46:10,107 - DEBUG - Starting new HTTPS connection (1): mt0.google.com:443
2026-04-28 23:46:11,068 - DEBUG - https://mt0.google.com:443 "GET /vt/lyrs=m&hl=es&x=4594&y=8556&z=14 HTTP/1.1" 200 4073
2026-04-28 23:46:11,073 - DEBUG - STREAM b'IHDR' 16 13
2026-04-28 23:46:11,073 - DEBUG - STREAM b'pHYs' 41 9
2026-04-28 23:46:11,073 - DEBUG - STREAM b'PLTE' 62 45
2026-04-28 23:46:11,073 - DEBUG - STREAM b'IDAT' 119 3938
2026-04-28 23:46:11,075 - DEBUG - Starting new HTTPS connection (1): mt0.google.com:443
2026-04-28 23:46:12,031 - DEBUG - https://mt0.google.com:443 "GET /vt/lyrs=m&hl=es&x=4595&y=8570&z=14 HTTP/1.1" 200 178
2026-04-28 23:46:12,033 - DEBUG - STREAM b'IHDR' 16 13
2026-04-28 23:46:12,034 - DEBUG - STREAM b'pHYs' 41 9
2026-04-28 23:46:12,034 - DEBUG - STREAM b'PLTE' 62 3
2026-04-28 23:46:12,034 - DEBUG - STREAM b'IDAT' 77 85
2026-04-28 23:46:12,036 - DEBUG - Starting new HTTPS connection (1): mt0.google.com:443
2026-04-28 23:46:13,003 - DEBUG - https://mt0.google.com:443 "GET /vt/lyrs=m&hl=es&x=4595&y=8556&z=14 HTTP/1.1" 200 1208
2026-04-28 23:46:13,009 - DEBUG - STREAM b'IHDR' 16 13
2026-04-28 23:46:13,009 - DEBUG - STREAM b'pHYs' 41 9
2026-04-28 23:46:13,009 - DEBUG - STREAM b'PLTE' 62 33
2026-04-28 23:46:13,009 - DEBUG - STREAM b'IDAT' 107 1085
2026-04-28 23:46:13,012 - DEBUG - Starting new HTTPS connection (1): mt0.google.com:443
2026-04-28 23:46:14,193 - DEBUG - https://mt0.google.com:443 "GET /vt/lyrs=m&hl=es&x=4596&y=8570&z=14 HTTP/1.1" 200 178
2026-04-28 23:46:14,196 - DEBUG - STREAM b'IHDR' 16 13
2026-04-28 23:46:14,196 - DEBUG - STREAM b'pHYs' 41 9
2026-04-28 23:46:14,196 - DEBUG - STREAM b'PLTE' 62 3
2026-04-28 23:46:14,196 - DEBUG - STREAM b'IDAT' 77 85
2026-04-28 23:46:14,199 - DEBUG - Starting new HTTPS connection (1): mt0.google.com:443
2026-04-28 23:46:15,048 - DEBUG - https://mt0.google.com:443 "GET /vt/lyrs=m&hl=es&x=4596&y=8556&z=14 HTTP/1.1" 200 2613
2026-04-28 23:46:15,050 - DEBUG - STREAM b'IHDR' 16 13
2026-04-28 23:46:15,051 - DEBUG - STREAM b'pHYs' 41 9
2026-04-28 23:46:15,051 - DEBUG - STREAM b'PLTE' 62 78
2026-04-28 23:46:15,051 - DEBUG - STREAM b'IDAT' 152 2445
2026-04-28 23:46:15,051 - DEBUG - Starting new HTTPS connection (1): mt0.google.com:443
2026-04-28 23:46:16,832 - DEBUG - https://mt0.google.com:443 "GET /vt/lyrs=m&hl=es&x=4597&y=8570&z=14 HTTP/1.1" 200 178
2026-04-28 23:46:16,834 - DEBUG - STREAM b'IHDR' 16 13
2026-04-28 23:46:16,834 - DEBUG - STREAM b'pHYs' 41 9
2026-04-28 23:46:16,834 - DEBUG - STREAM b'PLTE' 62 3
2026-04-28 23:46:16,834 - DEBUG - STREAM b'IDAT' 77 85
2026-04-28 23:46:16,835 - DEBUG - Starting new HTTPS connection (1): mt0.google.com:443
2026-04-28 23:46:17,910 - DEBUG - https://mt0.google.com:443 "GET /vt/lyrs=m&hl=es&x=4597&y=8556&z=14 HTTP/1.1" 200 891
2026-04-28 23:46:17,913 - DEBUG - STREAM b'IHDR' 16 13
2026-04-28 23:46:17,913 - DEBUG - STREAM b'pHYs' 41 9
2026-04-28 23:46:17,913 - DEBUG - STREAM b'PLTE' 62 21
2026-04-28 23:46:17,913 - DEBUG - STREAM b'IDAT' 95 780
2026-04-28 23:46:17,914 - DEBUG - Starting new HTTPS connection (1): mt0.google.com:443
2026-04-28 23:46:18,595 - DEBUG - https://mt0.google.com:443 "GET /vt/lyrs=m&hl=es&x=4598&y=8570&z=14 HTTP/1.1" 200 2835
2026-04-28 23:46:18,596 - DEBUG - STREAM b'IHDR' 16 13
2026-04-28 23:46:18,597 - DEBUG - STREAM b'pHYs' 41 9
2026-04-28 23:46:18,597 - DEBUG - STREAM b'PLTE' 62 72
2026-04-28 23:46:18,598 - DEBUG - STREAM b'IDAT' 146 2673
2026-04-28 23:46:18,600 - DEBUG - Starting new HTTPS connection (1): mt0.google.com:443
2026-04-28 23:46:19,271 - DEBUG - https://mt0.google.com:443 "GET /vt/lyrs=m&hl=es&x=4598&y=8556&z=14 HTTP/1.1" 200 178
2026-04-28 23:46:19,276 - DEBUG - STREAM b'IHDR' 16 13
2026-04-28 23:46:19,276 - DEBUG - STREAM b'pHYs' 41 9
2026-04-28 23:46:19,277 - DEBUG - STREAM b'PLTE' 62 3
2026-04-28 23:46:19,277 - DEBUG - STREAM b'IDAT' 77 85
2026-04-28 23:46:19,278 - DEBUG - Starting new HTTPS connection (1): mt0.google.com:443
2026-04-28 23:46:19,964 - DEBUG - https://mt0.google.com:443 "GET /vt/lyrs=m&hl=es&x=4599&y=8570&z=14 HTTP/1.1" 200 2638
2026-04-28 23:46:19,967 - DEBUG - STREAM b'IHDR' 16 13
2026-04-28 23:46:19,967 - DEBUG - STREAM b'pHYs' 41 9
2026-04-28 23:46:19,967 - DEBUG - STREAM b'PLTE' 62 36
2026-04-28 23:46:19,967 - DEBUG - STREAM b'IDAT' 110 2512
2026-04-28 23:46:19,971 - DEBUG - Starting new HTTPS connection (1): mt0.google.com:443
2026-04-28 23:46:20,641 - DEBUG - https://mt0.google.com:443 "GET /vt/lyrs=m&hl=es&x=4599&y=8556&z=14 HTTP/1.1" 200 664
2026-04-28 23:46:20,642 - DEBUG - STREAM b'IHDR' 16 13
2026-04-28 23:46:20,642 - DEBUG - STREAM b'pHYs' 41 9
2026-04-28 23:46:20,642 - DEBUG - STREAM b'PLTE' 62 33
2026-04-28 23:46:20,642 - DEBUG - STREAM b'IDAT' 107 541
2026-04-28 23:46:20,645 - DEBUG - Starting new HTTPS connection (1): mt0.google.com:443
2026-04-28 23:46:21,316 - DEBUG - https://mt0.google.com:443 "GET /vt/lyrs=m&hl=es&x=4600&y=8570&z=14 HTTP/1.1" 200 4199
2026-04-28 23:46:21,320 - DEBUG - STREAM b'IHDR' 16 13
2026-04-28 23:46:21,320 - DEBUG - STREAM b'pHYs' 41 9
2026-04-28 23:46:21,320 - DEBUG - STREAM b'PLTE' 62 117
2026-04-28 23:46:21,320 - DEBUG - STREAM b'IDAT' 191 3992
2026-04-28 23:46:21,324 - DEBUG - Starting new HTTPS connection (1): mt0.google.com:443
2026-04-28 23:46:22,009 - DEBUG - https://mt0.google.com:443 "GET /vt/lyrs=m&hl=es&x=4600&y=8556&z=14 HTTP/1.1" 200 178
2026-04-28 23:46:22,010 - DEBUG - STREAM b'IHDR' 16 13
2026-04-28 23:46:22,010 - DEBUG - STREAM b'pHYs' 41 9
2026-04-28 23:46:22,011 - DEBUG - STREAM b'PLTE' 62 3
2026-04-28 23:46:22,011 - DEBUG - STREAM b'IDAT' 77 85
2026-04-28 23:46:22,013 - DEBUG - Starting new HTTPS connection (1): mt0.google.com:443
2026-04-28 23:46:22,686 - DEBUG - https://mt0.google.com:443 "GET /vt/lyrs=m&hl=es&x=4601&y=8570&z=14 HTTP/1.1" 200 1234
2026-04-28 23:46:22,689 - DEBUG - STREAM b'IHDR' 16 13
2026-04-28 23:46:22,689 - DEBUG - STREAM b'pHYs' 41 9
2026-04-28 23:46:22,689 - DEBUG - STREAM b'PLTE' 62 24
2026-04-28 23:46:22,689 - DEBUG - STREAM b'IDAT' 98 1120
2026-04-28 23:46:22,692 - DEBUG - Starting new HTTPS connection (1): mt0.google.com:443
2026-04-28 23:46:22,875 - INFO - ✅ Mapa actualizado: 421 clientes
2026-04-28 23:46:23,364 - DEBUG - https://mt0.google.com:443 "GET /vt/lyrs=m&hl=es&x=4601&y=8556&z=14 HTTP/1.1" 200 178
2026-04-28 23:46:23,366 - DEBUG - STREAM b'IHDR' 16 13
2026-04-28 23:46:23,366 - DEBUG - STREAM b'pHYs' 41 9
2026-04-28 23:46:23,366 - DEBUG - STREAM b'PLTE' 62 3
2026-04-28 23:46:23,367 - DEBUG - STREAM b'IDAT' 77 85
2026-04-28 23:46:23,368 - DEBUG - Starting new HTTPS connection (1): mt0.google.com:443
2026-04-28 23:46:24,055 - DEBUG - https://mt0.google.com:443 "GET /vt/lyrs=m&hl=es&x=4602&y=8570&z=14 HTTP/1.1" 200 1447
2026-04-28 23:46:24,057 - DEBUG - STREAM b'IHDR' 16 13
2026-04-28 23:46:24,057 - DEBUG - STREAM b'pHYs' 41 9
2026-04-28 23:46:24,057 - DEBUG - STREAM b'PLTE' 62 15
2026-04-28 23:46:24,057 - DEBUG - STREAM b'IDAT' 89 1342
2026-04-28 23:46:24,060 - DEBUG - Starting new HTTPS connection (1): mt0.google.com:443
2026-04-28 23:46:24,736 - DEBUG - https://mt0.google.com:443 "GET /vt/lyrs=m&hl=es&x=4602&y=8556&z=14 HTTP/1.1" 200 308
2026-04-28 23:46:24,740 - DEBUG - STREAM b'IHDR' 16 13
2026-04-28 23:46:24,740 - DEBUG - STREAM b'pHYs' 41 9
2026-04-28 23:46:24,740 - DEBUG - STREAM b'PLTE' 62 9
2026-04-28 23:46:24,741 - DEBUG - STREAM b'IDAT' 83 209
2026-04-28 23:46:24,744 - DEBUG - Starting new HTTPS connection (1): mt0.google.com:443
2026-04-28 23:46:25,417 - DEBUG - https://mt0.google.com:443 "GET /vt/lyrs=m&hl=es&x=4603&y=8570&z=14 HTTP/1.1" 200 4012
2026-04-28 23:46:25,419 - DEBUG - STREAM b'IHDR' 16 13
2026-04-28 23:46:25,419 - DEBUG - STREAM b'pHYs' 41 9
2026-04-28 23:46:25,420 - DEBUG - STREAM b'PLTE' 62 30
2026-04-28 23:46:25,420 - DEBUG - STREAM b'IDAT' 104 3892
2026-04-28 23:46:25,423 - DEBUG - Starting new HTTPS connection (1): mt0.google.com:443
2026-04-28 23:46:26,106 - DEBUG - https://mt0.google.com:443 "GET /vt/lyrs=m&hl=es&x=4603&y=8556&z=14 HTTP/1.1" 200 352
2026-04-28 23:46:26,109 - DEBUG - STREAM b'IHDR' 16 13
2026-04-28 23:46:26,110 - DEBUG - STREAM b'pHYs' 41 9
2026-04-28 23:46:26,110 - DEBUG - STREAM b'PLTE' 62 12
2026-04-28 23:46:26,110 - DEBUG - STREAM b'IDAT' 86 250
2026-04-28 23:46:26,112 - DEBUG - Starting new HTTPS connection (1): mt0.google.com:443
2026-04-28 23:46:26,788 - DEBUG - https://mt0.google.com:443 "GET /vt/lyrs=m&hl=es&x=4604&y=8570&z=14 HTTP/1.1" 200 849
2026-04-28 23:46:26,788 - DEBUG - STREAM b'IHDR' 16 13
2026-04-28 23:46:26,788 - DEBUG - STREAM b'pHYs' 41 9
2026-04-28 23:46:26,788 - DEBUG - STREAM b'PLTE' 62 21
2026-04-28 23:46:26,788 - DEBUG - STREAM b'IDAT' 95 738
2026-04-28 23:46:26,791 - DEBUG - Starting new HTTPS connection (1): mt0.google.com:443
2026-04-28 23:46:27,465 - DEBUG - https://mt0.google.com:443 "GET /vt/lyrs=m&hl=es&x=4604&y=8556&z=14 HTTP/1.1" 200 3033
2026-04-28 23:46:27,468 - DEBUG - STREAM b'IHDR' 16 13
2026-04-28 23:46:27,468 - DEBUG - STREAM b'pHYs' 41 9
2026-04-28 23:46:27,468 - DEBUG - STREAM b'PLTE' 62 93
2026-04-28 23:46:27,468 - DEBUG - STREAM b'IDAT' 167 2850
2026-04-28 23:46:27,471 - DEBUG - Starting new HTTPS connection (1): mt0.google.com:443
2026-04-28 23:46:28,161 - DEBUG - https://mt0.google.com:443 "GET /vt/lyrs=m&hl=es&x=4604&y=8557&z=14 HTTP/1.1" 200 9834
2026-04-28 23:46:28,162 - DEBUG - STREAM b'IHDR' 16 13
2026-04-28 23:46:28,162 - DEBUG - STREAM b'pHYs' 41 9
2026-04-28 23:46:28,162 - DEBUG - STREAM b'PLTE' 62 255
2026-04-28 23:46:28,164 - DEBUG - STREAM b'IDAT' 329 9489
2026-04-28 23:46:28,168 - DEBUG - Starting new HTTPS connection (1): mt0.google.com:443
2026-04-28 23:46:28,485 - DEBUG - Starting new HTTPS connection (1): mt0.google.com:443
2026-04-28 23:46:28,485 - DEBUG - Starting new HTTPS connection (1): mt0.google.com:443
2026-04-28 23:46:28,488 - DEBUG - Starting new HTTPS connection (1): mt0.google.com:443
2026-04-28 23:46:28,488 - DEBUG - Starting new HTTPS connection (1): mt0.google.com:443
2026-04-28 23:46:28,489 - DEBUG - Starting new HTTPS connection (1): mt0.google.com:443
2026-04-28 23:46:28,501 - DEBUG - Starting new HTTPS connection (1): mt0.google.com:443
2026-04-28 23:46:28,501 - DEBUG - Starting new HTTPS connection (1): mt0.google.com:443
2026-04-28 23:46:28,501 - DEBUG - Starting new HTTPS connection (1): mt0.google.com:443
2026-04-28 23:46:28,501 - DEBUG - Starting new HTTPS connection (1): mt0.google.com:443
2026-04-28 23:46:28,501 - DEBUG - Starting new HTTPS connection (1): mt0.google.com:443
2026-04-28 23:46:28,501 - DEBUG - Starting new HTTPS connection (1): mt0.google.com:443
2026-04-28 23:46:28,501 - DEBUG - Starting new HTTPS connection (1): mt0.google.com:443
2026-04-28 23:46:28,501 - DEBUG - Starting new HTTPS connection (1): mt0.google.com:443
2026-04-28 23:46:28,506 - DEBUG - Starting new HTTPS connection (1): mt0.google.com:443
2026-04-28 23:46:28,506 - DEBUG - Starting new HTTPS connection (1): mt0.google.com:443
2026-04-28 23:46:28,506 - DEBUG - Starting new HTTPS connection (1): mt0.google.com:443
2026-04-28 23:46:28,861 - DEBUG - https://mt0.google.com:443 "GET /vt/lyrs=m&hl=es&x=4590&y=8557&z=14 HTTP/1.1" 200 906
2026-04-28 23:46:28,863 - DEBUG - STREAM b'IHDR' 16 13
2026-04-28 23:46:28,863 - DEBUG - STREAM b'pHYs' 41 9
2026-04-28 23:46:28,863 - DEBUG - STREAM b'PLTE' 62 21
2026-04-28 23:46:28,863 - DEBUG - STREAM b'IDAT' 95 795
2026-04-28 23:46:28,865 - DEBUG - Starting new HTTPS connection (1): mt0.google.com:443
2026-04-28 23:46:29,535 - DEBUG - https://mt0.google.com:443 "GET /vt/lyrs=m&hl=es&x=36768&y=68480&z=17 HTTP/1.1" 200 18371
2026-04-28 23:46:29,535 - DEBUG - https://mt0.google.com:443 "GET /vt/lyrs=m&hl=es&x=36767&y=68479&z=17 HTTP/1.1" 200 17339
2026-04-28 23:46:29,537 - DEBUG - https://mt0.google.com:443 "GET /vt/lyrs=m&hl=es&x=36768&y=68479&z=17 HTTP/1.1" 200 20276
2026-04-28 23:46:29,651 - DEBUG - STREAM b'IHDR' 16 13
2026-04-28 23:46:29,653 - DEBUG - STREAM b'pHYs' 41 9
2026-04-28 23:46:29,653 - DEBUG - STREAM b'PLTE' 62 195
2026-04-28 23:46:29,653 - DEBUG - STREAM b'IDAT' 269 17054
2026-04-28 23:46:29,661 - DEBUG - STREAM b'IHDR' 16 13
2026-04-28 23:46:29,661 - DEBUG - STREAM b'pHYs' 41 9
2026-04-28 23:46:29,661 - DEBUG - STREAM b'PLTE' 62 147
2026-04-28 23:46:29,661 - DEBUG - STREAM b'IDAT' 221 18134
2026-04-28 23:46:29,662 - DEBUG - STREAM b'IHDR' 16 13
2026-04-28 23:46:29,664 - DEBUG - STREAM b'pHYs' 41 9
2026-04-28 23:46:29,664 - DEBUG - STREAM b'PLTE' 62 180
2026-04-28 23:46:29,664 - DEBUG - STREAM b'IDAT' 254 20006
2026-04-28 23:46:29,729 - DEBUG - Starting new HTTPS connection (1): mt0.google.com:443
2026-04-28 23:46:29,730 - DEBUG - Starting new HTTPS connection (1): mt0.google.com:443
2026-04-28 23:46:29,731 - DEBUG - Starting new HTTPS connection (1): mt0.google.com:443
2026-04-28 23:46:29,732 - DEBUG - Starting new HTTPS connection (1): mt0.google.com:443
2026-04-28 23:46:29,732 - DEBUG - Starting new HTTPS connection (1): mt0.google.com:443
2026-04-28 23:46:29,732 - DEBUG - Starting new HTTPS connection (1): mt0.google.com:443
2026-04-28 23:46:29,744 - DEBUG - Starting new HTTPS connection (1): mt0.google.com:443
2026-04-28 23:46:29,744 - DEBUG - Starting new HTTPS connection (1): mt0.google.com:443
2026-04-28 23:46:29,744 - DEBUG - Starting new HTTPS connection (1): mt0.google.com:443
2026-04-28 23:46:29,744 - DEBUG - Starting new HTTPS connection (1): mt0.google.com:443
2026-04-28 23:46:29,744 - DEBUG - Starting new HTTPS connection (1): mt0.google.com:443
2026-04-28 23:46:29,744 - DEBUG - Starting new HTTPS connection (1): mt0.google.com:443
2026-04-28 23:46:29,770 - DEBUG - https://mt0.google.com:443 "GET /vt/lyrs=m&hl=es&x=36769&y=68481&z=17 HTTP/1.1" 200 14709
2026-04-28 23:46:29,770 - DEBUG - https://mt0.google.com:443 "GET /vt/lyrs=m&hl=es&x=36770&y=68481&z=17 HTTP/1.1" 200 17986
2026-04-28 23:46:29,770 - DEBUG - https://mt0.google.com:443 "GET /vt/lyrs=m&hl=es&x=36770&y=68479&z=17 HTTP/1.1" 200 15408
2026-04-28 23:46:29,770 - DEBUG - https://mt0.google.com:443 "GET /vt/lyrs=m&hl=es&x=36768&y=68478&z=17 HTTP/1.1" 200 12000
2026-04-28 23:46:29,770 - DEBUG - https://mt0.google.com:443 "GET /vt/lyrs=m&hl=es&x=36769&y=68480&z=17 HTTP/1.1" 200 20662
2026-04-28 23:46:29,770 - DEBUG - https://mt0.google.com:443 "GET /vt/lyrs=m&hl=es&x=36768&y=68481&z=17 HTTP/1.1" 200 10115
2026-04-28 23:46:29,775 - DEBUG - https://mt0.google.com:443 "GET /vt/lyrs=m&hl=es&x=36769&y=68478&z=17 HTTP/1.1" 200 17484
2026-04-28 23:46:29,775 - DEBUG - https://mt0.google.com:443 "GET /vt/lyrs=m&hl=es&x=36770&y=68480&z=17 HTTP/1.1" 200 19634
2026-04-28 23:46:29,775 - DEBUG - https://mt0.google.com:443 "GET /vt/lyrs=m&hl=es&x=36770&y=68478&z=17 HTTP/1.1" 200 18730
2026-04-28 23:46:29,775 - DEBUG - https://mt0.google.com:443 "GET /vt/lyrs=m&hl=es&x=36767&y=68480&z=17 HTTP/1.1" 200 18112
2026-04-28 23:46:29,782 - DEBUG - STREAM b'IHDR' 16 13
2026-04-28 23:46:29,782 - DEBUG - STREAM b'pHYs' 41 9
2026-04-28 23:46:29,782 - DEBUG - STREAM b'PLTE' 62 159
2026-04-28 23:46:29,782 - DEBUG - STREAM b'IDAT' 233 9866
2026-04-28 23:46:29,782 - DEBUG - STREAM b'IHDR' 16 13
2026-04-28 23:46:29,782 - DEBUG - STREAM b'pHYs' 41 9
2026-04-28 23:46:29,782 - DEBUG - STREAM b'PLTE' 62 213
2026-04-28 23:46:29,782 - DEBUG - STREAM b'IDAT' 287 14406
2026-04-28 23:46:29,792 - DEBUG - STREAM b'IHDR' 16 13
2026-04-28 23:46:29,792 - DEBUG - STREAM b'pHYs' 41 9
2026-04-28 23:46:29,792 - DEBUG - STREAM b'PLTE' 62 159
2026-04-28 23:46:29,792 - DEBUG - STREAM b'IDAT' 233 11751
2026-04-28 23:46:29,880 - DEBUG - STREAM b'IHDR' 16 13
2026-04-28 23:46:29,880 - DEBUG - STREAM b'pHYs' 41 9
2026-04-28 23:46:29,880 - DEBUG - STREAM b'PLTE' 62 132
2026-04-28 23:46:29,885 - DEBUG - STREAM b'IDAT' 206 15186
2026-04-28 23:46:29,897 - DEBUG - https://mt0.google.com:443 "GET /vt/lyrs=m&hl=es&x=36767&y=68481&z=17 HTTP/1.1" 200 14288
2026-04-28 23:46:29,897 - DEBUG - https://mt0.google.com:443 "GET /vt/lyrs=m&hl=es&x=36767&y=68478&z=17 HTTP/1.1" 200 14152
2026-04-28 23:46:29,899 - DEBUG - STREAM b'IHDR' 16 13
2026-04-28 23:46:29,899 - DEBUG - STREAM b'pHYs' 41 9
2026-04-28 23:46:29,899 - DEBUG - STREAM b'PLTE' 62 141
2026-04-28 23:46:29,899 - DEBUG - STREAM b'IDAT' 215 17881
2026-04-28 23:46:29,903 - DEBUG - STREAM b'IHDR' 16 13
2026-04-28 23:46:29,903 - DEBUG - STREAM b'pHYs' 41 9
2026-04-28 23:46:29,903 - DEBUG - STREAM b'PLTE' 62 174
2026-04-28 23:46:29,903 - DEBUG - STREAM b'IDAT' 248 17220
2026-04-28 23:46:29,905 - DEBUG - STREAM b'IHDR' 16 13
2026-04-28 23:46:29,905 - DEBUG - STREAM b'pHYs' 41 9
2026-04-28 23:46:29,905 - DEBUG - STREAM b'PLTE' 62 192
2026-04-28 23:46:29,905 - DEBUG - STREAM b'IDAT' 266 18448
2026-04-28 23:46:29,905 - DEBUG - https://mt0.google.com:443 "GET /vt/lyrs=m&hl=es&x=36776&y=8558&z=14 HTTP/1.1" 400 1555
2026-04-28 23:46:29,907 - DEBUG - Importing AvifImagePlugin
2026-04-28 23:46:29,909 - DEBUG - Importing BlpImagePlugin
2026-04-28 23:46:29,911 - DEBUG - Importing BmpImagePlugin
2026-04-28 23:46:29,911 - DEBUG - Importing BufrStubImagePlugin
2026-04-28 23:46:29,911 - DEBUG - Importing CurImagePlugin
2026-04-28 23:46:29,911 - DEBUG - Importing DcxImagePlugin
2026-04-28 23:46:29,913 - DEBUG - Importing DdsImagePlugin
2026-04-28 23:46:29,922 - DEBUG - Importing EpsImagePlugin
2026-04-28 23:46:29,928 - DEBUG - STREAM b'IHDR' 16 13
2026-04-28 23:46:29,928 - DEBUG - STREAM b'pHYs' 41 9
2026-04-28 23:46:29,928 - DEBUG - STREAM b'PLTE' 62 222
2026-04-28 23:46:29,928 - DEBUG - STREAM b'IDAT' 296 20350
2026-04-28 23:46:29,930 - DEBUG - STREAM b'IHDR' 16 13
2026-04-28 23:46:29,930 - DEBUG - STREAM b'pHYs' 41 9
2026-04-28 23:46:29,930 - DEBUG - STREAM b'PLTE' 62 174
2026-04-28 23:46:29,930 - DEBUG - STREAM b'IDAT' 248 17722
2026-04-28 23:46:29,932 - DEBUG - https://mt0.google.com:443 "GET /vt/lyrs=m&hl=es&x=36769&y=68479&z=17 HTTP/1.1" 200 18283
2026-04-28 23:46:29,934 - DEBUG - STREAM b'IHDR' 16 13
2026-04-28 23:46:29,934 - DEBUG - STREAM b'pHYs' 41 9
2026-04-28 23:46:29,934 - DEBUG - STREAM b'PLTE' 62 150
2026-04-28 23:46:29,934 - DEBUG - STREAM b'IDAT' 224 14048
2026-04-28 23:46:29,939 - DEBUG - STREAM b'IHDR' 16 13
2026-04-28 23:46:29,939 - DEBUG - STREAM b'pHYs' 41 9
2026-04-28 23:46:29,939 - DEBUG - STREAM b'PLTE' 62 135
2026-04-28 23:46:29,939 - DEBUG - STREAM b'IDAT' 209 13927
2026-04-28 23:46:29,943 - DEBUG - STREAM b'IHDR' 16 13
2026-04-28 23:46:29,943 - DEBUG - STREAM b'pHYs' 41 9
2026-04-28 23:46:29,943 - DEBUG - STREAM b'PLTE' 62 147
2026-04-28 23:46:29,945 - DEBUG - STREAM b'IDAT' 221 19397
2026-04-28 23:46:29,980 - DEBUG - Importing FitsImagePlugin
2026-04-28 23:46:29,982 - DEBUG - Importing FliImagePlugin
2026-04-28 23:46:29,982 - DEBUG - Importing FpxImagePlugin
2026-04-28 23:46:29,982 - DEBUG - Image: failed to import FpxImagePlugin: No module named 'olefile'
2026-04-28 23:46:29,982 - DEBUG - Importing FtexImagePlugin
2026-04-28 23:46:29,982 - DEBUG - Importing GbrImagePlugin
2026-04-28 23:46:29,982 - DEBUG - Importing GifImagePlugin
2026-04-28 23:46:29,982 - DEBUG - Importing GribStubImagePlugin
2026-04-28 23:46:29,984 - DEBUG - Importing Hdf5StubImagePlugin
2026-04-28 23:46:29,984 - DEBUG - Importing IcnsImagePlugin
2026-04-28 23:46:30,016 - DEBUG - Importing IcoImagePlugin
2026-04-28 23:46:30,019 - DEBUG - Importing ImImagePlugin
2026-04-28 23:46:30,019 - DEBUG - Importing ImtImagePlugin
2026-04-28 23:46:30,019 - DEBUG - Importing IptcImagePlugin
2026-04-28 23:46:30,021 - DEBUG - Importing JpegImagePlugin
2026-04-28 23:46:30,021 - DEBUG - Importing Jpeg2KImagePlugin
2026-04-28 23:46:30,021 - DEBUG - Importing McIdasImagePlugin
2026-04-28 23:46:30,021 - DEBUG - Importing MicImagePlugin
2026-04-28 23:46:30,021 - DEBUG - Image: failed to import MicImagePlugin: No module named 'olefile'
2026-04-28 23:46:30,021 - DEBUG - Importing MpegImagePlugin
2026-04-28 23:46:30,021 - DEBUG - Importing MpoImagePlugin
2026-04-28 23:46:30,023 - DEBUG - Importing MspImagePlugin
2026-04-28 23:46:30,025 - DEBUG - Importing PalmImagePlugin
2026-04-28 23:46:30,026 - DEBUG - Importing PcdImagePlugin
2026-04-28 23:46:30,026 - DEBUG - Importing PcxImagePlugin
2026-04-28 23:46:30,026 - DEBUG - Importing PdfImagePlugin
2026-04-28 23:46:30,031 - DEBUG - Importing PixarImagePlugin
2026-04-28 23:46:30,031 - DEBUG - Importing PngImagePlugin
2026-04-28 23:46:30,031 - DEBUG - Importing PpmImagePlugin
2026-04-28 23:46:30,031 - DEBUG - Importing PsdImagePlugin
2026-04-28 23:46:30,031 - DEBUG - Importing QoiImagePlugin
2026-04-28 23:46:30,031 - DEBUG - Importing SgiImagePlugin
2026-04-28 23:46:30,033 - DEBUG - Importing SpiderImagePlugin
2026-04-28 23:46:30,033 - DEBUG - Importing SunImagePlugin
2026-04-28 23:46:30,033 - DEBUG - Importing TgaImagePlugin
2026-04-28 23:46:30,033 - DEBUG - Importing TiffImagePlugin
2026-04-28 23:46:30,033 - DEBUG - Importing WebPImagePlugin
2026-04-28 23:46:30,036 - DEBUG - Importing WmfImagePlugin
2026-04-28 23:46:30,036 - DEBUG - Importing XbmImagePlugin
2026-04-28 23:46:30,037 - DEBUG - Importing XpmImagePlugin
2026-04-28 23:46:30,037 - DEBUG - Importing XVThumbImagePlugin
2026-04-28 23:46:30,039 - DEBUG - Starting new HTTPS connection (1): mt0.google.com:443
2026-04-28 23:46:30,128 - DEBUG - STREAM b'IHDR' 16 13
2026-04-28 23:46:30,128 - DEBUG - STREAM b'pHYs' 41 9
2026-04-28 23:46:30,128 - DEBUG - STREAM b'PLTE' 62 150
2026-04-28 23:46:30,128 - DEBUG - STREAM b'IDAT' 224 18043
2026-04-28 23:46:30,404 - DEBUG - Starting new HTTPS connection (1): mt0.google.com:443
2026-04-28 23:46:30,408 - DEBUG - Starting new HTTPS connection (1): mt0.google.com:443
2026-04-28 23:46:30,410 - DEBUG - Starting new HTTPS connection (1): mt0.google.com:443
2026-04-28 23:46:30,414 - DEBUG - Starting new HTTPS connection (1): mt0.google.com:443
2026-04-28 23:46:30,414 - DEBUG - Starting new HTTPS connection (1): mt0.google.com:443
2026-04-28 23:46:30,414 - DEBUG - Starting new HTTPS connection (1): mt0.google.com:443
2026-04-28 23:46:30,424 - DEBUG - Starting new HTTPS connection (1): mt0.google.com:443
2026-04-28 23:46:30,424 - DEBUG - Starting new HTTPS connection (1): mt0.google.com:443
2026-04-28 23:46:30,424 - DEBUG - Starting new HTTPS connection (1): mt0.google.com:443
2026-04-28 23:46:30,427 - DEBUG - Starting new HTTPS connection (1): mt0.google.com:443
2026-04-28 23:46:30,429 - DEBUG - Starting new HTTPS connection (1): mt0.google.com:443
2026-04-28 23:46:30,429 - DEBUG - Starting new HTTPS connection (1): mt0.google.com:443
2026-04-28 23:46:30,431 - DEBUG - Starting new HTTPS connection (1): mt0.google.com:443
2026-04-28 23:46:30,814 - DEBUG - https://mt0.google.com:443 "GET /vt/lyrs=m&hl=es&x=73535&y=136957&z=18 HTTP/1.1" 200 11604
2026-04-28 23:46:30,814 - DEBUG - https://mt0.google.com:443 "GET /vt/lyrs=m&hl=es&x=73536&y=136958&z=18 HTTP/1.1" 200 14003
2026-04-28 23:46:30,814 - DEBUG - https://mt0.google.com:443 "GET /vt/lyrs=m&hl=es&x=73535&y=136959&z=18 HTTP/1.1" 200 12792
2026-04-28 23:46:30,814 - DEBUG - https://mt0.google.com:443 "GET /vt/lyrs=m&hl=es&x=73538&y=136958&z=18 HTTP/1.1" 200 8553
2026-04-28 23:46:30,816 - DEBUG - https://mt0.google.com:443 "GET /vt/lyrs=m&hl=es&x=73535&y=136958&z=18 HTTP/1.1" 200 12395
2026-04-28 23:46:30,816 - DEBUG - https://mt0.google.com:443 "GET /vt/lyrs=m&hl=es&x=73537&y=136958&z=18 HTTP/1.1" 200 13871
2026-04-28 23:46:30,816 - DEBUG - https://mt0.google.com:443 "GET /vt/lyrs=m&hl=es&x=73536&y=136957&z=18 HTTP/1.1" 200 8110
2026-04-28 23:46:30,818 - DEBUG - https://mt0.google.com:443 "GET /vt/lyrs=m&hl=es&x=73538&y=136959&z=18 HTTP/1.1" 200 13368
2026-04-28 23:46:30,818 - DEBUG - https://mt0.google.com:443 "GET /vt/lyrs=m&hl=es&x=73536&y=136959&z=18 HTTP/1.1" 200 12983
2026-04-28 23:46:30,820 - DEBUG - STREAM b'IHDR' 16 13
2026-04-28 23:46:30,823 - DEBUG - STREAM b'IHDR' 16 13
2026-04-28 23:46:30,823 - DEBUG - STREAM b'pHYs' 41 9
2026-04-28 23:46:30,824 - DEBUG - STREAM b'IHDR' 16 13
2026-04-28 23:46:30,824 - DEBUG - STREAM b'pHYs' 41 9
2026-04-28 23:46:30,826 - DEBUG - STREAM b'IHDR' 16 13
2026-04-28 23:46:30,828 - DEBUG - STREAM b'IHDR' 16 13
2026-04-28 23:46:30,828 - DEBUG - STREAM b'PLTE' 62 99
2026-04-28 23:46:30,828 - DEBUG - STREAM b'pHYs' 41 9
2026-04-28 23:46:30,831 - DEBUG - STREAM b'IHDR' 16 13
2026-04-28 23:46:30,832 - DEBUG - STREAM b'IHDR' 16 13
2026-04-28 23:46:30,832 - DEBUG - STREAM b'PLTE' 62 54
2026-04-28 23:46:30,834 - DEBUG - STREAM b'IHDR' 16 13
2026-04-28 23:46:30,834 - DEBUG - STREAM b'pHYs' 41 9
2026-04-28 23:46:30,836 - DEBUG - STREAM b'IHDR' 16 13
2026-04-28 23:46:30,836 - DEBUG - STREAM b'pHYs' 41 9
2026-04-28 23:46:30,836 - DEBUG - STREAM b'IDAT' 173 7921
2026-04-28 23:46:30,836 - DEBUG - STREAM b'PLTE' 62 117
2026-04-28 23:46:30,836 - DEBUG - STREAM b'pHYs' 41 9
2026-04-28 23:46:30,836 - DEBUG - STREAM b'pHYs' 41 9
2026-04-28 23:46:30,836 - DEBUG - STREAM b'IDAT' 128 8409
2026-04-28 23:46:30,836 - DEBUG - STREAM b'pHYs' 41 9
2026-04-28 23:46:30,836 - DEBUG - STREAM b'PLTE' 62 150
2026-04-28 23:46:30,836 - DEBUG - STREAM b'pHYs' 41 9
2026-04-28 23:46:30,836 - DEBUG - STREAM b'PLTE' 62 159
2026-04-28 23:46:30,836 - DEBUG - STREAM b'IDAT' 191 12585
2026-04-28 23:46:30,836 - DEBUG - STREAM b'PLTE' 62 162
2026-04-28 23:46:30,836 - DEBUG - STREAM b'PLTE' 62 141
2026-04-28 23:46:30,838 - DEBUG - STREAM b'PLTE' 62 138
2026-04-28 23:46:30,838 - DEBUG - STREAM b'IDAT' 224 11364
2026-04-28 23:46:30,838 - DEBUG - STREAM b'PLTE' 62 129
2026-04-28 23:46:30,838 - DEBUG - STREAM b'IDAT' 233 12146
2026-04-28 23:46:30,838 - DEBUG - STREAM b'IDAT' 236 13751
2026-04-28 23:46:30,838 - DEBUG - STREAM b'IDAT' 215 13640
2026-04-28 23:46:30,838 - DEBUG - STREAM b'IDAT' 212 13140
2026-04-28 23:46:30,838 - DEBUG - STREAM b'IDAT' 203 12764
2026-04-28 23:46:30,840 - DEBUG - Starting new HTTPS connection (1): mt0.google.com:443
2026-04-28 23:46:30,857 - DEBUG - Starting new HTTPS connection (1): mt0.google.com:443
2026-04-28 23:46:30,857 - DEBUG - Starting new HTTPS connection (1): mt0.google.com:443
2026-04-28 23:46:30,920 - DEBUG - https://mt0.google.com:443 "GET /vt/lyrs=m&hl=es&x=73537&y=136957&z=18 HTTP/1.1" 200 4944
2026-04-28 23:46:30,921 - DEBUG - https://mt0.google.com:443 "GET /vt/lyrs=m&hl=es&x=73538&y=136957&z=18 HTTP/1.1" 200 10059
2026-04-28 23:46:30,921 - DEBUG - https://mt0.google.com:443 "GET /vt/lyrs=m&hl=es&x=73537&y=136959&z=18 HTTP/1.1" 200 15637
2026-04-28 23:46:30,923 - DEBUG - STREAM b'IHDR' 16 13
2026-04-28 23:46:30,923 - DEBUG - STREAM b'pHYs' 41 9
2026-04-28 23:46:30,923 - DEBUG - STREAM b'PLTE' 62 36
2026-04-28 23:46:30,923 - DEBUG - STREAM b'IDAT' 110 4818
2026-04-28 23:46:30,927 - DEBUG - STREAM b'IHDR' 16 13
2026-04-28 23:46:30,927 - DEBUG - STREAM b'pHYs' 41 9
2026-04-28 23:46:30,927 - DEBUG - STREAM b'PLTE' 62 147
2026-04-28 23:46:30,927 - DEBUG - STREAM b'IDAT' 221 9822
2026-04-28 23:46:30,940 - DEBUG - STREAM b'IHDR' 16 13
2026-04-28 23:46:30,941 - DEBUG - STREAM b'pHYs' 41 9
2026-04-28 23:46:30,941 - DEBUG - STREAM b'PLTE' 62 246
2026-04-28 23:46:30,941 - DEBUG - STREAM b'IDAT' 320 15301
2026-04-28 23:46:31,186 - DEBUG - https://mt0.google.com:443 "GET /vt/lyrs=m&hl=es&x=73530&y=8558&z=14 HTTP/1.1" 400 1555
2026-04-28 23:46:31,189 - DEBUG - Starting new HTTPS connection (1): mt0.google.com:443
2026-04-28 23:46:31,629 - DEBUG - https://mt0.google.com:443 "GET /vt/lyrs=m&hl=es&x=147075&y=273915&z=19 HTTP/1.1" 200 3731
2026-04-28 23:46:31,632 - DEBUG - STREAM b'IHDR' 16 13
2026-04-28 23:46:31,632 - DEBUG - https://mt0.google.com:443 "GET /vt/lyrs=m&hl=es&x=147073&y=273915&z=19 HTTP/1.1" 200 3923
2026-04-28 23:46:31,633 - DEBUG - https://mt0.google.com:443 "GET /vt/lyrs=m&hl=es&x=147074&y=273917&z=19 HTTP/1.1" 200 10174
2026-04-28 23:46:31,633 - DEBUG - https://mt0.google.com:443 "GET /vt/lyrs=m&hl=es&x=147076&y=273915&z=19 HTTP/1.1" 200 5176
2026-04-28 23:46:31,633 - DEBUG - https://mt0.google.com:443 "GET /vt/lyrs=m&hl=es&x=147075&y=273918&z=19 HTTP/1.1" 200 5735
2026-04-28 23:46:31,634 - DEBUG - https://mt0.google.com:443 "GET /vt/lyrs=m&hl=es&x=147076&y=273917&z=19 HTTP/1.1" 200 3120
2026-04-28 23:46:31,634 - DEBUG - https://mt0.google.com:443 "GET /vt/lyrs=m&hl=es&x=147076&y=273916&z=19 HTTP/1.1" 200 4989
2026-04-28 23:46:31,634 - DEBUG - https://mt0.google.com:443 "GET /vt/lyrs=m&hl=es&x=147076&y=273918&z=19 HTTP/1.1" 200 3536
2026-04-28 23:46:31,634 - DEBUG - STREAM b'pHYs' 41 9
2026-04-28 23:46:31,634 - DEBUG - https://mt0.google.com:443 "GET /vt/lyrs=m&hl=es&x=147074&y=273916&z=19 HTTP/1.1" 200 6324
2026-04-28 23:46:31,634 - DEBUG - https://mt0.google.com:443 "GET /vt/lyrs=m&hl=es&x=147074&y=273918&z=19 HTTP/1.1" 200 8105
2026-04-28 23:46:31,634 - DEBUG - https://mt0.google.com:443 "GET /vt/lyrs=m&hl=es&x=147075&y=273917&z=19 HTTP/1.1" 200 7352
2026-04-28 23:46:31,634 - DEBUG - https://mt0.google.com:443 "GET /vt/lyrs=m&hl=es&x=147073&y=273918&z=19 HTTP/1.1" 200 6704
2026-04-28 23:46:31,634 - DEBUG - https://mt0.google.com:443 "GET /vt/lyrs=m&hl=es&x=147075&y=273916&z=19 HTTP/1.1" 200 6407
2026-04-28 23:46:31,638 - DEBUG - STREAM b'IHDR' 16 13
2026-04-28 23:46:31,638 - DEBUG - STREAM b'IHDR' 16 13
2026-04-28 23:46:31,643 - DEBUG - STREAM b'IHDR' 16 13
2026-04-28 23:46:31,645 - DEBUG - STREAM b'IHDR' 16 13
2026-04-28 23:46:31,647 - DEBUG - STREAM b'IHDR' 16 13
2026-04-28 23:46:31,647 - DEBUG - STREAM b'PLTE' 62 24
2026-04-28 23:46:31,648 - DEBUG - STREAM b'IHDR' 16 13
2026-04-28 23:46:31,648 - DEBUG - STREAM b'IHDR' 16 13
2026-04-28 23:46:31,651 - DEBUG - STREAM b'IHDR' 16 13
2026-04-28 23:46:31,654 - DEBUG - STREAM b'IHDR' 16 13
2026-04-28 23:46:31,655 - DEBUG - STREAM b'IHDR' 16 13
2026-04-28 23:46:31,655 - DEBUG - STREAM b'pHYs' 41 9
2026-04-28 23:46:31,657 - DEBUG - STREAM b'IHDR' 16 13
2026-04-28 23:46:31,657 - DEBUG - STREAM b'pHYs' 41 9
2026-04-28 23:46:31,657 - DEBUG - STREAM b'pHYs' 41 9
2026-04-28 23:46:31,657 - DEBUG - STREAM b'IHDR' 16 13
2026-04-28 23:46:31,661 - DEBUG - STREAM b'pHYs' 41 9
2026-04-28 23:46:31,661 - DEBUG - STREAM b'pHYs' 41 9
2026-04-28 23:46:31,661 - DEBUG - STREAM b'IDAT' 98 3617
2026-04-28 23:46:31,661 - DEBUG - STREAM b'pHYs' 41 9
2026-04-28 23:46:31,661 - DEBUG - STREAM b'pHYs' 41 9
2026-04-28 23:46:31,661 - DEBUG - STREAM b'PLTE' 62 51
2026-04-28 23:46:31,661 - DEBUG - STREAM b'pHYs' 41 9
2026-04-28 23:46:31,661 - DEBUG - STREAM b'pHYs' 41 9
2026-04-28 23:46:31,661 - DEBUG - STREAM b'PLTE' 62 42
2026-04-28 23:46:31,661 - DEBUG - STREAM b'pHYs' 41 9
2026-04-28 23:46:31,661 - DEBUG - STREAM b'PLTE' 62 75
2026-04-28 23:46:31,661 - DEBUG - STREAM b'PLTE' 62 171
2026-04-28 23:46:31,661 - DEBUG - STREAM b'pHYs' 41 9
2026-04-28 23:46:31,661 - DEBUG - STREAM b'PLTE' 62 45
2026-04-28 23:46:31,661 - DEBUG - STREAM b'PLTE' 62 36
2026-04-28 23:46:31,661 - DEBUG - STREAM b'PLTE' 62 39
2026-04-28 23:46:31,661 - DEBUG - STREAM b'pHYs' 41 9
2026-04-28 23:46:31,661 - DEBUG - STREAM b'IDAT' 125 4848
2026-04-28 23:46:31,661 - DEBUG - STREAM b'PLTE' 62 99
2026-04-28 23:46:31,661 - DEBUG - STREAM b'PLTE' 62 54
2026-04-28 23:46:31,661 - DEBUG - STREAM b'IDAT' 116 3791
2026-04-28 23:46:31,663 - DEBUG - STREAM b'PLTE' 62 60
2026-04-28 23:46:31,663 - DEBUG - STREAM b'IDAT' 149 5011
2026-04-28 23:46:31,663 - DEBUG - STREAM b'IDAT' 245 9913
2026-04-28 23:46:31,663 - DEBUG - STREAM b'PLTE' 62 48
2026-04-28 23:46:31,663 - DEBUG - STREAM b'IDAT' 119 5600
2026-04-28 23:46:31,663 - DEBUG - STREAM b'IDAT' 110 2994
2026-04-28 23:46:31,663 - DEBUG - STREAM b'IDAT' 113 3407
2026-04-28 23:46:31,663 - DEBUG - STREAM b'PLTE' 62 45
2026-04-28 23:46:31,663 - DEBUG - STREAM b'IDAT' 173 7916
2026-04-28 23:46:31,663 - DEBUG - STREAM b'IDAT' 128 7208
2026-04-28 23:46:31,663 - DEBUG - STREAM b'IDAT' 134 6554
2026-04-28 23:46:31,663 - DEBUG - STREAM b'IDAT' 122 6269
2026-04-28 23:46:31,666 - DEBUG - STREAM b'IDAT' 119 6189
2026-04-28 23:46:31,859 - DEBUG - https://mt0.google.com:443 "GET /vt/lyrs=m&hl=es&x=147074&y=273915&z=19 HTTP/1.1" 200 3003
2026-04-28 23:46:31,859 - DEBUG - https://mt0.google.com:443 "GET /vt/lyrs=m&hl=es&x=147073&y=273916&z=19 HTTP/1.1" 200 6028
2026-04-28 23:46:31,859 - DEBUG - https://mt0.google.com:443 "GET /vt/lyrs=m&hl=es&x=147073&y=273917&z=19 HTTP/1.1" 200 9293
2026-04-28 23:46:31,860 - DEBUG - STREAM b'IHDR' 16 13
2026-04-28 23:46:31,863 - DEBUG - STREAM b'IHDR' 16 13
2026-04-28 23:46:31,864 - DEBUG - STREAM b'pHYs' 41 9
2026-04-28 23:46:31,865 - DEBUG - STREAM b'PLTE' 62 39
2026-04-28 23:46:31,865 - DEBUG - STREAM b'IDAT' 113 2874
2026-04-28 23:46:31,864 - DEBUG - STREAM b'pHYs' 41 9
2026-04-28 23:46:31,866 - DEBUG - STREAM b'PLTE' 62 27
2026-04-28 23:46:31,866 - DEBUG - STREAM b'IDAT' 101 5911
2026-04-28 23:46:31,865 - DEBUG - STREAM b'IHDR' 16 13
2026-04-28 23:46:31,867 - DEBUG - STREAM b'pHYs' 41 9
2026-04-28 23:46:31,867 - DEBUG - STREAM b'PLTE' 62 135
2026-04-28 23:46:31,867 - DEBUG - STREAM b'IDAT' 209 9068
2026-04-28 23:46:31,979 - DEBUG - https://mt0.google.com:443 "GET /vt/lyrs=m&hl=es&x=147082&y=8559&z=14 HTTP/1.1" 400 1555
2026-04-28 23:46:31,983 - DEBUG - Starting new HTTPS connection (1): mt0.google.com:443
2026-04-28 23:46:32,661 - DEBUG - https://mt0.google.com:443 "GET /vt/lyrs=m&hl=es&x=147068&y=8559&z=14 HTTP/1.1" 400 1555
2026-04-28 23:46:32,663 - DEBUG - Starting new HTTPS connection (1): mt0.google.com:443
2026-04-28 23:46:33,216 - DEBUG - Starting new HTTPS connection (1): mt0.google.com:443
2026-04-28 23:46:33,217 - DEBUG - Starting new HTTPS connection (1): mt0.google.com:443
2026-04-28 23:46:33,218 - DEBUG - Starting new HTTPS connection (1): mt0.google.com:443
2026-04-28 23:46:33,218 - DEBUG - Starting new HTTPS connection (1): mt0.google.com:443
2026-04-28 23:46:33,218 - DEBUG - Starting new HTTPS connection (1): mt0.google.com:443
2026-04-28 23:46:33,218 - DEBUG - Starting new HTTPS connection (1): mt0.google.com:443
2026-04-28 23:46:33,218 - DEBUG - Starting new HTTPS connection (1): mt0.google.com:443
2026-04-28 23:46:33,218 - DEBUG - Starting new HTTPS connection (1): mt0.google.com:443
2026-04-28 23:46:33,218 - DEBUG - Starting new HTTPS connection (1): mt0.google.com:443
2026-04-28 23:46:33,218 - DEBUG - Starting new HTTPS connection (1): mt0.google.com:443
2026-04-28 23:46:33,218 - DEBUG - Starting new HTTPS connection (1): mt0.google.com:443
2026-04-28 23:46:33,226 - DEBUG - Starting new HTTPS connection (1): mt0.google.com:443
2026-04-28 23:46:33,232 - DEBUG - Starting new HTTPS connection (1): mt0.google.com:443
2026-04-28 23:46:33,228 - DEBUG - Starting new HTTPS connection (1): mt0.google.com:443
2026-04-28 23:46:33,228 - DEBUG - Starting new HTTPS connection (1): mt0.google.com:443
2026-04-28 23:46:33,232 - DEBUG - Starting new HTTPS connection (1): mt0.google.com:443
2026-04-28 23:46:33,370 - DEBUG - https://mt0.google.com:443 "GET /vt/lyrs=m&hl=es&x=147082&y=8560&z=14 HTTP/1.1" 400 1555
2026-04-28 23:46:33,438 - DEBUG - Starting new HTTPS connection (1): mt0.google.com:443
2026-04-28 23:46:34,379 - DEBUG - https://mt0.google.com:443 "GET /vt/lyrs=m&hl=es&x=588297&y=1095667&z=21 HTTP/1.1" 200 2080
2026-04-28 23:46:34,382 - DEBUG - STREAM b'IHDR' 16 13
2026-04-28 23:46:34,382 - DEBUG - STREAM b'pHYs' 41 9
2026-04-28 23:46:34,382 - DEBUG - STREAM b'PLTE' 62 27
2026-04-28 23:46:34,386 - DEBUG - STREAM b'IDAT' 101 1963
2026-04-28 23:46:34,501 - DEBUG - https://mt0.google.com:443 "GET /vt/lyrs=m&hl=es&x=588296&y=1095667&z=21 HTTP/1.1" 200 1526
2026-04-28 23:46:34,502 - DEBUG - https://mt0.google.com:443 "GET /vt/lyrs=m&hl=es&x=588295&y=1095667&z=21 HTTP/1.1" 200 1642
2026-04-28 23:46:34,502 - DEBUG - https://mt0.google.com:443 "GET /vt/lyrs=m&hl=es&x=588295&y=1095668&z=21 HTTP/1.1" 200 2246
2026-04-28 23:46:34,503 - DEBUG - https://mt0.google.com:443 "GET /vt/lyrs=m&hl=es&x=588295&y=1095670&z=21 HTTP/1.1" 200 1328
2026-04-28 23:46:34,503 - DEBUG - https://mt0.google.com:443 "GET /vt/lyrs=m&hl=es&x=588298&y=1095667&z=21 HTTP/1.1" 200 1988
2026-04-28 23:46:34,504 - DEBUG - https://mt0.google.com:443 "GET /vt/lyrs=m&hl=es&x=588296&y=1095670&z=21 HTTP/1.1" 200 3496
2026-04-28 23:46:34,506 - DEBUG - STREAM b'IHDR' 16 13
2026-04-28 23:46:34,508 - DEBUG - STREAM b'IHDR' 16 13
2026-04-28 23:46:34,510 - DEBUG - STREAM b'IHDR' 16 13
2026-04-28 23:46:34,513 - DEBUG - STREAM b'IHDR' 16 13
2026-04-28 23:46:34,514 - DEBUG - STREAM b'IHDR' 16 13
2026-04-28 23:46:34,514 - DEBUG - STREAM b'pHYs' 41 9
2026-04-28 23:46:34,514 - DEBUG - STREAM b'pHYs' 41 9
2026-04-28 23:46:34,514 - DEBUG - STREAM b'pHYs' 41 9
2026-04-28 23:46:34,514 - DEBUG - STREAM b'pHYs' 41 9
2026-04-28 23:46:34,516 - DEBUG - STREAM b'IHDR' 16 13
2026-04-28 23:46:34,516 - DEBUG - STREAM b'pHYs' 41 9
2026-04-28 23:46:34,516 - DEBUG - STREAM b'PLTE' 62 24
2026-04-28 23:46:34,516 - DEBUG - STREAM b'PLTE' 62 18
2026-04-28 23:46:34,516 - DEBUG - STREAM b'PLTE' 62 24
2026-04-28 23:46:34,516 - DEBUG - STREAM b'PLTE' 62 18
2026-04-28 23:46:34,518 - DEBUG - STREAM b'pHYs' 41 9
2026-04-28 23:46:34,518 - DEBUG - STREAM b'PLTE' 62 27
2026-04-28 23:46:34,518 - DEBUG - STREAM b'IDAT' 98 1412
2026-04-28 23:46:34,518 - DEBUG - STREAM b'IDAT' 92 1534
2026-04-28 23:46:34,518 - DEBUG - STREAM b'IDAT' 98 2132
2026-04-28 23:46:34,518 - DEBUG - STREAM b'IDAT' 92 1220
2026-04-28 23:46:34,518 - DEBUG - STREAM b'PLTE' 62 75
2026-04-28 23:46:34,518 - DEBUG - STREAM b'IDAT' 101 1871
2026-04-28 23:46:34,519 - DEBUG - STREAM b'IDAT' 149 3331
2026-04-28 23:46:34,609 - DEBUG - https://mt0.google.com:443 "GET /vt/lyrs=m&hl=es&x=588297&y=1095670&z=21 HTTP/1.1" 200 2313
2026-04-28 23:46:34,610 - DEBUG - https://mt0.google.com:443 "GET /vt/lyrs=m&hl=es&x=588297&y=1095668&z=21 HTTP/1.1" 200 2019
2026-04-28 23:46:34,610 - DEBUG - https://mt0.google.com:443 "GET /vt/lyrs=m&hl=es&x=588298&y=1095669&z=21 HTTP/1.1" 200 3595
2026-04-28 23:46:34,610 - DEBUG - https://mt0.google.com:443 "GET /vt/lyrs=m&hl=es&x=588296&y=1095668&z=21 HTTP/1.1" 200 1726
2026-04-28 23:46:34,610 - DEBUG - https://mt0.google.com:443 "GET /vt/lyrs=m&hl=es&x=588295&y=1095669&z=21 HTTP/1.1" 200 1797
2026-04-28 23:46:34,610 - DEBUG - https://mt0.google.com:443 "GET /vt/lyrs=m&hl=es&x=588297&y=1095669&z=21 HTTP/1.1" 200 1605
2026-04-28 23:46:34,610 - DEBUG - https://mt0.google.com:443 "GET /vt/lyrs=m&hl=es&x=588290&y=8560&z=14 HTTP/1.1" 400 1555
2026-04-28 23:46:34,610 - DEBUG - https://mt0.google.com:443 "GET /vt/lyrs=m&hl=es&x=588296&y=1095669&z=21 HTTP/1.1" 200 2967
2026-04-28 23:46:34,610 - DEBUG - https://mt0.google.com:443 "GET /vt/lyrs=m&hl=es&x=588298&y=1095670&z=21 HTTP/1.1" 200 4803
2026-04-28 23:46:34,613 - DEBUG - STREAM b'IHDR' 16 13
2026-04-28 23:46:34,616 - DEBUG - https://mt0.google.com:443 "GET /vt/lyrs=m&hl=es&x=588298&y=1095668&z=21 HTTP/1.1" 200 1935
2026-04-28 23:46:34,618 - DEBUG - STREAM b'IHDR' 16 13
2026-04-28 23:46:34,620 - DEBUG - STREAM b'IHDR' 16 13
2026-04-28 23:46:34,624 - DEBUG - STREAM b'IHDR' 16 13
2026-04-28 23:46:34,626 - DEBUG - STREAM b'IHDR' 16 13
2026-04-28 23:46:34,629 - DEBUG - STREAM b'IHDR' 16 13
2026-04-28 23:46:34,631 - DEBUG - STREAM b'IHDR' 16 13
2026-04-28 23:46:34,632 - DEBUG - STREAM b'pHYs' 41 9
2026-04-28 23:46:34,632 - DEBUG - Starting new HTTPS connection (1): mt0.google.com:443
2026-04-28 23:46:34,634 - DEBUG - STREAM b'IHDR' 16 13
2026-04-28 23:46:34,636 - DEBUG - STREAM b'pHYs' 41 9
2026-04-28 23:46:34,636 - DEBUG - STREAM b'pHYs' 41 9
2026-04-28 23:46:34,638 - DEBUG - STREAM b'IHDR' 16 13
2026-04-28 23:46:34,638 - DEBUG - STREAM b'pHYs' 41 9
2026-04-28 23:46:34,638 - DEBUG - STREAM b'pHYs' 41 9
2026-04-28 23:46:34,640 - DEBUG - STREAM b'pHYs' 41 9
2026-04-28 23:46:34,640 - DEBUG - STREAM b'pHYs' 41 9
2026-04-28 23:46:34,640 - DEBUG - STREAM b'PLTE' 62 24
2026-04-28 23:46:34,640 - DEBUG - STREAM b'pHYs' 41 9
2026-04-28 23:46:34,640 - DEBUG - STREAM b'PLTE' 62 21
2026-04-28 23:46:34,640 - DEBUG - STREAM b'PLTE' 62 36
2026-04-28 23:46:34,640 - DEBUG - STREAM b'pHYs' 41 9
2026-04-28 23:46:34,640 - DEBUG - STREAM b'PLTE' 62 27
2026-04-28 23:46:34,640 - DEBUG - STREAM b'PLTE' 62 18
2026-04-28 23:46:34,640 - DEBUG - STREAM b'PLTE' 62 15
2026-04-28 23:46:34,640 - DEBUG - STREAM b'PLTE' 62 66
2026-04-28 23:46:34,640 - DEBUG - STREAM b'IDAT' 98 2199
2026-04-28 23:46:34,640 - DEBUG - STREAM b'PLTE' 62 75
2026-04-28 23:46:34,640 - DEBUG - STREAM b'IDAT' 95 1908
2026-04-28 23:46:34,640 - DEBUG - STREAM b'IDAT' 110 3469
2026-04-28 23:46:34,640 - DEBUG - STREAM b'PLTE' 62 33
2026-04-28 23:46:34,642 - DEBUG - STREAM b'IDAT' 101 1609
2026-04-28 23:46:34,642 - DEBUG - STREAM b'IDAT' 92 1689
2026-04-28 23:46:34,642 - DEBUG - STREAM b'IDAT' 89 1500
2026-04-28 23:46:34,642 - DEBUG - STREAM b'IDAT' 140 2811
2026-04-28 23:46:34,642 - DEBUG - STREAM b'IDAT' 149 4638
2026-04-28 23:46:34,642 - DEBUG - STREAM b'IDAT' 107 1812
2026-04-28 23:46:35,411 - DEBUG - https://mt0.google.com:443 "GET /vt/lyrs=m&hl=es&x=588304&y=8561&z=14 HTTP/1.1" 400 1555
2026-04-28 23:46:35,413 - DEBUG - Starting new HTTPS connection (1): mt0.google.com:443
2026-04-28 23:46:36,107 - DEBUG - https://mt0.google.com:443 "GET /vt/lyrs=m&hl=es&x=588290&y=8561&z=14 HTTP/1.1" 400 1555
2026-04-28 23:46:36,111 - DEBUG - Starting new HTTPS connection (1): mt0.google.com:443
2026-04-28 23:46:36,878 - DEBUG - https://mt0.google.com:443 "GET /vt/lyrs=m&hl=es&x=588304&y=8562&z=14 HTTP/1.1" 400 1555
2026-04-28 23:46:36,880 - DEBUG - Starting new HTTPS connection (1): mt0.google.com:443
2026-04-28 23:46:37,577 - DEBUG - https://mt0.google.com:443 "GET /vt/lyrs=m&hl=es&x=588290&y=8562&z=14 HTTP/1.1" 400 1555
2026-04-28 23:46:37,578 - DEBUG - Starting new HTTPS connection (1): mt0.google.com:443
2026-04-28 23:46:38,368 - DEBUG - https://mt0.google.com:443 "GET /vt/lyrs=m&hl=es&x=588304&y=8563&z=14 HTTP/1.1" 400 1555
2026-04-28 23:46:38,371 - DEBUG - Starting new HTTPS connection (1): mt0.google.com:443
2026-04-28 23:46:39,161 - DEBUG - https://mt0.google.com:443 "GET /vt/lyrs=m&hl=es&x=588290&y=8563&z=14 HTTP/1.1" 400 1555
2026-04-28 23:46:39,174 - DEBUG - Starting new HTTPS connection (1): mt0.google.com:443
2026-04-28 23:46:39,848 - DEBUG - https://mt0.google.com:443 "GET /vt/lyrs=m&hl=es&x=588304&y=8564&z=14 HTTP/1.1" 400 1555
2026-04-28 23:46:39,852 - DEBUG - Starting new HTTPS connection (1): mt0.google.com:443
2026-04-28 23:46:40,541 - DEBUG - https://mt0.google.com:443 "GET /vt/lyrs=m&hl=es&x=588290&y=8564&z=14 HTTP/1.1" 400 1555
2026-04-28 23:46:40,549 - DEBUG - Starting new HTTPS connection (1): mt0.google.com:443
2026-04-28 23:46:41,230 - DEBUG - https://mt0.google.com:443 "GET /vt/lyrs=m&hl=es&x=588304&y=8565&z=14 HTTP/1.1" 400 1555
2026-04-28 23:46:41,234 - DEBUG - Starting new HTTPS connection (1): mt0.google.com:443
2026-04-28 23:46:41,976 - DEBUG - https://mt0.google.com:443 "GET /vt/lyrs=m&hl=es&x=588290&y=8565&z=14 HTTP/1.1" 400 1555
2026-04-28 23:46:41,980 - DEBUG - Starting new HTTPS connection (1): mt0.google.com:443
2026-04-28 23:46:42,434 - DEBUG - https://mt0.google.com:443 "GET /vt/lyrs=m&hl=es&x=588304&y=8566&z=14 HTTP/1.1" 400 1555
2026-04-28 23:46:42,439 - DEBUG - Starting new HTTPS connection (1): mt0.google.com:443
2026-04-28 23:46:42,909 - DEBUG - https://mt0.google.com:443 "GET /vt/lyrs=m&hl=es&x=588290&y=8566&z=14 HTTP/1.1" 400 1555
2026-04-28 23:46:42,913 - DEBUG - Starting new HTTPS connection (1): mt0.google.com:443
2026-04-28 23:46:43,392 - DEBUG - https://mt0.google.com:443 "GET /vt/lyrs=m&hl=es&x=588304&y=8567&z=14 HTTP/1.1" 400 1555
2026-04-28 23:46:43,406 - DEBUG - Starting new HTTPS connection (1): mt0.google.com:443
2026-04-28 23:46:44,008 - DEBUG - https://mt0.google.com:443 "GET /vt/lyrs=m&hl=es&x=588290&y=8567&z=14 HTTP/1.1" 400 1555
2026-04-28 23:46:44,012 - DEBUG - Starting new HTTPS connection (1): mt0.google.com:443
2026-04-28 23:46:44,590 - DEBUG - https://mt0.google.com:443 "GET /vt/lyrs=m&hl=es&x=588304&y=8568&z=14 HTTP/1.1" 400 1555
2026-04-28 23:46:44,596 - DEBUG - Starting new HTTPS connection (1): mt0.google.com:443
2026-04-28 23:46:45,173 - DEBUG - https://mt0.google.com:443 "GET /vt/lyrs=m&hl=es&x=588290&y=8568&z=14 HTTP/1.1" 400 1555
2026-04-28 23:46:45,186 - DEBUG - Starting new HTTPS connection (1): mt0.google.com:443
2026-04-28 23:46:45,720 - DEBUG - https://mt0.google.com:443 "GET /vt/lyrs=m&hl=es&x=588304&y=8569&z=14 HTTP/1.1" 400 1555
2026-04-28 23:46:45,722 - DEBUG - Starting new HTTPS connection (1): mt0.google.com:443
2026-04-28 23:46:46,299 - DEBUG - https://mt0.google.com:443 "GET /vt/lyrs=m&hl=es&x=588290&y=8569&z=14 HTTP/1.1" 400 1555
2026-04-28 23:46:46,301 - DEBUG - Starting new HTTPS connection (1): mt0.google.com:443
2026-04-28 23:46:46,975 - DEBUG - https://mt0.google.com:443 "GET /vt/lyrs=m&hl=es&x=588304&y=8570&z=14 HTTP/1.1" 400 1555
2026-04-28 23:46:46,977 - DEBUG - Starting new HTTPS connection (1): mt0.google.com:443
2026-04-28 23:46:47,714 - DEBUG - https://mt0.google.com:443 "GET /vt/lyrs=m&hl=es&x=588290&y=8570&z=14 HTTP/1.1" 400 1555
2026-04-28 23:46:47,717 - DEBUG - Starting new HTTPS connection (1): mt0.google.com:443
2026-04-28 23:46:48,291 - DEBUG - https://mt0.google.com:443 "GET /vt/lyrs=m&hl=es&x=588295&y=1095671&z=21 HTTP/1.1" 200 1843
2026-04-28 23:46:48,293 - DEBUG - STREAM b'IHDR' 16 13
2026-04-28 23:46:48,293 - DEBUG - STREAM b'pHYs' 41 9
2026-04-28 23:46:48,294 - DEBUG - STREAM b'PLTE' 62 24
2026-04-28 23:46:48,294 - DEBUG - STREAM b'IDAT' 98 1729
2026-04-28 23:46:48,297 - DEBUG - Starting new HTTPS connection (1): mt0.google.com:443
2026-04-28 23:46:48,926 - DEBUG - https://mt0.google.com:443 "GET /vt/lyrs=m&hl=es&x=588296&y=1095671&z=21 HTTP/1.1" 200 1752
2026-04-28 23:46:48,929 - DEBUG - STREAM b'IHDR' 16 13
2026-04-28 23:46:48,929 - DEBUG - STREAM b'pHYs' 41 9
2026-04-28 23:46:48,929 - DEBUG - STREAM b'PLTE' 62 21
2026-04-28 23:46:48,929 - DEBUG - STREAM b'IDAT' 95 1641
2026-04-28 23:46:48,930 - DEBUG - Starting new HTTPS connection (1): mt0.google.com:443
2026-04-28 23:46:49,604 - DEBUG - https://mt0.google.com:443 "GET /vt/lyrs=m&hl=es&x=588297&y=1095671&z=21 HTTP/1.1" 200 1584
2026-04-28 23:46:49,605 - DEBUG - STREAM b'IHDR' 16 13
2026-04-28 23:46:49,605 - DEBUG - STREAM b'pHYs' 41 9
2026-04-28 23:46:49,605 - DEBUG - STREAM b'PLTE' 62 18
2026-04-28 23:46:49,605 - DEBUG - STREAM b'IDAT' 92 1476
2026-04-28 23:46:49,608 - DEBUG - Starting new HTTPS connection (1): mt0.google.com:443
2026-04-28 23:46:50,307 - DEBUG - https://mt0.google.com:443 "GET /vt/lyrs=m&hl=es&x=588298&y=1095671&z=21 HTTP/1.1" 200 3431
2026-04-28 23:46:50,309 - DEBUG - STREAM b'IHDR' 16 13
2026-04-28 23:46:50,309 - DEBUG - STREAM b'pHYs' 41 9
2026-04-28 23:46:50,309 - DEBUG - STREAM b'PLTE' 62 39
2026-04-28 23:46:50,309 - DEBUG - STREAM b'IDAT' 113 3302
2026-04-28 23:46:50,312 - DEBUG - Starting new HTTPS connection (1): mt0.google.com:443
2026-04-28 23:46:50,990 - DEBUG - https://mt0.google.com:443 "GET /vt/lyrs=m&hl=es&x=588299&y=1095671&z=21 HTTP/1.1" 200 2091
2026-04-28 23:46:50,993 - DEBUG - STREAM b'IHDR' 16 13
2026-04-28 23:46:50,993 - DEBUG - STREAM b'pHYs' 41 9
2026-04-28 23:46:50,993 - DEBUG - STREAM b'PLTE' 62 18
2026-04-28 23:46:50,993 - DEBUG - STREAM b'IDAT' 92 1983
2026-04-28 23:46:50,994 - DEBUG - Starting new HTTPS connection (1): mt0.google.com:443
2026-04-28 23:46:51,674 - DEBUG - https://mt0.google.com:443 "GET /vt/lyrs=m&hl=es&x=588299&y=1095667&z=21 HTTP/1.1" 200 3673
2026-04-28 23:46:51,677 - DEBUG - STREAM b'IHDR' 16 13
2026-04-28 23:46:51,677 - DEBUG - STREAM b'pHYs' 41 9
2026-04-28 23:46:51,677 - DEBUG - STREAM b'PLTE' 62 42
2026-04-28 23:46:51,677 - DEBUG - STREAM b'IDAT' 116 3541
2026-04-28 23:46:51,679 - DEBUG - Starting new HTTPS connection (1): mt0.google.com:443
2026-04-28 23:46:53,174 - DEBUG - https://mt0.google.com:443 "GET /vt/lyrs=m&hl=es&x=588299&y=1095668&z=21 HTTP/1.1" 200 2920
2026-04-28 23:46:53,177 - DEBUG - STREAM b'IHDR' 16 13
2026-04-28 23:46:53,177 - DEBUG - STREAM b'pHYs' 41 9
2026-04-28 23:46:53,177 - DEBUG - STREAM b'PLTE' 62 39
2026-04-28 23:46:53,178 - DEBUG - STREAM b'IDAT' 113 2791
2026-04-28 23:46:53,180 - DEBUG - Starting new HTTPS connection (1): mt0.google.com:443
2026-04-28 23:46:53,861 - DEBUG - https://mt0.google.com:443 "GET /vt/lyrs=m&hl=es&x=588299&y=1095669&z=21 HTTP/1.1" 200 1871
2026-04-28 23:46:53,863 - DEBUG - STREAM b'IHDR' 16 13
2026-04-28 23:46:53,863 - DEBUG - STREAM b'pHYs' 41 9
2026-04-28 23:46:53,863 - DEBUG - STREAM b'PLTE' 62 24
2026-04-28 23:46:53,863 - DEBUG - STREAM b'IDAT' 98 1757
2026-04-28 23:46:53,866 - DEBUG - Starting new HTTPS connection (1): mt0.google.com:443
2026-04-28 23:46:54,536 - DEBUG - Starting new HTTPS connection (1): mt0.google.com:443
2026-04-28 23:46:54,549 - DEBUG - https://mt0.google.com:443 "GET /vt/lyrs=m&hl=es&x=588299&y=1095670&z=21 HTTP/1.1" 200 2709
2026-04-28 23:46:54,550 - DEBUG - STREAM b'IHDR' 16 13
2026-04-28 23:46:54,550 - DEBUG - STREAM b'pHYs' 41 9
2026-04-28 23:46:54,550 - DEBUG - STREAM b'PLTE' 62 42
2026-04-28 23:46:54,550 - DEBUG - STREAM b'IDAT' 116 2577
2026-04-28 23:46:54,559 - DEBUG - Starting new HTTPS connection (1): mt0.google.com:443
2026-04-28 23:46:54,559 - DEBUG - Starting new HTTPS connection (1): mt0.google.com:443
2026-04-28 23:46:54,561 - DEBUG - Starting new HTTPS connection (1): mt0.google.com:443
2026-04-28 23:46:55,223 - DEBUG - https://mt0.google.com:443 "GET /vt/lyrs=m&hl=es&x=588294&y=1095667&z=21 HTTP/1.1" 200 2079
2026-04-28 23:46:55,225 - DEBUG - STREAM b'IHDR' 16 13
2026-04-28 23:46:55,225 - DEBUG - STREAM b'pHYs' 41 9
2026-04-28 23:46:55,225 - DEBUG - STREAM b'PLTE' 62 18
2026-04-28 23:46:55,225 - DEBUG - STREAM b'IDAT' 92 1971
2026-04-28 23:46:55,453 - DEBUG - https://mt0.google.com:443 "GET /vt/lyrs=m&hl=es&x=36767&y=1095670&z=21 HTTP/1.1" 200 178
2026-04-28 23:46:55,456 - DEBUG - STREAM b'IHDR' 16 13
2026-04-28 23:46:55,456 - DEBUG - STREAM b'pHYs' 41 9
2026-04-28 23:46:55,456 - DEBUG - STREAM b'PLTE' 62 3
2026-04-28 23:46:55,456 - DEBUG - STREAM b'IDAT' 77 85
2026-04-28 23:46:55,456 - DEBUG - https://mt0.google.com:443 "GET /vt/lyrs=m&hl=es&x=588294&y=1095669&z=21 HTTP/1.1" 200 1947
2026-04-28 23:46:55,456 - DEBUG - https://mt0.google.com:443 "GET /vt/lyrs=m&hl=es&x=588294&y=1095668&z=21 HTTP/1.1" 200 1910
2026-04-28 23:46:55,459 - DEBUG - STREAM b'IHDR' 16 13
2026-04-28 23:46:55,461 - DEBUG - STREAM b'pHYs' 41 9
2026-04-28 23:46:55,461 - DEBUG - STREAM b'PLTE' 62 18
2026-04-28 23:46:55,463 - DEBUG - STREAM b'IDAT' 92 1839
2026-04-28 23:46:55,462 - DEBUG - STREAM b'IHDR' 16 13
2026-04-28 23:46:55,463 - DEBUG - STREAM b'pHYs' 41 9
2026-04-28 23:46:55,463 - DEBUG - STREAM b'PLTE' 62 21
2026-04-28 23:46:55,463 - DEBUG - STREAM b'IDAT' 95 1799
2026-04-28 23:46:55,466 - DEBUG - Starting new HTTPS connection (1): mt0.google.com:443
2026-04-28 23:46:56,133 - DEBUG - https://mt0.google.com:443 "GET /vt/lyrs=m&hl=es&x=36771&y=1095671&z=21 HTTP/1.1" 200 178
2026-04-28 23:46:56,136 - DEBUG - STREAM b'IHDR' 16 13
2026-04-28 23:46:56,136 - DEBUG - STREAM b'pHYs' 41 9
2026-04-28 23:46:56,136 - DEBUG - STREAM b'PLTE' 62 3
2026-04-28 23:46:56,137 - DEBUG - STREAM b'IDAT' 77 85
2026-04-28 23:46:56,140 - DEBUG - Starting new HTTPS connection (1): mt0.google.com:443
2026-04-28 23:46:56,814 - DEBUG - https://mt0.google.com:443 "GET /vt/lyrs=m&hl=es&x=36767&y=1095671&z=21 HTTP/1.1" 200 178
2026-04-28 23:46:56,817 - DEBUG - STREAM b'IHDR' 16 13
2026-04-28 23:46:56,817 - DEBUG - STREAM b'pHYs' 41 9
2026-04-28 23:46:56,817 - DEBUG - STREAM b'PLTE' 62 3
2026-04-28 23:46:56,817 - DEBUG - STREAM b'IDAT' 77 85
2026-04-28 23:46:56,820 - DEBUG - Starting new HTTPS connection (1): mt0.google.com:443
2026-04-28 23:46:57,364 - INFO - ✅ Mapa actualizado: 420 clientes
2026-04-28 23:46:57,504 - DEBUG - https://mt0.google.com:443 "GET /vt/lyrs=m&hl=es&x=36767&y=68477&z=17 HTTP/1.1" 200 16899
2026-04-28 23:46:57,520 - DEBUG - STREAM b'IHDR' 16 13
2026-04-28 23:46:57,520 - DEBUG - STREAM b'pHYs' 41 9
2026-04-28 23:46:57,520 - DEBUG - STREAM b'PLTE' 62 153
2026-04-28 23:46:57,520 - DEBUG - STREAM b'IDAT' 227 16656
2026-04-28 23:46:57,523 - DEBUG - Starting new HTTPS connection (1): mt0.google.com:443
2026-04-28 23:46:58,328 - DEBUG - https://mt0.google.com:443 "GET /vt/lyrs=m&hl=es&x=36768&y=68477&z=17 HTTP/1.1" 200 19584
2026-04-28 23:46:58,446 - DEBUG - STREAM b'IHDR' 16 13
2026-04-28 23:46:58,447 - DEBUG - STREAM b'pHYs' 41 9
2026-04-28 23:46:58,447 - DEBUG - STREAM b'PLTE' 62 192
2026-04-28 23:46:58,447 - DEBUG - STREAM b'IDAT' 266 19302
2026-04-28 23:46:58,449 - DEBUG - Starting new HTTPS connection (1): mt0.google.com:443
2026-04-28 23:46:59,137 - DEBUG - https://mt0.google.com:443 "GET /vt/lyrs=m&hl=es&x=36769&y=68477&z=17 HTTP/1.1" 200 20530
2026-04-28 23:46:59,250 - DEBUG - STREAM b'IHDR' 16 13
2026-04-28 23:46:59,250 - DEBUG - STREAM b'pHYs' 41 9
2026-04-28 23:46:59,250 - DEBUG - STREAM b'PLTE' 62 168
2026-04-28 23:46:59,250 - DEBUG - STREAM b'IDAT' 242 20272
2026-04-28 23:46:59,254 - DEBUG - Starting new HTTPS connection (1): mt0.google.com:443
2026-04-28 23:46:59,927 - DEBUG - https://mt0.google.com:443 "GET /vt/lyrs=m&hl=es&x=36770&y=68477&z=17 HTTP/1.1" 200 18008
2026-04-28 23:47:00,064 - DEBUG - STREAM b'IHDR' 16 13
2026-04-28 23:47:00,064 - DEBUG - STREAM b'pHYs' 41 9
2026-04-28 23:47:00,064 - DEBUG - STREAM b'PLTE' 62 150
2026-04-28 23:47:00,064 - DEBUG - STREAM b'IDAT' 224 17768
2026-04-28 23:47:00,068 - DEBUG - Starting new HTTPS connection (1): mt0.google.com:443
2026-04-28 23:47:00,847 - DEBUG - https://mt0.google.com:443 "GET /vt/lyrs=m&hl=es&x=36771&y=68481&z=17 HTTP/1.1" 200 19341
2026-04-28 23:47:00,958 - DEBUG - STREAM b'IHDR' 16 13
2026-04-28 23:47:00,958 - DEBUG - STREAM b'pHYs' 41 9
2026-04-28 23:47:00,958 - DEBUG - STREAM b'PLTE' 62 126
2026-04-28 23:47:00,958 - DEBUG - STREAM b'IDAT' 200 19125
2026-04-28 23:47:00,960 - DEBUG - Starting new HTTPS connection (1): mt0.google.com:443
2026-04-28 23:47:01,647 - DEBUG - https://mt0.google.com:443 "GET /vt/lyrs=m&hl=es&x=36771&y=68477&z=17 HTTP/1.1" 200 18512
2026-04-28 23:47:01,763 - DEBUG - STREAM b'IHDR' 16 13
2026-04-28 23:47:01,763 - DEBUG - STREAM b'pHYs' 41 9
2026-04-28 23:47:01,763 - DEBUG - STREAM b'PLTE' 62 147
2026-04-28 23:47:01,763 - DEBUG - STREAM b'IDAT' 221 18275
2026-04-28 23:47:01,763 - DEBUG - Starting new HTTPS connection (1): mt0.google.com:443
2026-04-28 23:47:02,444 - DEBUG - https://mt0.google.com:443 "GET /vt/lyrs=m&hl=es&x=36771&y=68478&z=17 HTTP/1.1" 200 19102
2026-04-28 23:47:02,558 - DEBUG - STREAM b'IHDR' 16 13
2026-04-28 23:47:02,558 - DEBUG - STREAM b'pHYs' 41 9
2026-04-28 23:47:02,558 - DEBUG - STREAM b'PLTE' 62 156
2026-04-28 23:47:02,558 - DEBUG - STREAM b'IDAT' 230 18856
2026-04-28 23:47:02,561 - DEBUG - Starting new HTTPS connection (1): mt0.google.com:443
2026-04-28 23:47:03,233 - DEBUG - https://mt0.google.com:443 "GET /vt/lyrs=m&hl=es&x=36771&y=68479&z=17 HTTP/1.1" 200 12222
2026-04-28 23:47:03,237 - DEBUG - STREAM b'IHDR' 16 13
2026-04-28 23:47:03,237 - DEBUG - STREAM b'pHYs' 41 9
2026-04-28 23:47:03,237 - DEBUG - STREAM b'PLTE' 62 153
2026-04-28 23:47:03,237 - DEBUG - STREAM b'IDAT' 227 11979
2026-04-28 23:47:03,239 - DEBUG - Starting new HTTPS connection (1): mt0.google.com:443
2026-04-28 23:47:03,916 - DEBUG - https://mt0.google.com:443 "GET /vt/lyrs=m&hl=es&x=36771&y=68480&z=17 HTTP/1.1" 200 13871
2026-04-28 23:47:03,922 - DEBUG - STREAM b'IHDR' 16 13
2026-04-28 23:47:03,923 - DEBUG - STREAM b'pHYs' 41 9
2026-04-28 23:47:03,924 - DEBUG - STREAM b'PLTE' 62 129
2026-04-28 23:47:03,924 - DEBUG - STREAM b'IDAT' 203 13652
2026-04-28 23:47:03,926 - DEBUG - Starting new HTTPS connection (1): mt0.google.com:443
2026-04-28 23:47:04,608 - DEBUG - https://mt0.google.com:443 "GET /vt/lyrs=m&hl=es&x=36766&y=68482&z=17 HTTP/1.1" 200 18534
2026-04-28 23:47:04,718 - DEBUG - STREAM b'IHDR' 16 13
2026-04-28 23:47:04,718 - DEBUG - STREAM b'pHYs' 41 9
2026-04-28 23:47:04,718 - DEBUG - STREAM b'PLTE' 62 162
2026-04-28 23:47:04,718 - DEBUG - STREAM b'IDAT' 236 18282
2026-04-28 23:47:04,720 - DEBUG - Starting new HTTPS connection (1): mt0.google.com:443
2026-04-28 23:47:05,398 - DEBUG - https://mt0.google.com:443 "GET /vt/lyrs=m&hl=es&x=36766&y=68476&z=17 HTTP/1.1" 200 8674
2026-04-28 23:47:05,402 - DEBUG - STREAM b'IHDR' 16 13
2026-04-28 23:47:05,403 - DEBUG - STREAM b'pHYs' 41 9
2026-04-28 23:47:05,403 - DEBUG - STREAM b'PLTE' 62 87
2026-04-28 23:47:05,403 - DEBUG - STREAM b'IDAT' 161 8497
2026-04-28 23:47:05,405 - DEBUG - Starting new HTTPS connection (1): mt0.google.com:443
2026-04-28 23:47:06,077 - DEBUG - https://mt0.google.com:443 "GET /vt/lyrs=m&hl=es&x=36767&y=68482&z=17 HTTP/1.1" 200 17131
2026-04-28 23:47:06,194 - DEBUG - STREAM b'IHDR' 16 13
2026-04-28 23:47:06,194 - DEBUG - STREAM b'pHYs' 41 9
2026-04-28 23:47:06,194 - DEBUG - STREAM b'PLTE' 62 180
2026-04-28 23:47:06,194 - DEBUG - STREAM b'IDAT' 254 16861
2026-04-28 23:47:06,198 - DEBUG - Starting new HTTPS connection (1): mt0.google.com:443
2026-04-28 23:47:06,876 - DEBUG - https://mt0.google.com:443 "GET /vt/lyrs=m&hl=es&x=36767&y=68476&z=17 HTTP/1.1" 200 14130
2026-04-28 23:47:06,878 - DEBUG - STREAM b'IHDR' 16 13
2026-04-28 23:47:06,879 - DEBUG - STREAM b'pHYs' 41 9
2026-04-28 23:47:06,879 - DEBUG - STREAM b'PLTE' 62 96
2026-04-28 23:47:06,879 - DEBUG - STREAM b'IDAT' 170 13944
2026-04-28 23:47:06,880 - DEBUG - Starting new HTTPS connection (1): mt0.google.com:443
2026-04-28 23:47:07,565 - DEBUG - https://mt0.google.com:443 "GET /vt/lyrs=m&hl=es&x=36768&y=68482&z=17 HTTP/1.1" 200 19218
2026-04-28 23:47:07,678 - DEBUG - STREAM b'IHDR' 16 13
2026-04-28 23:47:07,678 - DEBUG - STREAM b'pHYs' 41 9
2026-04-28 23:47:07,678 - DEBUG - STREAM b'PLTE' 62 225
2026-04-28 23:47:07,678 - DEBUG - STREAM b'IDAT' 299 18903
2026-04-28 23:47:07,682 - DEBUG - Starting new HTTPS connection (1): mt0.google.com:443
2026-04-28 23:47:08,366 - DEBUG - https://mt0.google.com:443 "GET /vt/lyrs=m&hl=es&x=36768&y=68476&z=17 HTTP/1.1" 200 16345
2026-04-28 23:47:08,374 - DEBUG - STREAM b'IHDR' 16 13
2026-04-28 23:47:08,376 - DEBUG - STREAM b'pHYs' 41 9
2026-04-28 23:47:08,376 - DEBUG - STREAM b'PLTE' 62 237
2026-04-28 23:47:08,376 - DEBUG - STREAM b'IDAT' 311 16018
2026-04-28 23:47:08,378 - DEBUG - Starting new HTTPS connection (1): mt0.google.com:443
2026-04-28 23:47:08,578 - INFO - ✅ Mapa actualizado: 420 clientes
2026-04-28 23:47:09,144 - DEBUG - https://mt0.google.com:443 "GET /vt/lyrs=m&hl=es&x=36769&y=68482&z=17 HTTP/1.1" 200 18933
2026-04-28 23:47:09,267 - DEBUG - STREAM b'IHDR' 16 13
2026-04-28 23:47:09,267 - DEBUG - STREAM b'pHYs' 41 9
2026-04-28 23:47:09,267 - DEBUG - STREAM b'PLTE' 62 198
2026-04-28 23:47:09,267 - DEBUG - STREAM b'IDAT' 272 18645
2026-04-28 23:47:09,267 - DEBUG - Starting new HTTPS connection (1): mt0.google.com:443
2026-04-28 23:47:09,948 - DEBUG - https://mt0.google.com:443 "GET /vt/lyrs=m&hl=es&x=36769&y=68476&z=17 HTTP/1.1" 200 18847
2026-04-28 23:47:10,058 - DEBUG - STREAM b'IHDR' 16 13
2026-04-28 23:47:10,058 - DEBUG - STREAM b'pHYs' 41 9
2026-04-28 23:47:10,058 - DEBUG - STREAM b'PLTE' 62 186
2026-04-28 23:47:10,058 - DEBUG - STREAM b'IDAT' 260 18571
2026-04-28 23:47:10,143 - DEBUG - Starting new HTTPS connection (1): mt0.google.com:443
2026-04-28 23:47:10,867 - DEBUG - https://mt0.google.com:443 "GET /vt/lyrs=m&hl=es&x=36770&y=68482&z=17 HTTP/1.1" 200 17756
2026-04-28 23:47:10,972 - DEBUG - STREAM b'IHDR' 16 13
2026-04-28 23:47:10,972 - DEBUG - STREAM b'pHYs' 41 9
2026-04-28 23:47:10,972 - DEBUG - STREAM b'PLTE' 62 207
2026-04-28 23:47:10,972 - DEBUG - STREAM b'IDAT' 281 17459
2026-04-28 23:47:10,974 - DEBUG - Starting new HTTPS connection (1): mt0.google.com:443
2026-04-28 23:47:11,661 - DEBUG - https://mt0.google.com:443 "GET /vt/lyrs=m&hl=es&x=36770&y=68476&z=17 HTTP/1.1" 200 19949
2026-04-28 23:47:11,779 - DEBUG - STREAM b'IHDR' 16 13
2026-04-28 23:47:11,780 - DEBUG - STREAM b'pHYs' 41 9
2026-04-28 23:47:11,780 - DEBUG - STREAM b'PLTE' 62 216
2026-04-28 23:47:11,780 - DEBUG - STREAM b'IDAT' 290 19643
2026-04-28 23:47:11,781 - DEBUG - Starting new HTTPS connection (1): mt0.google.com:443
2026-04-28 23:47:12,567 - DEBUG - https://mt0.google.com:443 "GET /vt/lyrs=m&hl=es&x=36771&y=68482&z=17 HTTP/1.1" 200 17669
2026-04-28 23:47:12,681 - DEBUG - STREAM b'IHDR' 16 13
2026-04-28 23:47:12,681 - DEBUG - STREAM b'pHYs' 41 9
2026-04-28 23:47:12,681 - DEBUG - STREAM b'PLTE' 62 219
2026-04-28 23:47:12,681 - DEBUG - STREAM b'IDAT' 293 17360
2026-04-28 23:47:12,685 - DEBUG - Starting new HTTPS connection (1): mt0.google.com:443
2026-04-28 23:47:13,478 - DEBUG - https://mt0.google.com:443 "GET /vt/lyrs=m&hl=es&x=36771&y=68476&z=17 HTTP/1.1" 200 17585
2026-04-28 23:47:13,592 - DEBUG - STREAM b'IHDR' 16 13
2026-04-28 23:47:13,592 - DEBUG - STREAM b'pHYs' 41 9
2026-04-28 23:47:13,592 - DEBUG - STREAM b'PLTE' 62 171
2026-04-28 23:47:13,592 - DEBUG - STREAM b'IDAT' 245 17324
2026-04-28 23:47:13,596 - DEBUG - Starting new HTTPS connection (1): mt0.google.com:443
2026-04-28 23:47:14,386 - DEBUG - https://mt0.google.com:443 "GET /vt/lyrs=m&hl=es&x=36772&y=68482&z=17 HTTP/1.1" 200 11838
2026-04-28 23:47:14,387 - DEBUG - STREAM b'IHDR' 16 13
2026-04-28 23:47:14,387 - DEBUG - STREAM b'pHYs' 41 9
2026-04-28 23:47:14,387 - DEBUG - STREAM b'PLTE' 62 87
2026-04-28 23:47:14,388 - DEBUG - STREAM b'IDAT' 161 11661
2026-04-28 23:47:14,390 - DEBUG - Starting new HTTPS connection (1): mt0.google.com:443
2026-04-28 23:47:15,187 - DEBUG - https://mt0.google.com:443 "GET /vt/lyrs=m&hl=es&x=36772&y=68476&z=17 HTTP/1.1" 200 18579
2026-04-28 23:47:15,301 - DEBUG - STREAM b'IHDR' 16 13
2026-04-28 23:47:15,301 - DEBUG - STREAM b'pHYs' 41 9
2026-04-28 23:47:15,301 - DEBUG - STREAM b'PLTE' 62 213
2026-04-28 23:47:15,301 - DEBUG - STREAM b'IDAT' 287 18276
2026-04-28 23:47:15,306 - DEBUG - Starting new HTTPS connection (1): mt0.google.com:443
2026-04-28 23:47:16,134 - DEBUG - https://mt0.google.com:443 "GET /vt/lyrs=m&hl=es&x=36772&y=68477&z=17 HTTP/1.1" 200 16709
2026-04-28 23:47:16,154 - DEBUG - STREAM b'IHDR' 16 13
2026-04-28 23:47:16,155 - DEBUG - STREAM b'pHYs' 41 9
2026-04-28 23:47:16,155 - DEBUG - STREAM b'PLTE' 62 126
2026-04-28 23:47:16,155 - DEBUG - STREAM b'IDAT' 200 16493
2026-04-28 23:47:16,159 - DEBUG - Starting new HTTPS connection (1): mt0.google.com:443
2026-04-28 23:47:16,886 - DEBUG - https://mt0.google.com:443 "GET /vt/lyrs=m&hl=es&x=36766&y=68477&z=17 HTTP/1.1" 200 11135
2026-04-28 23:47:16,914 - DEBUG - STREAM b'IHDR' 16 13
2026-04-28 23:47:16,914 - DEBUG - STREAM b'pHYs' 41 9
2026-04-28 23:47:16,914 - DEBUG - STREAM b'PLTE' 62 117
2026-04-28 23:47:16,914 - DEBUG - STREAM b'IDAT' 191 10928
2026-04-28 23:47:16,920 - DEBUG - Starting new HTTPS connection (1): mt0.google.com:443
2026-04-28 23:47:17,715 - DEBUG - https://mt0.google.com:443 "GET /vt/lyrs=m&hl=es&x=36772&y=68478&z=17 HTTP/1.1" 200 18079
2026-04-28 23:47:17,769 - DEBUG - STREAM b'IHDR' 16 13
2026-04-28 23:47:17,769 - DEBUG - STREAM b'pHYs' 41 9
2026-04-28 23:47:17,769 - DEBUG - STREAM b'PLTE' 62 150
2026-04-28 23:47:17,769 - DEBUG - STREAM b'IDAT' 224 17839
2026-04-28 23:47:17,773 - DEBUG - Starting new HTTPS connection (1): mt0.google.com:443
2026-04-28 23:47:18,635 - DEBUG - https://mt0.google.com:443 "GET /vt/lyrs=m&hl=es&x=36766&y=68478&z=17 HTTP/1.1" 200 11064
2026-04-28 23:47:18,646 - DEBUG - STREAM b'IHDR' 16 13
2026-04-28 23:47:18,646 - DEBUG - STREAM b'pHYs' 41 9
2026-04-28 23:47:18,646 - DEBUG - STREAM b'PLTE' 62 162
2026-04-28 23:47:18,646 - DEBUG - STREAM b'IDAT' 236 10812
2026-04-28 23:47:18,650 - DEBUG - Starting new HTTPS connection (1): mt0.google.com:443
2026-04-28 23:47:19,447 - DEBUG - https://mt0.google.com:443 "GET /vt/lyrs=m&hl=es&x=36772&y=68479&z=17 HTTP/1.1" 200 8304
2026-04-28 23:47:19,462 - DEBUG - STREAM b'IHDR' 16 13
2026-04-28 23:47:19,463 - DEBUG - STREAM b'pHYs' 41 9
2026-04-28 23:47:19,463 - DEBUG - STREAM b'PLTE' 62 48
2026-04-28 23:47:19,463 - DEBUG - STREAM b'IDAT' 122 8166
2026-04-28 23:47:19,467 - DEBUG - Starting new HTTPS connection (1): mt0.google.com:443
2026-04-28 23:47:20,388 - DEBUG - https://mt0.google.com:443 "GET /vt/lyrs=m&hl=es&x=36766&y=68479&z=17 HTTP/1.1" 200 12630
2026-04-28 23:47:20,392 - DEBUG - STREAM b'IHDR' 16 13
2026-04-28 23:47:20,393 - DEBUG - STREAM b'pHYs' 41 9
2026-04-28 23:47:20,393 - DEBUG - STREAM b'PLTE' 62 150
2026-04-28 23:47:20,393 - DEBUG - STREAM b'IDAT' 224 12390
2026-04-28 23:47:20,397 - DEBUG - Starting new HTTPS connection (1): mt0.google.com:443
2026-04-28 23:47:21,362 - DEBUG - https://mt0.google.com:443 "GET /vt/lyrs=m&hl=es&x=36772&y=68480&z=17 HTTP/1.1" 200 1061
2026-04-28 23:47:21,366 - DEBUG - STREAM b'IHDR' 16 13
2026-04-28 23:47:21,366 - DEBUG - STREAM b'pHYs' 41 9
2026-04-28 23:47:21,367 - DEBUG - STREAM b'PLTE' 62 9
2026-04-28 23:47:21,367 - DEBUG - STREAM b'IDAT' 83 962
2026-04-28 23:47:21,369 - DEBUG - Starting new HTTPS connection (1): mt0.google.com:443
2026-04-28 23:47:22,318 - DEBUG - https://mt0.google.com:443 "GET /vt/lyrs=m&hl=es&x=36766&y=68480&z=17 HTTP/1.1" 200 19488
2026-04-28 23:47:22,411 - DEBUG - STREAM b'IHDR' 16 13
2026-04-28 23:47:22,412 - DEBUG - STREAM b'pHYs' 41 9
2026-04-28 23:47:22,412 - DEBUG - STREAM b'PLTE' 62 201
2026-04-28 23:47:22,412 - DEBUG - STREAM b'IDAT' 275 19197
2026-04-28 23:47:22,415 - DEBUG - Starting new HTTPS connection (1): mt0.google.com:443
2026-04-28 23:47:23,342 - DEBUG - https://mt0.google.com:443 "GET /vt/lyrs=m&hl=es&x=36772&y=68481&z=17 HTTP/1.1" 200 6938
2026-04-28 23:47:23,345 - DEBUG - STREAM b'IHDR' 16 13
2026-04-28 23:47:23,345 - DEBUG - STREAM b'pHYs' 41 9
2026-04-28 23:47:23,345 - DEBUG - STREAM b'PLTE' 62 84
2026-04-28 23:47:23,345 - DEBUG - STREAM b'IDAT' 158 6764
2026-04-28 23:47:23,354 - DEBUG - Starting new HTTPS connection (1): mt0.google.com:443
2026-04-28 23:47:24,369 - DEBUG - https://mt0.google.com:443 "GET /vt/lyrs=m&hl=es&x=36766&y=68481&z=17 HTTP/1.1" 200 14764
2026-04-28 23:47:24,376 - DEBUG - STREAM b'IHDR' 16 13
2026-04-28 23:47:24,376 - DEBUG - STREAM b'pHYs' 41 9
2026-04-28 23:47:24,377 - DEBUG - STREAM b'PLTE' 62 93
2026-04-28 23:47:24,377 - DEBUG - STREAM b'IDAT' 167 14581
2026-04-28 23:47:24,381 - DEBUG - Starting new HTTPS connection (1): mt0.google.com:443
2026-04-28 23:47:25,279 - DEBUG - https://mt0.google.com:443 "GET /vt/lyrs=m&hl=es&x=36765&y=68483&z=17 HTTP/1.1" 200 18298
2026-04-28 23:47:25,393 - DEBUG - STREAM b'IHDR' 16 13
2026-04-28 23:47:25,396 - DEBUG - STREAM b'pHYs' 41 9
2026-04-28 23:47:25,396 - DEBUG - STREAM b'PLTE' 62 156
2026-04-28 23:47:25,396 - DEBUG - STREAM b'IDAT' 230 18052
2026-04-28 23:47:25,397 - DEBUG - Starting new HTTPS connection (1): mt0.google.com:443
2026-04-28 23:47:26,188 - DEBUG - https://mt0.google.com:443 "GET /vt/lyrs=m&hl=es&x=36765&y=68475&z=17 HTTP/1.1" 200 4632
2026-04-28 23:47:26,196 - DEBUG - STREAM b'IHDR' 16 13
2026-04-28 23:47:26,196 - DEBUG - STREAM b'pHYs' 41 9
2026-04-28 23:47:26,196 - DEBUG - STREAM b'PLTE' 62 75
2026-04-28 23:47:26,196 - DEBUG - STREAM b'IDAT' 149 4467
2026-04-28 23:47:26,199 - DEBUG - Starting new HTTPS connection (1): mt0.google.com:443
2026-04-28 23:47:26,984 - DEBUG - https://mt0.google.com:443 "GET /vt/lyrs=m&hl=es&x=36766&y=68483&z=17 HTTP/1.1" 200 14309
2026-04-28 23:47:26,994 - DEBUG - STREAM b'IHDR' 16 13
2026-04-28 23:47:26,996 - DEBUG - STREAM b'pHYs' 41 9
2026-04-28 23:47:26,996 - DEBUG - STREAM b'PLTE' 62 117
2026-04-28 23:47:26,996 - DEBUG - STREAM b'IDAT' 191 14102
2026-04-28 23:47:26,998 - DEBUG - Starting new HTTPS connection (1): mt0.google.com:443
2026-04-28 23:47:27,938 - DEBUG - https://mt0.google.com:443 "GET /vt/lyrs=m&hl=es&x=36766&y=68475&z=17 HTTP/1.1" 200 4738
2026-04-28 23:47:27,940 - DEBUG - STREAM b'IHDR' 16 13
2026-04-28 23:47:27,940 - DEBUG - STREAM b'pHYs' 41 9
2026-04-28 23:47:27,940 - DEBUG - STREAM b'PLTE' 62 51
2026-04-28 23:47:27,940 - DEBUG - STREAM b'IDAT' 125 4597
2026-04-28 23:47:27,943 - DEBUG - Starting new HTTPS connection (1): mt0.google.com:443
2026-04-28 23:47:28,838 - DEBUG - https://mt0.google.com:443 "GET /vt/lyrs=m&hl=es&x=36767&y=68483&z=17 HTTP/1.1" 200 15803
2026-04-28 23:47:28,859 - DEBUG - STREAM b'IHDR' 16 13
2026-04-28 23:47:28,861 - DEBUG - STREAM b'pHYs' 41 9
2026-04-28 23:47:28,861 - DEBUG - STREAM b'PLTE' 62 198
2026-04-28 23:47:28,861 - DEBUG - STREAM b'IDAT' 272 15515
2026-04-28 23:47:28,865 - DEBUG - Starting new HTTPS connection (1): mt0.google.com:443
2026-04-28 23:47:29,757 - DEBUG - https://mt0.google.com:443 "GET /vt/lyrs=m&hl=es&x=36767&y=68475&z=17 HTTP/1.1" 200 7366
2026-04-28 23:47:29,760 - DEBUG - STREAM b'IHDR' 16 13
2026-04-28 23:47:29,761 - DEBUG - STREAM b'pHYs' 41 9
2026-04-28 23:47:29,761 - DEBUG - STREAM b'PLTE' 62 60
2026-04-28 23:47:29,761 - DEBUG - STREAM b'IDAT' 134 7216
2026-04-28 23:47:29,764 - DEBUG - Starting new HTTPS connection (1): mt0.google.com:443
2026-04-28 23:47:30,549 - DEBUG - https://mt0.google.com:443 "GET /vt/lyrs=m&hl=es&x=36768&y=68483&z=17 HTTP/1.1" 200 17485
2026-04-28 23:47:30,666 - DEBUG - STREAM b'IHDR' 16 13
2026-04-28 23:47:30,666 - DEBUG - STREAM b'pHYs' 41 9
2026-04-28 23:47:30,666 - DEBUG - STREAM b'PLTE' 62 201
2026-04-28 23:47:30,666 - DEBUG - STREAM b'IDAT' 275 17194
2026-04-28 23:47:30,669 - DEBUG - Starting new HTTPS connection (1): mt0.google.com:443
2026-04-28 23:47:31,459 - DEBUG - https://mt0.google.com:443 "GET /vt/lyrs=m&hl=es&x=36768&y=68475&z=17 HTTP/1.1" 200 15789
2026-04-28 23:47:31,473 - DEBUG - STREAM b'IHDR' 16 13
2026-04-28 23:47:31,473 - DEBUG - STREAM b'pHYs' 41 9
2026-04-28 23:47:31,473 - DEBUG - STREAM b'PLTE' 62 141
2026-04-28 23:47:31,473 - DEBUG - STREAM b'IDAT' 215 15558
2026-04-28 23:47:31,476 - DEBUG - Starting new HTTPS connection (1): mt0.google.com:443
2026-04-28 23:47:32,378 - DEBUG - https://mt0.google.com:443 "GET /vt/lyrs=m&hl=es&x=36769&y=68483&z=17 HTTP/1.1" 200 16125
2026-04-28 23:47:32,392 - DEBUG - STREAM b'IHDR' 16 13
2026-04-28 23:47:32,392 - DEBUG - STREAM b'pHYs' 41 9
2026-04-28 23:47:32,392 - DEBUG - STREAM b'PLTE' 62 141
2026-04-28 23:47:32,392 - DEBUG - STREAM b'IDAT' 215 15894
2026-04-28 23:47:32,394 - DEBUG - Starting new HTTPS connection (1): mt0.google.com:443
2026-04-28 23:47:33,282 - DEBUG - https://mt0.google.com:443 "GET /vt/lyrs=m&hl=es&x=36769&y=68475&z=17 HTTP/1.1" 200 17917
2026-04-28 23:47:33,398 - DEBUG - STREAM b'IHDR' 16 13
2026-04-28 23:47:33,399 - DEBUG - STREAM b'pHYs' 41 9
2026-04-28 23:47:33,399 - DEBUG - STREAM b'PLTE' 62 222
2026-04-28 23:47:33,399 - DEBUG - STREAM b'IDAT' 296 17605
2026-04-28 23:47:33,401 - DEBUG - Starting new HTTPS connection (1): mt0.google.com:443
2026-04-28 23:47:34,203 - DEBUG - https://mt0.google.com:443 "GET /vt/lyrs=m&hl=es&x=36770&y=68483&z=17 HTTP/1.1" 200 17961
2026-04-28 23:47:34,307 - DEBUG - STREAM b'IHDR' 16 13
2026-04-28 23:47:34,307 - DEBUG - STREAM b'pHYs' 41 9
2026-04-28 23:47:34,307 - DEBUG - STREAM b'PLTE' 62 168
2026-04-28 23:47:34,307 - DEBUG - STREAM b'IDAT' 242 17703
2026-04-28 23:47:34,311 - DEBUG - Starting new HTTPS connection (1): mt0.google.com:443
2026-04-28 23:47:35,213 - DEBUG - https://mt0.google.com:443 "GET /vt/lyrs=m&hl=es&x=36770&y=68475&z=17 HTTP/1.1" 200 19338
2026-04-28 23:47:35,329 - DEBUG - STREAM b'IHDR' 16 13
2026-04-28 23:47:35,329 - DEBUG - STREAM b'pHYs' 41 9
2026-04-28 23:47:35,329 - DEBUG - STREAM b'PLTE' 62 153
2026-04-28 23:47:35,329 - DEBUG - STREAM b'IDAT' 227 19095
2026-04-28 23:47:35,333 - DEBUG - Starting new HTTPS connection (1): mt0.google.com:443
2026-04-28 23:47:36,130 - DEBUG - https://mt0.google.com:443 "GET /vt/lyrs=m&hl=es&x=36771&y=68483&z=17 HTTP/1.1" 200 18348
2026-04-28 23:47:36,245 - DEBUG - STREAM b'IHDR' 16 13
2026-04-28 23:47:36,245 - DEBUG - STREAM b'pHYs' 41 9
2026-04-28 23:47:36,245 - DEBUG - STREAM b'PLTE' 62 219
2026-04-28 23:47:36,245 - DEBUG - STREAM b'IDAT' 293 18039
2026-04-28 23:47:36,248 - DEBUG - Starting new HTTPS connection (1): mt0.google.com:443
2026-04-28 23:47:37,026 - DEBUG - https://mt0.google.com:443 "GET /vt/lyrs=m&hl=es&x=36771&y=68475&z=17 HTTP/1.1" 200 13980
2026-04-28 23:47:37,031 - DEBUG - STREAM b'IHDR' 16 13
2026-04-28 23:47:37,031 - DEBUG - STREAM b'pHYs' 41 9
2026-04-28 23:47:37,031 - DEBUG - STREAM b'PLTE' 62 135
2026-04-28 23:47:37,031 - DEBUG - STREAM b'IDAT' 209 13755
2026-04-28 23:47:37,034 - DEBUG - Starting new HTTPS connection (1): mt0.google.com:443
2026-04-28 23:47:37,838 - DEBUG - https://mt0.google.com:443 "GET /vt/lyrs=m&hl=es&x=36772&y=68483&z=17 HTTP/1.1" 200 13919
2026-04-28 23:47:37,846 - DEBUG - STREAM b'IHDR' 16 13
2026-04-28 23:47:37,846 - DEBUG - STREAM b'pHYs' 41 9
2026-04-28 23:47:37,846 - DEBUG - STREAM b'PLTE' 62 162
2026-04-28 23:47:37,846 - DEBUG - STREAM b'IDAT' 236 13667
2026-04-28 23:47:37,848 - DEBUG - Starting new HTTPS connection (1): mt0.google.com:443
2026-04-28 23:47:38,639 - DEBUG - https://mt0.google.com:443 "GET /vt/lyrs=m&hl=es&x=36772&y=68475&z=17 HTTP/1.1" 200 14525
2026-04-28 23:47:38,641 - DEBUG - STREAM b'IHDR' 16 13
2026-04-28 23:47:38,641 - DEBUG - STREAM b'pHYs' 41 9
2026-04-28 23:47:38,641 - DEBUG - STREAM b'PLTE' 62 105
2026-04-28 23:47:38,641 - DEBUG - STREAM b'IDAT' 179 14330
2026-04-28 23:47:38,644 - DEBUG - Starting new HTTPS connection (1): mt0.google.com:443
2026-04-28 23:47:39,476 - DEBUG - https://mt0.google.com:443 "GET /vt/lyrs=m&hl=es&x=36773&y=68483&z=17 HTTP/1.1" 200 20137
2026-04-28 23:47:39,583 - DEBUG - STREAM b'IHDR' 16 13
2026-04-28 23:47:39,583 - DEBUG - STREAM b'pHYs' 41 9
2026-04-28 23:47:39,583 - DEBUG - STREAM b'PLTE' 62 207
2026-04-28 23:47:39,583 - DEBUG - STREAM b'IDAT' 281 19840
2026-04-28 23:47:39,583 - DEBUG - Starting new HTTPS connection (1): mt0.google.com:443
2026-04-28 23:47:40,523 - DEBUG - https://mt0.google.com:443 "GET /vt/lyrs=m&hl=es&x=36773&y=68475&z=17 HTTP/1.1" 200 10709
2026-04-28 23:47:40,526 - DEBUG - STREAM b'IHDR' 16 13
2026-04-28 23:47:40,526 - DEBUG - STREAM b'pHYs' 41 9
2026-04-28 23:47:40,526 - DEBUG - STREAM b'PLTE' 62 105
2026-04-28 23:47:40,526 - DEBUG - STREAM b'IDAT' 179 10514
2026-04-28 23:47:40,530 - DEBUG - Starting new HTTPS connection (1): mt0.google.com:443
2026-04-28 23:47:41,317 - DEBUG - https://mt0.google.com:443 "GET /vt/lyrs=m&hl=es&x=36773&y=68476&z=17 HTTP/1.1" 200 10368
2026-04-28 23:47:41,319 - DEBUG - STREAM b'IHDR' 16 13
2026-04-28 23:47:41,319 - DEBUG - STREAM b'pHYs' 41 9
2026-04-28 23:47:41,319 - DEBUG - STREAM b'PLTE' 62 153
2026-04-28 23:47:41,319 - DEBUG - STREAM b'IDAT' 227 10125
2026-04-28 23:47:41,343 - DEBUG - Starting new HTTPS connection (1): mt0.google.com:443
2026-04-28 23:47:42,232 - DEBUG - https://mt0.google.com:443 "GET /vt/lyrs=m&hl=es&x=36765&y=68476&z=17 HTTP/1.1" 200 4616
2026-04-28 23:47:42,235 - DEBUG - STREAM b'IHDR' 16 13
2026-04-28 23:47:42,235 - DEBUG - STREAM b'pHYs' 41 9
2026-04-28 23:47:42,235 - DEBUG - STREAM b'PLTE' 62 42
2026-04-28 23:47:42,235 - DEBUG - STREAM b'IDAT' 116 4484
2026-04-28 23:47:42,241 - DEBUG - Starting new HTTPS connection (1): mt0.google.com:443
2026-04-28 23:47:43,137 - DEBUG - https://mt0.google.com:443 "GET /vt/lyrs=m&hl=es&x=36773&y=68477&z=17 HTTP/1.1" 200 12498
2026-04-28 23:47:43,139 - DEBUG - STREAM b'IHDR' 16 13
2026-04-28 23:47:43,141 - DEBUG - STREAM b'pHYs' 41 9
2026-04-28 23:47:43,141 - DEBUG - STREAM b'PLTE' 62 141
2026-04-28 23:47:43,141 - DEBUG - STREAM b'IDAT' 215 12267
2026-04-28 23:47:43,142 - DEBUG - Starting new HTTPS connection (1): mt0.google.com:443
2026-04-28 23:47:43,945 - DEBUG - https://mt0.google.com:443 "GET /vt/lyrs=m&hl=es&x=36765&y=68477&z=17 HTTP/1.1" 200 10525
2026-04-28 23:47:43,947 - DEBUG - STREAM b'IHDR' 16 13
2026-04-28 23:47:43,947 - DEBUG - STREAM b'pHYs' 41 9
2026-04-28 23:47:43,947 - DEBUG - STREAM b'PLTE' 62 75
2026-04-28 23:47:43,947 - DEBUG - STREAM b'IDAT' 149 10360
2026-04-28 23:47:43,951 - DEBUG - Starting new HTTPS connection (1): mt0.google.com:443
2026-04-28 23:47:44,884 - DEBUG - https://mt0.google.com:443 "GET /vt/lyrs=m&hl=es&x=36773&y=68478&z=17 HTTP/1.1" 200 17354
2026-04-28 23:47:45,010 - DEBUG - STREAM b'IHDR' 16 13
2026-04-28 23:47:45,010 - DEBUG - STREAM b'pHYs' 41 9
2026-04-28 23:47:45,010 - DEBUG - STREAM b'PLTE' 62 201
2026-04-28 23:47:45,010 - DEBUG - STREAM b'IDAT' 275 17063
2026-04-28 23:47:45,017 - DEBUG - Starting new HTTPS connection (1): mt0.google.com:443
2026-04-28 23:47:46,295 - DEBUG - https://mt0.google.com:443 "GET /vt/lyrs=m&hl=es&x=36765&y=68478&z=17 HTTP/1.1" 200 15436
2026-04-28 23:47:46,399 - DEBUG - STREAM b'IHDR' 16 13
2026-04-28 23:47:46,399 - DEBUG - STREAM b'pHYs' 41 9
2026-04-28 23:47:46,399 - DEBUG - STREAM b'PLTE' 62 138
2026-04-28 23:47:46,399 - DEBUG - STREAM b'IDAT' 212 15208
2026-04-28 23:47:46,405 - DEBUG - Starting new HTTPS connection (1): mt0.google.com:443
2026-04-28 23:47:47,543 - DEBUG - https://mt0.google.com:443 "GET /vt/lyrs=m&hl=es&x=36773&y=68479&z=17 HTTP/1.1" 200 14190
2026-04-28 23:47:47,556 - DEBUG - STREAM b'IHDR' 16 13
2026-04-28 23:47:47,557 - DEBUG - STREAM b'pHYs' 41 9
2026-04-28 23:47:47,557 - DEBUG - STREAM b'PLTE' 62 186
2026-04-28 23:47:47,557 - DEBUG - STREAM b'IDAT' 260 13914
2026-04-28 23:47:47,560 - DEBUG - Starting new HTTPS connection (1): mt0.google.com:443
2026-04-28 23:47:49,063 - DEBUG - https://mt0.google.com:443 "GET /vt/lyrs=m&hl=es&x=36765&y=68479&z=17 HTTP/1.1" 200 21340
2026-04-28 23:47:49,303 - DEBUG - STREAM b'IHDR' 16 13
2026-04-28 23:47:49,303 - DEBUG - STREAM b'pHYs' 41 9
2026-04-28 23:47:49,304 - DEBUG - STREAM b'PLTE' 62 210
2026-04-28 23:47:49,304 - DEBUG - STREAM b'IDAT' 284 21040
2026-04-28 23:47:49,308 - DEBUG - Starting new HTTPS connection (1): mt0.google.com:443
2026-04-28 23:47:50,464 - DEBUG - https://mt0.google.com:443 "GET /vt/lyrs=m&hl=es&x=36773&y=68480&z=17 HTTP/1.1" 200 3681
2026-04-28 23:47:50,467 - DEBUG - STREAM b'IHDR' 16 13
2026-04-28 23:47:50,468 - DEBUG - STREAM b'pHYs' 41 9
2026-04-28 23:47:50,468 - DEBUG - STREAM b'PLTE' 62 42
2026-04-28 23:47:50,468 - DEBUG - STREAM b'IDAT' 116 3549
2026-04-28 23:47:50,471 - DEBUG - Starting new HTTPS connection (1): mt0.google.com:443
2026-04-28 23:47:51,483 - DEBUG - https://mt0.google.com:443 "GET /vt/lyrs=m&hl=es&x=36765&y=68480&z=17 HTTP/1.1" 200 18254
2026-04-28 23:47:51,600 - DEBUG - STREAM b'IHDR' 16 13
2026-04-28 23:47:51,600 - DEBUG - STREAM b'pHYs' 41 9
2026-04-28 23:47:51,600 - DEBUG - STREAM b'PLTE' 62 177
2026-04-28 23:47:51,600 - DEBUG - STREAM b'IDAT' 251 17987
2026-04-28 23:47:51,604 - DEBUG - Starting new HTTPS connection (1): mt0.google.com:443
2026-04-28 23:47:52,420 - DEBUG - https://mt0.google.com:443 "GET /vt/lyrs=m&hl=es&x=36773&y=68481&z=17 HTTP/1.1" 200 15612
2026-04-28 23:47:52,442 - DEBUG - STREAM b'IHDR' 16 13
2026-04-28 23:47:52,444 - DEBUG - STREAM b'pHYs' 41 9
2026-04-28 23:47:52,444 - DEBUG - STREAM b'PLTE' 62 165
2026-04-28 23:47:52,444 - DEBUG - STREAM b'IDAT' 239 15357
2026-04-28 23:47:52,444 - DEBUG - Starting new HTTPS connection (1): mt0.google.com:443
2026-04-28 23:47:53,338 - DEBUG - https://mt0.google.com:443 "GET /vt/lyrs=m&hl=es&x=36765&y=68481&z=17 HTTP/1.1" 200 18745
2026-04-28 23:47:53,459 - DEBUG - STREAM b'IHDR' 16 13
2026-04-28 23:47:53,460 - DEBUG - STREAM b'pHYs' 41 9
2026-04-28 23:47:53,460 - DEBUG - STREAM b'PLTE' 62 186
2026-04-28 23:47:53,460 - DEBUG - STREAM b'IDAT' 260 18469
2026-04-28 23:47:53,464 - DEBUG - Starting new HTTPS connection (1): mt0.google.com:443
2026-04-28 23:47:54,408 - DEBUG - https://mt0.google.com:443 "GET /vt/lyrs=m&hl=es&x=36773&y=68482&z=17 HTTP/1.1" 200 13382
2026-04-28 23:47:54,413 - DEBUG - STREAM b'IHDR' 16 13
2026-04-28 23:47:54,413 - DEBUG - STREAM b'pHYs' 41 9
2026-04-28 23:47:54,413 - DEBUG - STREAM b'PLTE' 62 120
2026-04-28 23:47:54,413 - DEBUG - STREAM b'IDAT' 194 13172
2026-04-28 23:47:54,416 - DEBUG - Starting new HTTPS connection (1): mt0.google.com:443
2026-04-28 23:47:55,332 - DEBUG - https://mt0.google.com:443 "GET /vt/lyrs=m&hl=es&x=36765&y=68482&z=17 HTTP/1.1" 200 17577
2026-04-28 23:47:55,468 - DEBUG - STREAM b'IHDR' 16 13
2026-04-28 23:47:55,468 - DEBUG - STREAM b'pHYs' 41 9
2026-04-28 23:47:55,468 - DEBUG - STREAM b'PLTE' 62 132
2026-04-28 23:47:55,468 - DEBUG - STREAM b'IDAT' 206 17355
2026-04-28 23:47:55,469 - DEBUG - Starting new HTTPS connection (1): mt0.google.com:443
2026-04-28 23:47:56,386 - DEBUG - https://mt0.google.com:443 "GET /vt/lyrs=m&hl=es&x=36764&y=68484&z=17 HTTP/1.1" 200 15528
2026-04-28 23:47:56,394 - DEBUG - STREAM b'IHDR' 16 13
2026-04-28 23:47:56,394 - DEBUG - STREAM b'pHYs' 41 9
2026-04-28 23:47:56,394 - DEBUG - STREAM b'PLTE' 62 195
2026-04-28 23:47:56,394 - DEBUG - STREAM b'IDAT' 269 15243
2026-04-28 23:47:56,398 - DEBUG - Starting new HTTPS connection (1): mt0.google.com:443
2026-04-28 23:47:57,456 - DEBUG - https://mt0.google.com:443 "GET /vt/lyrs=m&hl=es&x=36764&y=68474&z=17 HTTP/1.1" 200 714
2026-04-28 23:47:57,464 - DEBUG - STREAM b'IHDR' 16 13
2026-04-28 23:47:57,464 - DEBUG - STREAM b'pHYs' 41 9
2026-04-28 23:47:57,465 - DEBUG - STREAM b'PLTE' 62 24
2026-04-28 23:47:57,465 - DEBUG - STREAM b'IDAT' 98 600
2026-04-28 23:47:57,467 - DEBUG - Starting new HTTPS connection (1): mt0.google.com:443
2026-04-28 23:47:58,973 - DEBUG - https://mt0.google.com:443 "GET /vt/lyrs=m&hl=es&x=36765&y=68484&z=17 HTTP/1.1" 200 18583
2026-04-28 23:47:59,327 - DEBUG - STREAM b'IHDR' 16 13
2026-04-28 23:47:59,327 - DEBUG - STREAM b'pHYs' 41 9
2026-04-28 23:47:59,327 - DEBUG - STREAM b'PLTE' 62 156
2026-04-28 23:47:59,327 - DEBUG - STREAM b'IDAT' 230 18337
2026-04-28 23:47:59,331 - DEBUG - Starting new HTTPS connection (1): mt0.google.com:443
2026-04-28 23:48:00,953 - DEBUG - https://mt0.google.com:443 "GET /vt/lyrs=m&hl=es&x=36765&y=68474&z=17 HTTP/1.1" 200 1233
2026-04-28 23:48:00,956 - DEBUG - STREAM b'IHDR' 16 13
2026-04-28 23:48:00,956 - DEBUG - STREAM b'pHYs' 41 9
2026-04-28 23:48:00,956 - DEBUG - STREAM b'PLTE' 62 45
2026-04-28 23:48:00,956 - DEBUG - STREAM b'IDAT' 119 1098
2026-04-28 23:48:00,958 - DEBUG - Starting new HTTPS connection (1): mt0.google.com:443
2026-04-28 23:48:02,460 - DEBUG - https://mt0.google.com:443 "GET /vt/lyrs=m&hl=es&x=36766&y=68484&z=17 HTTP/1.1" 200 16393
2026-04-28 23:48:02,685 - DEBUG - STREAM b'IHDR' 16 13
2026-04-28 23:48:02,685 - DEBUG - STREAM b'pHYs' 41 9
2026-04-28 23:48:02,685 - DEBUG - STREAM b'PLTE' 62 120
2026-04-28 23:48:02,685 - DEBUG - STREAM b'IDAT' 194 16183
2026-04-28 23:48:02,689 - DEBUG - Starting new HTTPS connection (1): mt0.google.com:443
2026-04-28 23:48:04,190 - DEBUG - https://mt0.google.com:443 "GET /vt/lyrs=m&hl=es&x=36766&y=68474&z=17 HTTP/1.1" 200 2133
2026-04-28 23:48:04,197 - DEBUG - STREAM b'IHDR' 16 13
2026-04-28 23:48:04,198 - DEBUG - STREAM b'pHYs' 41 9
2026-04-28 23:48:04,198 - DEBUG - STREAM b'PLTE' 62 93
2026-04-28 23:48:04,198 - DEBUG - STREAM b'IDAT' 167 1950
2026-04-28 23:48:04,202 - DEBUG - Starting new HTTPS connection (1): mt0.google.com:443
2026-04-28 23:48:05,629 - DEBUG - https://mt0.google.com:443 "GET /vt/lyrs=m&hl=es&x=36767&y=68484&z=17 HTTP/1.1" 200 17315
2026-04-28 23:48:06,076 - DEBUG - STREAM b'IHDR' 16 13
2026-04-28 23:48:06,077 - DEBUG - STREAM b'pHYs' 41 9
2026-04-28 23:48:06,077 - DEBUG - STREAM b'PLTE' 62 90
2026-04-28 23:48:06,077 - DEBUG - STREAM b'IDAT' 164 17135
2026-04-28 23:48:06,079 - DEBUG - Starting new HTTPS connection (1): mt0.google.com:443
2026-04-28 23:48:07,404 - DEBUG - https://mt0.google.com:443 "GET /vt/lyrs=m&hl=es&x=36767&y=68474&z=17 HTTP/1.1" 200 875
2026-04-28 23:48:07,405 - DEBUG - STREAM b'IHDR' 16 13
2026-04-28 23:48:07,405 - DEBUG - STREAM b'pHYs' 41 9
2026-04-28 23:48:07,405 - DEBUG - STREAM b'PLTE' 62 27
2026-04-28 23:48:07,405 - DEBUG - STREAM b'IDAT' 101 758
2026-04-28 23:48:07,407 - DEBUG - Starting new HTTPS connection (1): mt0.google.com:443
2026-04-28 23:48:09,034 - DEBUG - https://mt0.google.com:443 "GET /vt/lyrs=m&hl=es&x=36768&y=68484&z=17 HTTP/1.1" 200 17244
2026-04-28 23:48:09,360 - DEBUG - STREAM b'IHDR' 16 13
2026-04-28 23:48:09,360 - DEBUG - STREAM b'pHYs' 41 9
2026-04-28 23:48:09,360 - DEBUG - STREAM b'PLTE' 62 96
2026-04-28 23:48:09,360 - DEBUG - STREAM b'IDAT' 170 17058
2026-04-28 23:48:09,364 - DEBUG - Starting new HTTPS connection (1): mt0.google.com:443
2026-04-28 23:48:10,177 - DEBUG - https://mt0.google.com:443 "GET /vt/lyrs=m&hl=es&x=36768&y=68474&z=17 HTTP/1.1" 200 5860
2026-04-28 23:48:10,182 - DEBUG - STREAM b'IHDR' 16 13
2026-04-28 23:48:10,182 - DEBUG - STREAM b'pHYs' 41 9
2026-04-28 23:48:10,182 - DEBUG - STREAM b'PLTE' 62 42
2026-04-28 23:48:10,182 - DEBUG - STREAM b'IDAT' 116 5728
2026-04-28 23:48:10,185 - DEBUG - Starting new HTTPS connection (1): mt0.google.com:443
2026-04-28 23:48:11,808 - DEBUG - https://mt0.google.com:443 "GET /vt/lyrs=m&hl=es&x=36769&y=68484&z=17 HTTP/1.1" 200 18470
2026-04-28 23:48:12,305 - DEBUG - STREAM b'IHDR' 16 13
2026-04-28 23:48:12,305 - DEBUG - STREAM b'pHYs' 41 9
2026-04-28 23:48:12,305 - DEBUG - STREAM b'PLTE' 62 120
2026-04-28 23:48:12,305 - DEBUG - STREAM b'IDAT' 194 18260
2026-04-28 23:48:12,307 - DEBUG - Starting new HTTPS connection (1): mt0.google.com:443
2026-04-28 23:48:14,981 - DEBUG - https://mt0.google.com:443 "GET /vt/lyrs=m&hl=es&x=36769&y=68474&z=17 HTTP/1.1" 200 11566
2026-04-28 23:48:15,202 - DEBUG - STREAM b'IHDR' 16 13
2026-04-28 23:48:15,202 - DEBUG - STREAM b'pHYs' 41 9
2026-04-28 23:48:15,203 - DEBUG - STREAM b'PLTE' 62 90
2026-04-28 23:48:15,203 - DEBUG - STREAM b'IDAT' 164 11386
2026-04-28 23:48:15,206 - DEBUG - Starting new HTTPS connection (1): mt0.google.com:443
2026-04-28 23:48:18,693 - DEBUG - https://mt0.google.com:443 "GET /vt/lyrs=m&hl=es&x=36770&y=68484&z=17 HTTP/1.1" 200 18312
2026-04-28 23:48:19,636 - DEBUG - STREAM b'IHDR' 16 13
2026-04-28 23:48:19,636 - DEBUG - STREAM b'pHYs' 41 9
2026-04-28 23:48:19,636 - DEBUG - STREAM b'PLTE' 62 138
2026-04-28 23:48:19,636 - DEBUG - STREAM b'IDAT' 212 18084
2026-04-28 23:48:19,641 - DEBUG - Starting new HTTPS connection (1): mt0.google.com:443
2026-04-28 23:48:21,760 - DEBUG - https://mt0.google.com:443 "GET /vt/lyrs=m&hl=es&x=36770&y=68474&z=17 HTTP/1.1" 200 14468
2026-04-28 23:48:21,967 - DEBUG - STREAM b'IHDR' 16 13
2026-04-28 23:48:21,967 - DEBUG - STREAM b'pHYs' 41 9
2026-04-28 23:48:21,967 - DEBUG - STREAM b'PLTE' 62 126
2026-04-28 23:48:21,967 - DEBUG - STREAM b'IDAT' 200 14252
2026-04-28 23:48:21,969 - DEBUG - Starting new HTTPS connection (1): mt0.google.com:443
2026-04-28 23:48:23,087 - DEBUG - https://mt0.google.com:443 "GET /vt/lyrs=m&hl=es&x=36771&y=68484&z=17 HTTP/1.1" 200 18186
2026-04-28 23:48:23,218 - DEBUG - STREAM b'IHDR' 16 13
2026-04-28 23:48:23,219 - DEBUG - STREAM b'pHYs' 41 9
2026-04-28 23:48:23,219 - DEBUG - STREAM b'PLTE' 62 123
2026-04-28 23:48:23,219 - DEBUG - STREAM b'IDAT' 197 17973
2026-04-28 23:48:23,223 - DEBUG - Starting new HTTPS connection (1): mt0.google.com:443
2026-04-28 23:48:24,073 - DEBUG - https://mt0.google.com:443 "GET /vt/lyrs=m&hl=es&x=36771&y=68474&z=17 HTTP/1.1" 200 14270
2026-04-28 23:48:24,083 - DEBUG - STREAM b'IHDR' 16 13
2026-04-28 23:48:24,084 - DEBUG - STREAM b'pHYs' 41 9
2026-04-28 23:48:24,084 - DEBUG - STREAM b'PLTE' 62 111
2026-04-28 23:48:24,084 - DEBUG - STREAM b'IDAT' 185 14069
2026-04-28 23:48:24,089 - DEBUG - Starting new HTTPS connection (1): mt0.google.com:443
2026-04-28 23:48:25,201 - DEBUG - https://mt0.google.com:443 "GET /vt/lyrs=m&hl=es&x=36772&y=68484&z=17 HTTP/1.1" 200 10246
2026-04-28 23:48:25,210 - DEBUG - STREAM b'IHDR' 16 13
2026-04-28 23:48:25,210 - DEBUG - STREAM b'pHYs' 41 9
2026-04-28 23:48:25,210 - DEBUG - STREAM b'PLTE' 62 135
2026-04-28 23:48:25,210 - DEBUG - STREAM b'IDAT' 209 10021
2026-04-28 23:48:25,214 - DEBUG - Starting new HTTPS connection (1): mt0.google.com:443
2026-04-28 23:48:26,226 - DEBUG - https://mt0.google.com:443 "GET /vt/lyrs=m&hl=es&x=36772&y=68474&z=17 HTTP/1.1" 200 9980
2026-04-28 23:48:26,229 - DEBUG - STREAM b'IHDR' 16 13
2026-04-28 23:48:26,231 - DEBUG - STREAM b'pHYs' 41 9
2026-04-28 23:48:26,231 - DEBUG - STREAM b'PLTE' 62 72
2026-04-28 23:48:26,231 - DEBUG - STREAM b'IDAT' 146 9818
2026-04-28 23:48:26,234 - DEBUG - Starting new HTTPS connection (1): mt0.google.com:443
2026-04-28 23:48:27,253 - DEBUG - https://mt0.google.com:443 "GET /vt/lyrs=m&hl=es&x=36773&y=68484&z=17 HTTP/1.1" 200 19590
2026-04-28 23:48:27,486 - DEBUG - STREAM b'IHDR' 16 13
2026-04-28 23:48:27,486 - DEBUG - STREAM b'pHYs' 41 9
2026-04-28 23:48:27,486 - DEBUG - STREAM b'PLTE' 62 225
2026-04-28 23:48:27,486 - DEBUG - STREAM b'IDAT' 299 19275
2026-04-28 23:48:27,490 - DEBUG - Starting new HTTPS connection (1): mt0.google.com:443
2026-04-28 23:48:28,323 - DEBUG - https://mt0.google.com:443 "GET /vt/lyrs=m&hl=es&x=36773&y=68474&z=17 HTTP/1.1" 200 3831
2026-04-28 23:48:28,325 - DEBUG - STREAM b'IHDR' 16 13
2026-04-28 23:48:28,325 - DEBUG - STREAM b'pHYs' 41 9
2026-04-28 23:48:28,325 - DEBUG - STREAM b'PLTE' 62 42
2026-04-28 23:48:28,325 - DEBUG - STREAM b'IDAT' 116 3699
2026-04-28 23:48:28,329 - DEBUG - Starting new HTTPS connection (1): mt0.google.com:443
2026-04-28 23:48:29,415 - DEBUG - https://mt0.google.com:443 "GET /vt/lyrs=m&hl=es&x=36774&y=68484&z=17 HTTP/1.1" 200 22766
2026-04-28 23:48:29,653 - DEBUG - STREAM b'IHDR' 16 13
2026-04-28 23:48:29,654 - DEBUG - STREAM b'pHYs' 41 9
2026-04-28 23:48:29,654 - DEBUG - STREAM b'PLTE' 62 183
2026-04-28 23:48:29,654 - DEBUG - STREAM b'IDAT' 257 22493
2026-04-28 23:48:29,657 - DEBUG - Starting new HTTPS connection (1): mt0.google.com:443
2026-04-28 23:48:30,841 - DEBUG - https://mt0.google.com:443 "GET /vt/lyrs=m&hl=es&x=36774&y=68474&z=17 HTTP/1.1" 200 594
2026-04-28 23:48:30,845 - DEBUG - STREAM b'IHDR' 16 13
2026-04-28 23:48:30,845 - DEBUG - STREAM b'pHYs' 41 9
2026-04-28 23:48:30,845 - DEBUG - STREAM b'PLTE' 62 18
2026-04-28 23:48:30,848 - DEBUG - STREAM b'IDAT' 92 486
2026-04-28 23:48:30,851 - DEBUG - Starting new HTTPS connection (1): mt0.google.com:443
2026-04-28 23:48:32,337 - DEBUG - https://mt0.google.com:443 "GET /vt/lyrs=m&hl=es&x=36774&y=68475&z=17 HTTP/1.1" 200 4993
2026-04-28 23:48:32,340 - DEBUG - STREAM b'IHDR' 16 13
2026-04-28 23:48:32,340 - DEBUG - STREAM b'pHYs' 41 9
2026-04-28 23:48:32,340 - DEBUG - STREAM b'PLTE' 62 150
2026-04-28 23:48:32,340 - DEBUG - STREAM b'IDAT' 224 4753
2026-04-28 23:48:32,343 - DEBUG - Starting new HTTPS connection (1): mt0.google.com:443
2026-04-28 23:48:33,608 - DEBUG - https://mt0.google.com:443 "GET /vt/lyrs=m&hl=es&x=36764&y=68475&z=17 HTTP/1.1" 200 9357
2026-04-28 23:48:33,616 - DEBUG - STREAM b'IHDR' 16 13
2026-04-28 23:48:33,617 - DEBUG - STREAM b'pHYs' 41 9
2026-04-28 23:48:33,617 - DEBUG - STREAM b'PLTE' 62 159
2026-04-28 23:48:33,617 - DEBUG - STREAM b'IDAT' 233 9108
2026-04-28 23:48:33,619 - DEBUG - Starting new HTTPS connection (1): mt0.google.com:443
2026-04-28 23:48:34,780 - DEBUG - https://mt0.google.com:443 "GET /vt/lyrs=m&hl=es&x=36774&y=68476&z=17 HTTP/1.1" 200 10460
2026-04-28 23:48:34,805 - DEBUG - STREAM b'IHDR' 16 13
2026-04-28 23:48:34,806 - DEBUG - STREAM b'pHYs' 41 9
2026-04-28 23:48:34,806 - DEBUG - STREAM b'PLTE' 62 159
2026-04-28 23:48:34,806 - DEBUG - STREAM b'IDAT' 233 10211
2026-04-28 23:48:34,809 - DEBUG - Starting new HTTPS connection (1): mt0.google.com:443
2026-04-28 23:48:36,071 - DEBUG - https://mt0.google.com:443 "GET /vt/lyrs=m&hl=es&x=36764&y=68476&z=17 HTTP/1.1" 200 7015
2026-04-28 23:48:36,073 - DEBUG - STREAM b'IHDR' 16 13
2026-04-28 23:48:36,074 - DEBUG - STREAM b'pHYs' 41 9
2026-04-28 23:48:36,074 - DEBUG - STREAM b'PLTE' 62 87
2026-04-28 23:48:36,074 - DEBUG - STREAM b'IDAT' 161 6838
2026-04-28 23:48:36,076 - DEBUG - Starting new HTTPS connection (1): mt0.google.com:443
2026-04-28 23:48:37,254 - DEBUG - https://mt0.google.com:443 "GET /vt/lyrs=m&hl=es&x=36774&y=68477&z=17 HTTP/1.1" 200 12375
2026-04-28 23:48:37,469 - DEBUG - STREAM b'IHDR' 16 13
2026-04-28 23:48:37,469 - DEBUG - STREAM b'pHYs' 41 9
2026-04-28 23:48:37,469 - DEBUG - STREAM b'PLTE' 62 81
2026-04-28 23:48:37,469 - DEBUG - STREAM b'IDAT' 155 12204
2026-04-28 23:48:37,472 - DEBUG - Starting new HTTPS connection (1): mt0.google.com:443
2026-04-28 23:48:38,278 - DEBUG - https://mt0.google.com:443 "GET /vt/lyrs=m&hl=es&x=36764&y=68477&z=17 HTTP/1.1" 200 7486
2026-04-28 23:48:38,279 - DEBUG - STREAM b'IHDR' 16 13
2026-04-28 23:48:38,279 - DEBUG - STREAM b'pHYs' 41 9
2026-04-28 23:48:38,279 - DEBUG - STREAM b'PLTE' 62 66
2026-04-28 23:48:38,279 - DEBUG - STREAM b'IDAT' 140 7330
2026-04-28 23:48:38,282 - DEBUG - Starting new HTTPS connection (1): mt0.google.com:443
2026-04-28 23:48:39,432 - DEBUG - https://mt0.google.com:443 "GET /vt/lyrs=m&hl=es&x=36774&y=68478&z=17 HTTP/1.1" 200 9624
2026-04-28 23:48:39,442 - DEBUG - STREAM b'IHDR' 16 13
2026-04-28 23:48:39,443 - DEBUG - STREAM b'pHYs' 41 9
2026-04-28 23:48:39,443 - DEBUG - STREAM b'PLTE' 62 99
2026-04-28 23:48:39,443 - DEBUG - STREAM b'IDAT' 173 9435
2026-04-28 23:48:39,446 - DEBUG - Starting new HTTPS connection (1): mt0.google.com:443
2026-04-28 23:48:40,946 - DEBUG - https://mt0.google.com:443 "GET /vt/lyrs=m&hl=es&x=36764&y=68478&z=17 HTTP/1.1" 200 12370
2026-04-28 23:48:41,064 - DEBUG - STREAM b'IHDR' 16 13
2026-04-28 23:48:41,065 - DEBUG - STREAM b'pHYs' 41 9
2026-04-28 23:48:41,065 - DEBUG - STREAM b'PLTE' 62 138
2026-04-28 23:48:41,065 - DEBUG - STREAM b'IDAT' 212 12142
2026-04-28 23:48:41,067 - DEBUG - Starting new HTTPS connection (1): mt0.google.com:443
2026-04-28 23:48:42,211 - DEBUG - https://mt0.google.com:443 "GET /vt/lyrs=m&hl=es&x=36774&y=68479&z=17 HTTP/1.1" 200 4452
2026-04-28 23:48:42,214 - DEBUG - STREAM b'IHDR' 16 13
2026-04-28 23:48:42,214 - DEBUG - STREAM b'pHYs' 41 9
2026-04-28 23:48:42,214 - DEBUG - STREAM b'PLTE' 62 75
2026-04-28 23:48:42,214 - DEBUG - STREAM b'IDAT' 149 4287
2026-04-28 23:48:42,216 - DEBUG - Starting new HTTPS connection (1): mt0.google.com:443
2026-04-28 23:48:43,119 - DEBUG - https://mt0.google.com:443 "GET /vt/lyrs=m&hl=es&x=36764&y=68479&z=17 HTTP/1.1" 200 16380
2026-04-28 23:48:43,345 - DEBUG - STREAM b'IHDR' 16 13
2026-04-28 23:48:43,345 - DEBUG - STREAM b'pHYs' 41 9
2026-04-28 23:48:43,345 - DEBUG - STREAM b'PLTE' 62 210
2026-04-28 23:48:43,345 - DEBUG - STREAM b'IDAT' 284 16080
2026-04-28 23:48:43,347 - DEBUG - Starting new HTTPS connection (1): mt0.google.com:443
2026-04-28 23:48:44,864 - DEBUG - https://mt0.google.com:443 "GET /vt/lyrs=m&hl=es&x=36774&y=68480&z=17 HTTP/1.1" 200 6485
2026-04-28 23:48:44,866 - DEBUG - STREAM b'IHDR' 16 13
2026-04-28 23:48:44,866 - DEBUG - STREAM b'pHYs' 41 9
2026-04-28 23:48:44,866 - DEBUG - STREAM b'PLTE' 62 87
2026-04-28 23:48:44,866 - DEBUG - STREAM b'IDAT' 161 6308
2026-04-28 23:48:44,868 - DEBUG - Starting new HTTPS connection (1): mt0.google.com:443
2026-04-28 23:48:45,446 - DEBUG - https://mt0.google.com:443 "GET /vt/lyrs=m&hl=es&x=36764&y=68480&z=17 HTTP/1.1" 200 18004
2026-04-28 23:48:45,552 - DEBUG - STREAM b'IHDR' 16 13
2026-04-28 23:48:45,552 - DEBUG - STREAM b'pHYs' 41 9
2026-04-28 23:48:45,552 - DEBUG - STREAM b'PLTE' 62 186
2026-04-28 23:48:45,552 - DEBUG - STREAM b'IDAT' 260 17728
2026-04-28 23:48:45,554 - DEBUG - Starting new HTTPS connection (1): mt0.google.com:443
2026-04-28 23:48:46,200 - DEBUG - https://mt0.google.com:443 "GET /vt/lyrs=m&hl=es&x=36774&y=68481&z=17 HTTP/1.1" 200 17445
2026-04-28 23:48:46,362 - DEBUG - STREAM b'IHDR' 16 13
2026-04-28 23:48:46,362 - DEBUG - STREAM b'pHYs' 41 9
2026-04-28 23:48:46,362 - DEBUG - STREAM b'PLTE' 62 291
2026-04-28 23:48:46,362 - DEBUG - STREAM b'IDAT' 365 17064
2026-04-28 23:48:46,366 - DEBUG - Starting new HTTPS connection (1): mt0.google.com:443
2026-04-28 23:48:46,977 - DEBUG - https://mt0.google.com:443 "GET /vt/lyrs=m&hl=es&x=36764&y=68481&z=17 HTTP/1.1" 200 16363
2026-04-28 23:48:46,987 - DEBUG - STREAM b'IHDR' 16 13
2026-04-28 23:48:46,987 - DEBUG - STREAM b'pHYs' 41 9
2026-04-28 23:48:46,987 - DEBUG - STREAM b'PLTE' 62 156
2026-04-28 23:48:46,987 - DEBUG - STREAM b'IDAT' 230 16117
2026-04-28 23:48:46,991 - DEBUG - Starting new HTTPS connection (1): mt0.google.com:443
2026-04-28 23:48:47,822 - DEBUG - https://mt0.google.com:443 "GET /vt/lyrs=m&hl=es&x=36774&y=68482&z=17 HTTP/1.1" 200 17554
2026-04-28 23:48:47,876 - DEBUG - STREAM b'IHDR' 16 13
2026-04-28 23:48:47,877 - DEBUG - STREAM b'pHYs' 41 9
2026-04-28 23:48:47,877 - DEBUG - STREAM b'PLTE' 62 123
2026-04-28 23:48:47,877 - DEBUG - STREAM b'IDAT' 197 17341
2026-04-28 23:48:47,879 - DEBUG - Starting new HTTPS connection (1): mt0.google.com:443
2026-04-28 23:48:48,590 - DEBUG - https://mt0.google.com:443 "GET /vt/lyrs=m&hl=es&x=36764&y=68482&z=17 HTTP/1.1" 200 15930
2026-04-28 23:48:48,592 - DEBUG - STREAM b'IHDR' 16 13
2026-04-28 23:48:48,592 - DEBUG - STREAM b'pHYs' 41 9
2026-04-28 23:48:48,592 - DEBUG - STREAM b'PLTE' 62 180
2026-04-28 23:48:48,592 - DEBUG - STREAM b'IDAT' 254 15660
2026-04-28 23:48:48,595 - DEBUG - Starting new HTTPS connection (1): mt0.google.com:443
2026-04-28 23:48:49,510 - DEBUG - https://mt0.google.com:443 "GET /vt/lyrs=m&hl=es&x=36774&y=68483&z=17 HTTP/1.1" 200 18891
2026-04-28 23:48:49,565 - DEBUG - STREAM b'IHDR' 16 13
2026-04-28 23:48:49,565 - DEBUG - STREAM b'pHYs' 41 9
2026-04-28 23:48:49,566 - DEBUG - STREAM b'PLTE' 62 264
2026-04-28 23:48:49,566 - DEBUG - STREAM b'IDAT' 338 18537
2026-04-28 23:48:49,568 - DEBUG - Starting new HTTPS connection (1): mt0.google.com:443
2026-04-28 23:48:50,670 - DEBUG - https://mt0.google.com:443 "GET /vt/lyrs=m&hl=es&x=36764&y=68483&z=17 HTTP/1.1" 200 18820
2026-04-28 23:48:50,834 - DEBUG - STREAM b'IHDR' 16 13
2026-04-28 23:48:50,835 - DEBUG - STREAM b'pHYs' 41 9
2026-04-28 23:48:50,835 - DEBUG - STREAM b'PLTE' 62 147
2026-04-28 23:48:50,835 - DEBUG - STREAM b'IDAT' 221 18583
2026-04-28 23:48:50,838 - DEBUG - Starting new HTTPS connection (1): mt0.google.com:443
2026-04-28 23:48:53,500 - DEBUG - https://mt0.google.com:443 "GET /vt/lyrs=m&hl=es&x=36763&y=68485&z=17 HTTP/1.1" 200 18969
2026-04-28 23:48:53,616 - DEBUG - STREAM b'IHDR' 16 13
2026-04-28 23:48:53,616 - DEBUG - STREAM b'pHYs' 41 9
2026-04-28 23:48:53,616 - DEBUG - STREAM b'PLTE' 62 234
2026-04-28 23:48:53,616 - DEBUG - STREAM b'IDAT' 308 18645
2026-04-28 23:48:53,620 - DEBUG - Starting new HTTPS connection (1): mt0.google.com:443
2026-04-28 23:48:54,657 - DEBUG - https://mt0.google.com:443 "GET /vt/lyrs=m&hl=es&x=36763&y=68473&z=17 HTTP/1.1" 200 178
2026-04-28 23:48:54,658 - DEBUG - STREAM b'IHDR' 16 13
2026-04-28 23:48:54,658 - DEBUG - STREAM b'pHYs' 41 9
2026-04-28 23:48:54,658 - DEBUG - STREAM b'PLTE' 62 3
2026-04-28 23:48:54,658 - DEBUG - STREAM b'IDAT' 77 85
2026-04-28 23:48:54,661 - DEBUG - Starting new HTTPS connection (1): mt0.google.com:443
2026-04-28 23:48:55,572 - DEBUG - https://mt0.google.com:443 "GET /vt/lyrs=m&hl=es&x=36764&y=68485&z=17 HTTP/1.1" 200 20497
2026-04-28 23:48:55,712 - DEBUG - STREAM b'IHDR' 16 13
2026-04-28 23:48:55,712 - DEBUG - STREAM b'pHYs' 41 9
2026-04-28 23:48:55,713 - DEBUG - STREAM b'PLTE' 62 210
2026-04-28 23:48:55,713 - DEBUG - STREAM b'IDAT' 284 20197
2026-04-28 23:48:55,716 - DEBUG - Starting new HTTPS connection (1): mt0.google.com:443
2026-04-28 23:48:56,752 - DEBUG - https://mt0.google.com:443 "GET /vt/lyrs=m&hl=es&x=36764&y=68473&z=17 HTTP/1.1" 200 355
2026-04-28 23:48:56,753 - DEBUG - STREAM b'IHDR' 16 13
2026-04-28 23:48:56,753 - DEBUG - STREAM b'pHYs' 41 9
2026-04-28 23:48:56,754 - DEBUG - STREAM b'PLTE' 62 21
2026-04-28 23:48:56,754 - DEBUG - STREAM b'IDAT' 95 244
2026-04-28 23:48:56,755 - DEBUG - Starting new HTTPS connection (1): mt0.google.com:443
2026-04-28 23:48:57,825 - DEBUG - https://mt0.google.com:443 "GET /vt/lyrs=m&hl=es&x=36765&y=68485&z=17 HTTP/1.1" 200 17612
2026-04-28 23:48:57,957 - DEBUG - STREAM b'IHDR' 16 13
2026-04-28 23:48:57,957 - DEBUG - STREAM b'pHYs' 41 9
2026-04-28 23:48:57,957 - DEBUG - STREAM b'PLTE' 62 222
2026-04-28 23:48:57,958 - DEBUG - STREAM b'IDAT' 296 17300
2026-04-28 23:48:57,960 - DEBUG - Starting new HTTPS connection (1): mt0.google.com:443
2026-04-28 23:48:59,010 - DEBUG - https://mt0.google.com:443 "GET /vt/lyrs=m&hl=es&x=36765&y=68473&z=17 HTTP/1.1" 200 2629
2026-04-28 23:48:59,010 - DEBUG - STREAM b'IHDR' 16 13
2026-04-28 23:48:59,010 - DEBUG - STREAM b'pHYs' 41 9
2026-04-28 23:48:59,010 - DEBUG - STREAM b'PLTE' 62 81
2026-04-28 23:48:59,011 - DEBUG - STREAM b'IDAT' 155 2458
2026-04-28 23:48:59,013 - DEBUG - Starting new HTTPS connection (1): mt0.google.com:443
2026-04-28 23:48:59,948 - DEBUG - https://mt0.google.com:443 "GET /vt/lyrs=m&hl=es&x=36766&y=68485&z=17 HTTP/1.1" 200 19654
2026-04-28 23:49:00,072 - DEBUG - STREAM b'IHDR' 16 13
2026-04-28 23:49:00,072 - DEBUG - STREAM b'pHYs' 41 9
2026-04-28 23:49:00,072 - DEBUG - STREAM b'PLTE' 62 222
2026-04-28 23:49:00,072 - DEBUG - STREAM b'IDAT' 296 19342
2026-04-28 23:49:00,074 - DEBUG - Starting new HTTPS connection (1): mt0.google.com:443
2026-04-28 23:49:00,927 - DEBUG - https://mt0.google.com:443 "GET /vt/lyrs=m&hl=es&x=36766&y=68473&z=17 HTTP/1.1" 200 1394
2026-04-28 23:49:00,928 - DEBUG - STREAM b'IHDR' 16 13
2026-04-28 23:49:00,928 - DEBUG - STREAM b'pHYs' 41 9
2026-04-28 23:49:00,928 - DEBUG - STREAM b'PLTE' 62 42
2026-04-28 23:49:00,928 - DEBUG - STREAM b'IDAT' 116 1262
2026-04-28 23:49:00,930 - DEBUG - Starting new HTTPS connection (1): mt0.google.com:443
2026-04-28 23:49:01,740 - DEBUG - https://mt0.google.com:443 "GET /vt/lyrs=m&hl=es&x=36767&y=68485&z=17 HTTP/1.1" 200 19170
2026-04-28 23:49:01,860 - DEBUG - STREAM b'IHDR' 16 13
2026-04-28 23:49:01,860 - DEBUG - STREAM b'pHYs' 41 9
2026-04-28 23:49:01,860 - DEBUG - STREAM b'PLTE' 62 99
2026-04-28 23:49:01,860 - DEBUG - STREAM b'IDAT' 173 18981
2026-04-28 23:49:01,860 - DEBUG - Starting new HTTPS connection (1): mt0.google.com:443
2026-04-28 23:49:02,713 - DEBUG - https://mt0.google.com:443 "GET /vt/lyrs=m&hl=es&x=36767&y=68473&z=17 HTTP/1.1" 200 178
2026-04-28 23:49:02,716 - DEBUG - STREAM b'IHDR' 16 13
2026-04-28 23:49:02,716 - DEBUG - STREAM b'pHYs' 41 9
2026-04-28 23:49:02,716 - DEBUG - STREAM b'PLTE' 62 3
2026-04-28 23:49:02,716 - DEBUG - STREAM b'IDAT' 77 85
2026-04-28 23:49:02,718 - DEBUG - Starting new HTTPS connection (1): mt0.google.com:443
2026-04-28 23:49:03,671 - DEBUG - https://mt0.google.com:443 "GET /vt/lyrs=m&hl=es&x=36768&y=68485&z=17 HTTP/1.1" 200 19932
2026-04-28 23:49:03,905 - DEBUG - STREAM b'IHDR' 16 13
2026-04-28 23:49:03,905 - DEBUG - STREAM b'pHYs' 41 9
2026-04-28 23:49:03,905 - DEBUG - STREAM b'PLTE' 62 162
2026-04-28 23:49:03,905 - DEBUG - STREAM b'IDAT' 236 19680
2026-04-28 23:49:03,908 - DEBUG - Starting new HTTPS connection (1): mt0.google.com:443
2026-04-28 23:49:04,836 - DEBUG - https://mt0.google.com:443 "GET /vt/lyrs=m&hl=es&x=36768&y=68473&z=17 HTTP/1.1" 200 1044
2026-04-28 23:49:04,840 - DEBUG - STREAM b'IHDR' 16 13
2026-04-28 23:49:04,840 - DEBUG - STREAM b'pHYs' 41 9
2026-04-28 23:49:04,840 - DEBUG - STREAM b'PLTE' 62 15
2026-04-28 23:49:04,840 - DEBUG - STREAM b'IDAT' 89 939
2026-04-28 23:49:04,842 - DEBUG - Starting new HTTPS connection (1): mt0.google.com:443
2026-04-28 23:49:05,756 - DEBUG - https://mt0.google.com:443 "GET /vt/lyrs=m&hl=es&x=36769&y=68485&z=17 HTTP/1.1" 200 19291
2026-04-28 23:49:05,867 - DEBUG - STREAM b'IHDR' 16 13
2026-04-28 23:49:05,867 - DEBUG - STREAM b'pHYs' 41 9
2026-04-28 23:49:05,868 - DEBUG - STREAM b'PLTE' 62 138
2026-04-28 23:49:05,868 - DEBUG - STREAM b'IDAT' 212 19063
2026-04-28 23:49:05,870 - DEBUG - Starting new HTTPS connection (1): mt0.google.com:443
2026-04-28 23:49:06,690 - DEBUG - https://mt0.google.com:443 "GET /vt/lyrs=m&hl=es&x=36769&y=68473&z=17 HTTP/1.1" 200 6131
2026-04-28 23:49:06,700 - DEBUG - STREAM b'IHDR' 16 13
2026-04-28 23:49:06,700 - DEBUG - STREAM b'pHYs' 41 9
2026-04-28 23:49:06,701 - DEBUG - STREAM b'PLTE' 62 57
2026-04-28 23:49:06,701 - DEBUG - STREAM b'IDAT' 131 5984
2026-04-28 23:49:06,704 - DEBUG - Starting new HTTPS connection (1): mt0.google.com:443
2026-04-28 23:49:07,612 - DEBUG - https://mt0.google.com:443 "GET /vt/lyrs=m&hl=es&x=36770&y=68485&z=17 HTTP/1.1" 200 20192
2026-04-28 23:49:07,722 - DEBUG - STREAM b'IHDR' 16 13
2026-04-28 23:49:07,722 - DEBUG - STREAM b'pHYs' 41 9
2026-04-28 23:49:07,722 - DEBUG - STREAM b'PLTE' 62 225
2026-04-28 23:49:07,722 - DEBUG - STREAM b'IDAT' 299 19877
2026-04-28 23:49:07,725 - DEBUG - Starting new HTTPS connection (1): mt0.google.com:443
2026-04-28 23:49:08,513 - DEBUG - https://mt0.google.com:443 "GET /vt/lyrs=m&hl=es&x=36770&y=68473&z=17 HTTP/1.1" 200 8203
2026-04-28 23:49:08,515 - DEBUG - STREAM b'IHDR' 16 13
2026-04-28 23:49:08,515 - DEBUG - STREAM b'pHYs' 41 9
2026-04-28 23:49:08,515 - DEBUG - STREAM b'PLTE' 62 63
2026-04-28 23:49:08,515 - DEBUG - STREAM b'IDAT' 137 8050
2026-04-28 23:49:08,520 - DEBUG - Starting new HTTPS connection (1): mt0.google.com:443
2026-04-28 23:49:09,429 - DEBUG - https://mt0.google.com:443 "GET /vt/lyrs=m&hl=es&x=36771&y=68485&z=17 HTTP/1.1" 200 18547
2026-04-28 23:49:09,541 - DEBUG - STREAM b'IHDR' 16 13
2026-04-28 23:49:09,542 - DEBUG - STREAM b'pHYs' 41 9
2026-04-28 23:49:09,542 - DEBUG - STREAM b'PLTE' 62 138
2026-04-28 23:49:09,542 - DEBUG - STREAM b'IDAT' 212 18319
2026-04-28 23:49:09,546 - DEBUG - Starting new HTTPS connection (1): mt0.google.com:443
2026-04-28 23:49:10,337 - DEBUG - https://mt0.google.com:443 "GET /vt/lyrs=m&hl=es&x=36771&y=68473&z=17 HTTP/1.1" 200 4295
2026-04-28 23:49:10,340 - DEBUG - STREAM b'IHDR' 16 13
2026-04-28 23:49:10,340 - DEBUG - STREAM b'pHYs' 41 9
2026-04-28 23:49:10,340 - DEBUG - STREAM b'PLTE' 62 54
2026-04-28 23:49:10,340 - DEBUG - STREAM b'IDAT' 128 4151
2026-04-28 23:49:10,341 - DEBUG - Starting new HTTPS connection (1): mt0.google.com:443
2026-04-28 23:49:11,246 - DEBUG - https://mt0.google.com:443 "GET /vt/lyrs=m&hl=es&x=36772&y=68485&z=17 HTTP/1.1" 200 21795
2026-04-28 23:49:11,363 - DEBUG - STREAM b'IHDR' 16 13
2026-04-28 23:49:11,363 - DEBUG - STREAM b'pHYs' 41 9
2026-04-28 23:49:11,363 - DEBUG - STREAM b'PLTE' 62 162
2026-04-28 23:49:11,363 - DEBUG - STREAM b'IDAT' 236 21543
2026-04-28 23:49:11,366 - DEBUG - Starting new HTTPS connection (1): mt0.google.com:443
2026-04-28 23:49:12,284 - DEBUG - https://mt0.google.com:443 "GET /vt/lyrs=m&hl=es&x=36772&y=68473&z=17 HTTP/1.1" 200 2474
2026-04-28 23:49:12,287 - DEBUG - STREAM b'IHDR' 16 13
2026-04-28 23:49:12,287 - DEBUG - STREAM b'pHYs' 41 9
2026-04-28 23:49:12,288 - DEBUG - STREAM b'PLTE' 62 60
2026-04-28 23:49:12,288 - DEBUG - STREAM b'IDAT' 134 2324
2026-04-28 23:49:12,291 - DEBUG - Starting new HTTPS connection (1): mt0.google.com:443
2026-04-28 23:49:13,180 - DEBUG - https://mt0.google.com:443 "GET /vt/lyrs=m&hl=es&x=36773&y=68485&z=17 HTTP/1.1" 200 19947
2026-04-28 23:49:13,293 - DEBUG - STREAM b'IHDR' 16 13
2026-04-28 23:49:13,293 - DEBUG - STREAM b'pHYs' 41 9
2026-04-28 23:49:13,293 - DEBUG - STREAM b'PLTE' 62 120
2026-04-28 23:49:13,293 - DEBUG - STREAM b'IDAT' 194 19737
2026-04-28 23:49:13,300 - DEBUG - Starting new HTTPS connection (1): mt0.google.com:443
2026-04-28 23:49:14,202 - DEBUG - https://mt0.google.com:443 "GET /vt/lyrs=m&hl=es&x=36773&y=68473&z=17 HTTP/1.1" 200 1053
2026-04-28 23:49:14,204 - DEBUG - STREAM b'IHDR' 16 13
2026-04-28 23:49:14,204 - DEBUG - STREAM b'pHYs' 41 9
2026-04-28 23:49:14,205 - DEBUG - STREAM b'PLTE' 62 24
2026-04-28 23:49:14,205 - DEBUG - STREAM b'IDAT' 98 939
2026-04-28 23:49:14,207 - DEBUG - Starting new HTTPS connection (1): mt0.google.com:443
2026-04-28 23:49:15,119 - DEBUG - https://mt0.google.com:443 "GET /vt/lyrs=m&hl=es&x=36774&y=68485&z=17 HTTP/1.1" 200 20045
2026-04-28 23:49:15,229 - DEBUG - STREAM b'IHDR' 16 13
2026-04-28 23:49:15,230 - DEBUG - STREAM b'pHYs' 41 9
2026-04-28 23:49:15,230 - DEBUG - STREAM b'PLTE' 62 126
2026-04-28 23:49:15,230 - DEBUG - STREAM b'IDAT' 200 19829
2026-04-28 23:49:15,233 - DEBUG - Starting new HTTPS connection (1): mt0.google.com:443
2026-04-28 23:49:16,054 - DEBUG - https://mt0.google.com:443 "GET /vt/lyrs=m&hl=es&x=36774&y=68473&z=17 HTTP/1.1" 200 1602
2026-04-28 23:49:16,058 - DEBUG - STREAM b'IHDR' 16 13
2026-04-28 23:49:16,058 - DEBUG - STREAM b'pHYs' 41 9
2026-04-28 23:49:16,058 - DEBUG - STREAM b'PLTE' 62 51
2026-04-28 23:49:16,059 - DEBUG - STREAM b'IDAT' 125 1461
2026-04-28 23:49:16,061 - DEBUG - Starting new HTTPS connection (1): mt0.google.com:443
2026-04-28 23:49:16,984 - DEBUG - https://mt0.google.com:443 "GET /vt/lyrs=m&hl=es&x=36775&y=68485&z=17 HTTP/1.1" 200 21263
2026-04-28 23:49:17,103 - DEBUG - STREAM b'IHDR' 16 13
2026-04-28 23:49:17,103 - DEBUG - STREAM b'pHYs' 41 9
2026-04-28 23:49:17,103 - DEBUG - STREAM b'PLTE' 62 234
2026-04-28 23:49:17,103 - DEBUG - STREAM b'IDAT' 308 20939
2026-04-28 23:49:17,107 - DEBUG - Starting new HTTPS connection (1): mt0.google.com:443
2026-04-28 23:49:18,007 - DEBUG - https://mt0.google.com:443 "GET /vt/lyrs=m&hl=es&x=36775&y=68473&z=17 HTTP/1.1" 200 799
2026-04-28 23:49:18,010 - DEBUG - STREAM b'IHDR' 16 13
2026-04-28 23:49:18,010 - DEBUG - STREAM b'pHYs' 41 9
2026-04-28 23:49:18,010 - DEBUG - STREAM b'PLTE' 62 27
2026-04-28 23:49:18,011 - DEBUG - STREAM b'IDAT' 101 682
2026-04-28 23:49:18,013 - DEBUG - Starting new HTTPS connection (1): mt0.google.com:443
2026-04-28 23:49:19,111 - DEBUG - https://mt0.google.com:443 "GET /vt/lyrs=m&hl=es&x=36775&y=68474&z=17 HTTP/1.1" 200 178
2026-04-28 23:49:19,115 - DEBUG - STREAM b'IHDR' 16 13
2026-04-28 23:49:19,115 - DEBUG - STREAM b'pHYs' 41 9
2026-04-28 23:49:19,115 - DEBUG - STREAM b'PLTE' 62 3
2026-04-28 23:49:19,117 - DEBUG - STREAM b'IDAT' 77 85
2026-04-28 23:49:19,121 - DEBUG - Starting new HTTPS connection (1): mt0.google.com:443
2026-04-28 23:49:19,948 - DEBUG - https://mt0.google.com:443 "GET /vt/lyrs=m&hl=es&x=36763&y=68474&z=17 HTTP/1.1" 200 178
2026-04-28 23:49:19,951 - DEBUG - STREAM b'IHDR' 16 13
2026-04-28 23:49:19,952 - DEBUG - STREAM b'pHYs' 41 9
2026-04-28 23:49:19,952 - DEBUG - STREAM b'PLTE' 62 3
2026-04-28 23:49:19,952 - DEBUG - STREAM b'IDAT' 77 85
2026-04-28 23:49:19,955 - DEBUG - Starting new HTTPS connection (1): mt0.google.com:443
2026-04-28 23:49:20,779 - DEBUG - https://mt0.google.com:443 "GET /vt/lyrs=m&hl=es&x=36775&y=68475&z=17 HTTP/1.1" 200 803
2026-04-28 23:49:20,781 - DEBUG - STREAM b'IHDR' 16 13
2026-04-28 23:49:20,781 - DEBUG - STREAM b'pHYs' 41 9
2026-04-28 23:49:20,781 - DEBUG - STREAM b'PLTE' 62 24
2026-04-28 23:49:20,781 - DEBUG - STREAM b'IDAT' 98 689
2026-04-28 23:49:20,781 - DEBUG - Starting new HTTPS connection (1): mt0.google.com:443
2026-04-28 23:49:21,560 - DEBUG - https://mt0.google.com:443 "GET /vt/lyrs=m&hl=es&x=36763&y=68475&z=17 HTTP/1.1" 200 3023
2026-04-28 23:49:21,563 - DEBUG - STREAM b'IHDR' 16 13
2026-04-28 23:49:21,563 - DEBUG - STREAM b'pHYs' 41 9
2026-04-28 23:49:21,563 - DEBUG - STREAM b'PLTE' 62 72
2026-04-28 23:49:21,563 - DEBUG - STREAM b'IDAT' 146 2861
2026-04-28 23:49:21,567 - DEBUG - Starting new HTTPS connection (1): mt0.google.com:443
2026-04-28 23:49:22,419 - DEBUG - https://mt0.google.com:443 "GET /vt/lyrs=m&hl=es&x=36775&y=68476&z=17 HTTP/1.1" 200 7821
2026-04-28 23:49:22,424 - DEBUG - STREAM b'IHDR' 16 13
2026-04-28 23:49:22,424 - DEBUG - STREAM b'pHYs' 41 9
2026-04-28 23:49:22,424 - DEBUG - STREAM b'PLTE' 62 48
2026-04-28 23:49:22,424 - DEBUG - STREAM b'IDAT' 122 7683
2026-04-28 23:49:22,427 - DEBUG - Starting new HTTPS connection (1): mt0.google.com:443
2026-04-28 23:49:23,397 - DEBUG - https://mt0.google.com:443 "GET /vt/lyrs=m&hl=es&x=36763&y=68476&z=17 HTTP/1.1" 200 4291
2026-04-28 23:49:23,398 - DEBUG - STREAM b'IHDR' 16 13
2026-04-28 23:49:23,398 - DEBUG - STREAM b'pHYs' 41 9
2026-04-28 23:49:23,398 - DEBUG - STREAM b'PLTE' 62 54
2026-04-28 23:49:23,398 - DEBUG - STREAM b'IDAT' 128 4147
2026-04-28 23:49:23,403 - DEBUG - Starting new HTTPS connection (1): mt0.google.com:443
2026-04-28 23:49:24,403 - DEBUG - https://mt0.google.com:443 "GET /vt/lyrs=m&hl=es&x=36775&y=68477&z=17 HTTP/1.1" 200 7511
2026-04-28 23:49:24,406 - DEBUG - STREAM b'IHDR' 16 13
2026-04-28 23:49:24,406 - DEBUG - STREAM b'pHYs' 41 9
2026-04-28 23:49:24,406 - DEBUG - STREAM b'PLTE' 62 72
2026-04-28 23:49:24,406 - DEBUG - STREAM b'IDAT' 146 7349
2026-04-28 23:49:24,409 - DEBUG - Starting new HTTPS connection (1): mt0.google.com:443
2026-04-28 23:49:25,160 - DEBUG - https://mt0.google.com:443 "GET /vt/lyrs=m&hl=es&x=36763&y=68477&z=17 HTTP/1.1" 200 2706
2026-04-28 23:49:25,164 - DEBUG - STREAM b'IHDR' 16 13
2026-04-28 23:49:25,164 - DEBUG - STREAM b'pHYs' 41 9
2026-04-28 23:49:25,164 - DEBUG - STREAM b'PLTE' 62 33
2026-04-28 23:49:25,164 - DEBUG - STREAM b'IDAT' 107 2583
2026-04-28 23:49:25,167 - DEBUG - Starting new HTTPS connection (1): mt0.google.com:443
2026-04-28 23:49:26,010 - DEBUG - https://mt0.google.com:443 "GET /vt/lyrs=m&hl=es&x=36775&y=68478&z=17 HTTP/1.1" 200 7260
2026-04-28 23:49:26,018 - DEBUG - STREAM b'IHDR' 16 13
2026-04-28 23:49:26,018 - DEBUG - STREAM b'pHYs' 41 9
2026-04-28 23:49:26,018 - DEBUG - STREAM b'PLTE' 62 117
2026-04-28 23:49:26,018 - DEBUG - STREAM b'IDAT' 191 7053
2026-04-28 23:49:26,021 - DEBUG - Starting new HTTPS connection (1): mt0.google.com:443
2026-04-28 23:49:26,926 - DEBUG - https://mt0.google.com:443 "GET /vt/lyrs=m&hl=es&x=36763&y=68478&z=17 HTTP/1.1" 200 300
2026-04-28 23:49:26,928 - DEBUG - STREAM b'IHDR' 16 13
2026-04-28 23:49:26,928 - DEBUG - STREAM b'pHYs' 41 9
2026-04-28 23:49:26,928 - DEBUG - STREAM b'PLTE' 62 21
2026-04-28 23:49:26,928 - DEBUG - STREAM b'IDAT' 95 189
2026-04-28 23:49:26,930 - DEBUG - Starting new HTTPS connection (1): mt0.google.com:443
2026-04-28 23:49:27,833 - DEBUG - https://mt0.google.com:443 "GET /vt/lyrs=m&hl=es&x=36775&y=68479&z=17 HTTP/1.1" 200 7490
2026-04-28 23:49:27,838 - DEBUG - STREAM b'IHDR' 16 13
2026-04-28 23:49:27,838 - DEBUG - STREAM b'pHYs' 41 9
2026-04-28 23:49:27,838 - DEBUG - STREAM b'PLTE' 62 99
2026-04-28 23:49:27,838 - DEBUG - STREAM b'IDAT' 173 7301
2026-04-28 23:49:27,841 - DEBUG - Starting new HTTPS connection (1): mt0.google.com:443
2026-04-28 23:49:28,738 - DEBUG - https://mt0.google.com:443 "GET /vt/lyrs=m&hl=es&x=36763&y=68479&z=17 HTTP/1.1" 200 1666
2026-04-28 23:49:28,741 - DEBUG - STREAM b'IHDR' 16 13
2026-04-28 23:49:28,741 - DEBUG - STREAM b'pHYs' 41 9
2026-04-28 23:49:28,741 - DEBUG - STREAM b'PLTE' 62 66
2026-04-28 23:49:28,741 - DEBUG - STREAM b'IDAT' 140 1510
2026-04-28 23:49:28,743 - DEBUG - Starting new HTTPS connection (1): mt0.google.com:443
2026-04-28 23:49:29,446 - DEBUG - https://mt0.google.com:443 "GET /vt/lyrs=m&hl=es&x=36775&y=68480&z=17 HTTP/1.1" 200 13620
2026-04-28 23:49:29,449 - DEBUG - STREAM b'IHDR' 16 13
2026-04-28 23:49:29,449 - DEBUG - STREAM b'pHYs' 41 9
2026-04-28 23:49:29,449 - DEBUG - STREAM b'PLTE' 62 159
2026-04-28 23:49:29,449 - DEBUG - STREAM b'IDAT' 233 13371
2026-04-28 23:49:29,452 - DEBUG - Starting new HTTPS connection (1): mt0.google.com:443
2026-04-28 23:49:30,130 - DEBUG - https://mt0.google.com:443 "GET /vt/lyrs=m&hl=es&x=36763&y=68480&z=17 HTTP/1.1" 200 19844
2026-04-28 23:49:30,242 - DEBUG - STREAM b'IHDR' 16 13
2026-04-28 23:49:30,242 - DEBUG - STREAM b'pHYs' 41 9
2026-04-28 23:49:30,242 - DEBUG - STREAM b'PLTE' 62 213
2026-04-28 23:49:30,242 - DEBUG - STREAM b'IDAT' 287 19541
2026-04-28 23:49:30,246 - DEBUG - Starting new HTTPS connection (1): mt0.google.com:443
2026-04-28 23:49:31,045 - DEBUG - https://mt0.google.com:443 "GET /vt/lyrs=m&hl=es&x=36775&y=68481&z=17 HTTP/1.1" 200 19511
2026-04-28 23:49:31,162 - DEBUG - STREAM b'IHDR' 16 13
2026-04-28 23:49:31,162 - DEBUG - STREAM b'pHYs' 41 9
2026-04-28 23:49:31,162 - DEBUG - STREAM b'PLTE' 62 177
2026-04-28 23:49:31,162 - DEBUG - STREAM b'IDAT' 251 19244
2026-04-28 23:49:31,166 - DEBUG - Starting new HTTPS connection (1): mt0.google.com:443
2026-04-28 23:49:32,178 - DEBUG - https://mt0.google.com:443 "GET /vt/lyrs=m&hl=es&x=36763&y=68481&z=17 HTTP/1.1" 200 19427
2026-04-28 23:49:32,291 - DEBUG - STREAM b'IHDR' 16 13
2026-04-28 23:49:32,291 - DEBUG - STREAM b'pHYs' 41 9
2026-04-28 23:49:32,291 - DEBUG - STREAM b'PLTE' 62 183
2026-04-28 23:49:32,291 - DEBUG - STREAM b'IDAT' 257 19154
2026-04-28 23:49:32,295 - DEBUG - Starting new HTTPS connection (1): mt0.google.com:443
2026-04-28 23:49:33,209 - DEBUG - https://mt0.google.com:443 "GET /vt/lyrs=m&hl=es&x=36775&y=68482&z=17 HTTP/1.1" 200 20383
2026-04-28 23:49:33,315 - DEBUG - STREAM b'IHDR' 16 13
2026-04-28 23:49:33,315 - DEBUG - STREAM b'pHYs' 41 9
2026-04-28 23:49:33,315 - DEBUG - STREAM b'PLTE' 62 204
2026-04-28 23:49:33,315 - DEBUG - STREAM b'IDAT' 278 20089
2026-04-28 23:49:33,330 - DEBUG - Starting new HTTPS connection (1): mt0.google.com:443
2026-04-28 23:49:34,225 - DEBUG - https://mt0.google.com:443 "GET /vt/lyrs=m&hl=es&x=36763&y=68482&z=17 HTTP/1.1" 200 17827
2026-04-28 23:49:34,342 - DEBUG - STREAM b'IHDR' 16 13
2026-04-28 23:49:34,342 - DEBUG - STREAM b'pHYs' 41 9
2026-04-28 23:49:34,342 - DEBUG - STREAM b'PLTE' 62 165
2026-04-28 23:49:34,342 - DEBUG - STREAM b'IDAT' 239 17572
2026-04-28 23:49:34,347 - DEBUG - Starting new HTTPS connection (1): mt0.google.com:443
2026-04-28 23:49:35,251 - DEBUG - https://mt0.google.com:443 "GET /vt/lyrs=m&hl=es&x=36775&y=68483&z=17 HTTP/1.1" 200 21652
2026-04-28 23:49:35,362 - DEBUG - STREAM b'IHDR' 16 13
2026-04-28 23:49:35,362 - DEBUG - STREAM b'pHYs' 41 9
2026-04-28 23:49:35,362 - DEBUG - STREAM b'PLTE' 62 192
2026-04-28 23:49:35,362 - DEBUG - STREAM b'IDAT' 266 21370
2026-04-28 23:49:35,365 - DEBUG - Starting new HTTPS connection (1): mt0.google.com:443
2026-04-28 23:49:36,308 - DEBUG - https://mt0.google.com:443 "GET /vt/lyrs=m&hl=es&x=36763&y=68483&z=17 HTTP/1.1" 200 19568
2026-04-28 23:49:36,422 - DEBUG - STREAM b'IHDR' 16 13
2026-04-28 23:49:36,422 - DEBUG - STREAM b'pHYs' 41 9
2026-04-28 23:49:36,422 - DEBUG - STREAM b'PLTE' 62 198
2026-04-28 23:49:36,422 - DEBUG - STREAM b'IDAT' 272 19280
2026-04-28 23:49:36,425 - DEBUG - Starting new HTTPS connection (1): mt0.google.com:443
2026-04-28 23:49:37,216 - DEBUG - https://mt0.google.com:443 "GET /vt/lyrs=m&hl=es&x=36775&y=68484&z=17 HTTP/1.1" 200 20607
2026-04-28 23:49:37,335 - DEBUG - STREAM b'IHDR' 16 13
2026-04-28 23:49:37,335 - DEBUG - STREAM b'pHYs' 41 9
2026-04-28 23:49:37,336 - DEBUG - STREAM b'PLTE' 62 186
2026-04-28 23:49:37,336 - DEBUG - STREAM b'IDAT' 260 20331
2026-04-28 23:49:37,336 - DEBUG - Starting new HTTPS connection (1): mt0.google.com:443
2026-04-28 23:49:38,135 - DEBUG - https://mt0.google.com:443 "GET /vt/lyrs=m&hl=es&x=36763&y=68484&z=17 HTTP/1.1" 200 14695
2026-04-28 23:49:38,145 - DEBUG - STREAM b'IHDR' 16 13
2026-04-28 23:49:38,145 - DEBUG - STREAM b'pHYs' 41 9
2026-04-28 23:49:38,145 - DEBUG - STREAM b'PLTE' 62 144
2026-04-28 23:49:38,145 - DEBUG - STREAM b'IDAT' 218 14461
2026-04-28 23:49:38,148 - DEBUG - Starting new HTTPS connection (1): mt0.google.com:443
2026-04-28 23:49:39,071 - DEBUG - https://mt0.google.com:443 "GET /vt/lyrs=m&hl=es&x=36762&y=68486&z=17 HTTP/1.1" 200 18341
2026-04-28 23:49:39,189 - DEBUG - STREAM b'IHDR' 16 13
2026-04-28 23:49:39,189 - DEBUG - STREAM b'pHYs' 41 9
2026-04-28 23:49:39,189 - DEBUG - STREAM b'PLTE' 62 147
2026-04-28 23:49:39,189 - DEBUG - STREAM b'IDAT' 221 18104
2026-04-28 23:49:39,194 - DEBUG - Starting new HTTPS connection (1): mt0.google.com:443
2026-04-28 23:49:39,997 - DEBUG - https://mt0.google.com:443 "GET /vt/lyrs=m&hl=es&x=36762&y=68472&z=17 HTTP/1.1" 200 178
2026-04-28 23:49:40,000 - DEBUG - STREAM b'IHDR' 16 13
2026-04-28 23:49:40,000 - DEBUG - STREAM b'pHYs' 41 9
2026-04-28 23:49:40,000 - DEBUG - STREAM b'PLTE' 62 3
2026-04-28 23:49:40,001 - DEBUG - STREAM b'IDAT' 77 85
2026-04-28 23:49:40,003 - DEBUG - Starting new HTTPS connection (1): mt0.google.com:443
2026-04-28 23:49:40,792 - DEBUG - https://mt0.google.com:443 "GET /vt/lyrs=m&hl=es&x=36763&y=68486&z=17 HTTP/1.1" 200 17250
2026-04-28 23:49:40,908 - DEBUG - STREAM b'IHDR' 16 13
2026-04-28 23:49:40,908 - DEBUG - STREAM b'pHYs' 41 9
2026-04-28 23:49:40,908 - DEBUG - STREAM b'PLTE' 62 123
2026-04-28 23:49:40,908 - DEBUG - STREAM b'IDAT' 197 17037
2026-04-28 23:49:40,911 - DEBUG - Starting new HTTPS connection (1): mt0.google.com:443
2026-04-28 23:49:41,730 - DEBUG - https://mt0.google.com:443 "GET /vt/lyrs=m&hl=es&x=36763&y=68472&z=17 HTTP/1.1" 200 178
2026-04-28 23:49:41,733 - DEBUG - STREAM b'IHDR' 16 13
2026-04-28 23:49:41,733 - DEBUG - STREAM b'pHYs' 41 9
2026-04-28 23:49:41,735 - DEBUG - STREAM b'PLTE' 62 3
2026-04-28 23:49:41,735 - DEBUG - STREAM b'IDAT' 77 85
2026-04-28 23:49:41,739 - DEBUG - Starting new HTTPS connection (1): mt0.google.com:443
2026-04-28 23:49:42,530 - DEBUG - https://mt0.google.com:443 "GET /vt/lyrs=m&hl=es&x=36764&y=68486&z=17 HTTP/1.1" 200 21380
2026-04-28 23:49:42,649 - DEBUG - STREAM b'IHDR' 16 13
2026-04-28 23:49:42,649 - DEBUG - STREAM b'pHYs' 41 9
2026-04-28 23:49:42,649 - DEBUG - STREAM b'PLTE' 62 204
2026-04-28 23:49:42,649 - DEBUG - STREAM b'IDAT' 278 21086
2026-04-28 23:49:42,654 - DEBUG - Starting new HTTPS connection (1): mt0.google.com:443
2026-04-28 23:49:43,562 - DEBUG - https://mt0.google.com:443 "GET /vt/lyrs=m&hl=es&x=36764&y=68472&z=17 HTTP/1.1" 200 178
2026-04-28 23:49:43,564 - DEBUG - STREAM b'IHDR' 16 13
2026-04-28 23:49:43,564 - DEBUG - STREAM b'pHYs' 41 9
2026-04-28 23:49:43,564 - DEBUG - STREAM b'PLTE' 62 3
2026-04-28 23:49:43,564 - DEBUG - STREAM b'IDAT' 77 85
2026-04-28 23:49:43,567 - DEBUG - Starting new HTTPS connection (1): mt0.google.com:443
2026-04-28 23:49:44,362 - DEBUG - https://mt0.google.com:443 "GET /vt/lyrs=m&hl=es&x=36765&y=68486&z=17 HTTP/1.1" 200 18921
2026-04-28 23:49:44,475 - DEBUG - STREAM b'IHDR' 16 13
2026-04-28 23:49:44,475 - DEBUG - STREAM b'pHYs' 41 9
2026-04-28 23:49:44,477 - DEBUG - STREAM b'PLTE' 62 159
2026-04-28 23:49:44,477 - DEBUG - STREAM b'IDAT' 233 18672
2026-04-28 23:49:44,480 - DEBUG - Starting new HTTPS connection (1): mt0.google.com:443
2026-04-28 23:49:45,280 - DEBUG - https://mt0.google.com:443 "GET /vt/lyrs=m&hl=es&x=36765&y=68472&z=17 HTTP/1.1" 200 178
2026-04-28 23:49:45,282 - DEBUG - STREAM b'IHDR' 16 13
2026-04-28 23:49:45,282 - DEBUG - STREAM b'pHYs' 41 9
2026-04-28 23:49:45,282 - DEBUG - STREAM b'PLTE' 62 3
2026-04-28 23:49:45,282 - DEBUG - STREAM b'IDAT' 77 85
2026-04-28 23:49:45,284 - DEBUG - Starting new HTTPS connection (1): mt0.google.com:443
2026-04-28 23:49:46,189 - DEBUG - https://mt0.google.com:443 "GET /vt/lyrs=m&hl=es&x=36766&y=68486&z=17 HTTP/1.1" 200 19008
2026-04-28 23:49:46,311 - DEBUG - STREAM b'IHDR' 16 13
2026-04-28 23:49:46,311 - DEBUG - STREAM b'pHYs' 41 9
2026-04-28 23:49:46,311 - DEBUG - STREAM b'PLTE' 62 207
2026-04-28 23:49:46,311 - DEBUG - STREAM b'IDAT' 281 18711
2026-04-28 23:49:46,314 - DEBUG - Starting new HTTPS connection (1): mt0.google.com:443
2026-04-28 23:49:47,352 - DEBUG - https://mt0.google.com:443 "GET /vt/lyrs=m&hl=es&x=36766&y=68472&z=17 HTTP/1.1" 200 178
2026-04-28 23:49:47,354 - DEBUG - STREAM b'IHDR' 16 13
2026-04-28 23:49:47,354 - DEBUG - STREAM b'pHYs' 41 9
2026-04-28 23:49:47,354 - DEBUG - STREAM b'PLTE' 62 3
2026-04-28 23:49:47,354 - DEBUG - STREAM b'IDAT' 77 85
2026-04-28 23:49:47,357 - DEBUG - Starting new HTTPS connection (1): mt0.google.com:443
2026-04-28 23:49:48,276 - DEBUG - https://mt0.google.com:443 "GET /vt/lyrs=m&hl=es&x=36767&y=68486&z=17 HTTP/1.1" 200 19327
2026-04-28 23:49:48,383 - DEBUG - STREAM b'IHDR' 16 13
2026-04-28 23:49:48,383 - DEBUG - STREAM b'pHYs' 41 9
2026-04-28 23:49:48,383 - DEBUG - STREAM b'PLTE' 62 186
2026-04-28 23:49:48,383 - DEBUG - STREAM b'IDAT' 260 19051
2026-04-28 23:49:48,388 - DEBUG - Starting new HTTPS connection (1): mt0.google.com:443
2026-04-28 23:49:49,194 - DEBUG - https://mt0.google.com:443 "GET /vt/lyrs=m&hl=es&x=36767&y=68472&z=17 HTTP/1.1" 200 178
2026-04-28 23:49:49,197 - DEBUG - STREAM b'IHDR' 16 13
2026-04-28 23:49:49,197 - DEBUG - STREAM b'pHYs' 41 9
2026-04-28 23:49:49,197 - DEBUG - STREAM b'PLTE' 62 3
2026-04-28 23:49:49,198 - DEBUG - STREAM b'IDAT' 77 85
2026-04-28 23:49:49,202 - DEBUG - Starting new HTTPS connection (1): mt0.google.com:443
2026-04-28 23:49:50,106 - DEBUG - https://mt0.google.com:443 "GET /vt/lyrs=m&hl=es&x=36768&y=68486&z=17 HTTP/1.1" 200 20801
2026-04-28 23:49:50,225 - DEBUG - STREAM b'IHDR' 16 13
2026-04-28 23:49:50,226 - DEBUG - STREAM b'pHYs' 41 9
2026-04-28 23:49:50,226 - DEBUG - STREAM b'PLTE' 62 219
2026-04-28 23:49:50,226 - DEBUG - STREAM b'IDAT' 293 20492
2026-04-28 23:49:50,229 - DEBUG - Starting new HTTPS connection (1): mt0.google.com:443
2026-04-28 23:49:51,016 - DEBUG - https://mt0.google.com:443 "GET /vt/lyrs=m&hl=es&x=36768&y=68472&z=17 HTTP/1.1" 200 178
2026-04-28 23:49:51,020 - DEBUG - STREAM b'IHDR' 16 13
2026-04-28 23:49:51,020 - DEBUG - STREAM b'pHYs' 41 9
2026-04-28 23:49:51,020 - DEBUG - STREAM b'PLTE' 62 3
2026-04-28 23:49:51,020 - DEBUG - STREAM b'IDAT' 77 85
2026-04-28 23:49:51,023 - DEBUG - Starting new HTTPS connection (1): mt0.google.com:443
2026-04-28 23:49:51,926 - DEBUG - https://mt0.google.com:443 "GET /vt/lyrs=m&hl=es&x=36769&y=68486&z=17 HTTP/1.1" 200 17541
2026-04-28 23:49:52,041 - DEBUG - STREAM b'IHDR' 16 13
2026-04-28 23:49:52,041 - DEBUG - STREAM b'pHYs' 41 9
2026-04-28 23:49:52,041 - DEBUG - STREAM b'PLTE' 62 156
2026-04-28 23:49:52,041 - DEBUG - STREAM b'IDAT' 230 17295
2026-04-28 23:49:52,046 - DEBUG - Starting new HTTPS connection (1): mt0.google.com:443
2026-04-28 23:49:52,966 - DEBUG - https://mt0.google.com:443 "GET /vt/lyrs=m&hl=es&x=36769&y=68472&z=17 HTTP/1.1" 200 1205
2026-04-28 23:49:52,970 - DEBUG - STREAM b'IHDR' 16 13
2026-04-28 23:49:52,972 - DEBUG - STREAM b'pHYs' 41 9
2026-04-28 23:49:52,972 - DEBUG - STREAM b'PLTE' 62 27
2026-04-28 23:49:52,972 - DEBUG - STREAM b'IDAT' 101 1088
2026-04-28 23:49:52,975 - DEBUG - Starting new HTTPS connection (1): mt0.google.com:443
2026-04-28 23:49:53,975 - DEBUG - https://mt0.google.com:443 "GET /vt/lyrs=m&hl=es&x=36770&y=68486&z=17 HTTP/1.1" 200 19166
2026-04-28 23:49:54,025 - DEBUG - STREAM b'IHDR' 16 13
2026-04-28 23:49:54,026 - DEBUG - STREAM b'pHYs' 41 9
2026-04-28 23:49:54,026 - DEBUG - STREAM b'PLTE' 62 159
2026-04-28 23:49:54,026 - DEBUG - STREAM b'IDAT' 233 18917
2026-04-28 23:49:54,030 - DEBUG - Starting new HTTPS connection (1): mt0.google.com:443
2026-04-28 23:49:54,862 - DEBUG - https://mt0.google.com:443 "GET /vt/lyrs=m&hl=es&x=36770&y=68472&z=17 HTTP/1.1" 200 7117
2026-04-28 23:49:54,874 - DEBUG - STREAM b'IHDR' 16 13
2026-04-28 23:49:54,874 - DEBUG - STREAM b'pHYs' 41 9
2026-04-28 23:49:54,874 - DEBUG - STREAM b'PLTE' 62 57
2026-04-28 23:49:54,874 - DEBUG - STREAM b'IDAT' 131 6970
2026-04-28 23:49:54,878 - DEBUG - Starting new HTTPS connection (1): mt0.google.com:443
2026-04-28 23:49:55,653 - DEBUG - https://mt0.google.com:443 "GET /vt/lyrs=m&hl=es&x=36771&y=68486&z=17 HTTP/1.1" 200 19177
2026-04-28 23:49:55,751 - DEBUG - STREAM b'IHDR' 16 13
2026-04-28 23:49:55,751 - DEBUG - STREAM b'pHYs' 41 9
2026-04-28 23:49:55,751 - DEBUG - STREAM b'PLTE' 62 141
2026-04-28 23:49:55,751 - DEBUG - STREAM b'IDAT' 215 18946
2026-04-28 23:49:55,756 - DEBUG - Starting new HTTPS connection (1): mt0.google.com:443
2026-04-28 23:49:56,492 - DEBUG - https://mt0.google.com:443 "GET /vt/lyrs=m&hl=es&x=36771&y=68472&z=17 HTTP/1.1" 200 1172
2026-04-28 23:49:56,494 - DEBUG - STREAM b'IHDR' 16 13
2026-04-28 23:49:56,495 - DEBUG - STREAM b'pHYs' 41 9
2026-04-28 23:49:56,495 - DEBUG - STREAM b'PLTE' 62 21
2026-04-28 23:49:56,495 - DEBUG - STREAM b'IDAT' 95 1061
2026-04-28 23:49:56,497 - DEBUG - Starting new HTTPS connection (1): mt0.google.com:443
2026-04-28 23:49:57,184 - DEBUG - https://mt0.google.com:443 "GET /vt/lyrs=m&hl=es&x=36772&y=68486&z=17 HTTP/1.1" 200 19911
2026-04-28 23:49:57,310 - DEBUG - STREAM b'IHDR' 16 13
2026-04-28 23:49:57,311 - DEBUG - STREAM b'pHYs' 41 9
2026-04-28 23:49:57,311 - DEBUG - STREAM b'PLTE' 62 99
2026-04-28 23:49:57,311 - DEBUG - STREAM b'IDAT' 173 19722
2026-04-28 23:49:57,314 - DEBUG - Starting new HTTPS connection (1): mt0.google.com:443
2026-04-28 23:49:57,951 - DEBUG - https://mt0.google.com:443 "GET /vt/lyrs=m&hl=es&x=36772&y=68472&z=17 HTTP/1.1" 200 178
2026-04-28 23:49:57,953 - DEBUG - STREAM b'IHDR' 16 13
2026-04-28 23:49:57,953 - DEBUG - STREAM b'pHYs' 41 9
2026-04-28 23:49:57,953 - DEBUG - STREAM b'PLTE' 62 3
2026-04-28 23:49:57,953 - DEBUG - STREAM b'IDAT' 77 85
2026-04-28 23:49:57,955 - DEBUG - Starting new HTTPS connection (1): mt0.google.com:443
2026-04-28 23:49:58,797 - DEBUG - https://mt0.google.com:443 "GET /vt/lyrs=m&hl=es&x=36773&y=68486&z=17 HTTP/1.1" 200 21885
2026-04-28 23:49:58,959 - DEBUG - STREAM b'IHDR' 16 13
2026-04-28 23:49:58,959 - DEBUG - STREAM b'pHYs' 41 9
2026-04-28 23:49:58,959 - DEBUG - STREAM b'PLTE' 62 150
2026-04-28 23:49:58,959 - DEBUG - STREAM b'IDAT' 224 21645
2026-04-28 23:49:58,962 - DEBUG - Starting new HTTPS connection (1): mt0.google.com:443
2026-04-28 23:49:59,655 - DEBUG - https://mt0.google.com:443 "GET /vt/lyrs=m&hl=es&x=36773&y=68472&z=17 HTTP/1.1" 200 178
2026-04-28 23:49:59,656 - DEBUG - STREAM b'IHDR' 16 13
2026-04-28 23:49:59,656 - DEBUG - STREAM b'pHYs' 41 9
2026-04-28 23:49:59,656 - DEBUG - STREAM b'PLTE' 62 3
2026-04-28 23:49:59,656 - DEBUG - STREAM b'IDAT' 77 85
2026-04-28 23:49:59,656 - DEBUG - Starting new HTTPS connection (1): mt0.google.com:443
2026-04-28 23:50:00,359 - DEBUG - https://mt0.google.com:443 "GET /vt/lyrs=m&hl=es&x=36774&y=68486&z=17 HTTP/1.1" 200 22333
2026-04-28 23:50:00,464 - DEBUG - STREAM b'IHDR' 16 13
2026-04-28 23:50:00,464 - DEBUG - STREAM b'pHYs' 41 9
2026-04-28 23:50:00,464 - DEBUG - STREAM b'PLTE' 62 150
2026-04-28 23:50:00,464 - DEBUG - STREAM b'IDAT' 224 22093
2026-04-28 23:50:00,467 - DEBUG - Starting new HTTPS connection (1): mt0.google.com:443
2026-04-28 23:50:01,202 - DEBUG - https://mt0.google.com:443 "GET /vt/lyrs=m&hl=es&x=36774&y=68472&z=17 HTTP/1.1" 200 637
2026-04-28 23:50:01,205 - DEBUG - STREAM b'IHDR' 16 13
2026-04-28 23:50:01,206 - DEBUG - STREAM b'pHYs' 41 9
2026-04-28 23:50:01,206 - DEBUG - STREAM b'PLTE' 62 6
2026-04-28 23:50:01,206 - DEBUG - STREAM b'IDAT' 80 541
2026-04-28 23:50:01,210 - DEBUG - Starting new HTTPS connection (1): mt0.google.com:443
2026-04-28 23:50:01,878 - DEBUG - https://mt0.google.com:443 "GET /vt/lyrs=m&hl=es&x=36775&y=68486&z=17 HTTP/1.1" 200 20716
2026-04-28 23:50:02,000 - DEBUG - STREAM b'IHDR' 16 13
2026-04-28 23:50:02,000 - DEBUG - STREAM b'pHYs' 41 9
2026-04-28 23:50:02,000 - DEBUG - STREAM b'PLTE' 62 189
2026-04-28 23:50:02,000 - DEBUG - STREAM b'IDAT' 263 20437
2026-04-28 23:50:02,003 - DEBUG - Starting new HTTPS connection (1): mt0.google.com:443
2026-04-28 23:50:02,681 - DEBUG - https://mt0.google.com:443 "GET /vt/lyrs=m&hl=es&x=36775&y=68472&z=17 HTTP/1.1" 200 444
2026-04-28 23:50:02,683 - DEBUG - STREAM b'IHDR' 16 13
2026-04-28 23:50:02,683 - DEBUG - STREAM b'pHYs' 41 9
2026-04-28 23:50:02,683 - DEBUG - STREAM b'PLTE' 62 6
2026-04-28 23:50:02,683 - DEBUG - STREAM b'IDAT' 80 348
2026-04-28 23:50:02,685 - DEBUG - Starting new HTTPS connection (1): mt0.google.com:443
2026-04-28 23:50:03,369 - DEBUG - https://mt0.google.com:443 "GET /vt/lyrs=m&hl=es&x=36776&y=68486&z=17 HTTP/1.1" 200 16608
2026-04-28 23:50:03,372 - DEBUG - STREAM b'IHDR' 16 13
2026-04-28 23:50:03,373 - DEBUG - STREAM b'pHYs' 41 9
2026-04-28 23:50:03,373 - DEBUG - STREAM b'PLTE' 62 162
2026-04-28 23:50:03,373 - DEBUG - STREAM b'IDAT' 236 16356
2026-04-28 23:50:03,374 - DEBUG - Starting new HTTPS connection (1): mt0.google.com:443
2026-04-28 23:50:04,042 - DEBUG - https://mt0.google.com:443 "GET /vt/lyrs=m&hl=es&x=36776&y=68472&z=17 HTTP/1.1" 200 178
2026-04-28 23:50:04,044 - DEBUG - STREAM b'IHDR' 16 13
2026-04-28 23:50:04,044 - DEBUG - STREAM b'pHYs' 41 9
2026-04-28 23:50:04,044 - DEBUG - STREAM b'PLTE' 62 3
2026-04-28 23:50:04,044 - DEBUG - STREAM b'IDAT' 77 85
2026-04-28 23:50:04,047 - DEBUG - Starting new HTTPS connection (1): mt0.google.com:443
2026-04-28 23:50:04,733 - DEBUG - https://mt0.google.com:443 "GET /vt/lyrs=m&hl=es&x=36776&y=68473&z=17 HTTP/1.1" 200 2137
2026-04-28 23:50:04,735 - DEBUG - STREAM b'IHDR' 16 13
2026-04-28 23:50:04,735 - DEBUG - STREAM b'pHYs' 41 9
2026-04-28 23:50:04,735 - DEBUG - STREAM b'PLTE' 62 45
2026-04-28 23:50:04,735 - DEBUG - STREAM b'IDAT' 119 2002
2026-04-28 23:50:04,738 - DEBUG - Starting new HTTPS connection (1): mt0.google.com:443
2026-04-28 23:50:05,418 - DEBUG - https://mt0.google.com:443 "GET /vt/lyrs=m&hl=es&x=36762&y=68473&z=17 HTTP/1.1" 200 178
2026-04-28 23:50:05,421 - DEBUG - STREAM b'IHDR' 16 13
2026-04-28 23:50:05,421 - DEBUG - STREAM b'pHYs' 41 9
2026-04-28 23:50:05,421 - DEBUG - STREAM b'PLTE' 62 3
2026-04-28 23:50:05,421 - DEBUG - STREAM b'IDAT' 77 85
2026-04-28 23:50:05,425 - DEBUG - Starting new HTTPS connection (1): mt0.google.com:443
2026-04-28 23:50:06,097 - DEBUG - https://mt0.google.com:443 "GET /vt/lyrs=m&hl=es&x=36776&y=68474&z=17 HTTP/1.1" 200 375
2026-04-28 23:50:06,098 - DEBUG - STREAM b'IHDR' 16 13
2026-04-28 23:50:06,098 - DEBUG - STREAM b'pHYs' 41 9
2026-04-28 23:50:06,098 - DEBUG - STREAM b'PLTE' 62 9
2026-04-28 23:50:06,098 - DEBUG - STREAM b'IDAT' 83 276
2026-04-28 23:50:06,101 - DEBUG - Starting new HTTPS connection (1): mt0.google.com:443
2026-04-28 23:50:06,787 - DEBUG - https://mt0.google.com:443 "GET /vt/lyrs=m&hl=es&x=36762&y=68474&z=17 HTTP/1.1" 200 2219
2026-04-28 23:50:06,787 - DEBUG - STREAM b'IHDR' 16 13
2026-04-28 23:50:06,787 - DEBUG - STREAM b'pHYs' 41 9
2026-04-28 23:50:06,791 - DEBUG - STREAM b'PLTE' 62 48
2026-04-28 23:50:06,791 - DEBUG - STREAM b'IDAT' 122 2081
2026-04-28 23:50:06,793 - DEBUG - Starting new HTTPS connection (1): mt0.google.com:443
2026-04-28 23:50:07,465 - DEBUG - https://mt0.google.com:443 "GET /vt/lyrs=m&hl=es&x=36776&y=68475&z=17 HTTP/1.1" 200 1320
2026-04-28 23:50:07,483 - DEBUG - STREAM b'IHDR' 16 13
2026-04-28 23:50:07,483 - DEBUG - STREAM b'pHYs' 41 9
2026-04-28 23:50:07,483 - DEBUG - STREAM b'PLTE' 62 30
2026-04-28 23:50:07,483 - DEBUG - STREAM b'IDAT' 104 1200
2026-04-28 23:50:07,485 - DEBUG - Starting new HTTPS connection (1): mt0.google.com:443
2026-04-28 23:50:08,269 - DEBUG - https://mt0.google.com:443 "GET /vt/lyrs=m&hl=es&x=36762&y=68475&z=17 HTTP/1.1" 200 2384
2026-04-28 23:50:08,271 - DEBUG - STREAM b'IHDR' 16 13
2026-04-28 23:50:08,271 - DEBUG - STREAM b'pHYs' 41 9
2026-04-28 23:50:08,271 - DEBUG - STREAM b'PLTE' 62 48
2026-04-28 23:50:08,271 - DEBUG - STREAM b'IDAT' 122 2246
2026-04-28 23:50:08,276 - DEBUG - Starting new HTTPS connection (1): mt0.google.com:443
2026-04-28 23:50:08,964 - DEBUG - https://mt0.google.com:443 "GET /vt/lyrs=m&hl=es&x=36776&y=68476&z=17 HTTP/1.1" 200 2085
2026-04-28 23:50:08,966 - DEBUG - STREAM b'IHDR' 16 13
2026-04-28 23:50:08,966 - DEBUG - STREAM b'pHYs' 41 9
2026-04-28 23:50:08,966 - DEBUG - STREAM b'PLTE' 62 30
2026-04-28 23:50:08,966 - DEBUG - STREAM b'IDAT' 104 1965
2026-04-28 23:50:08,968 - DEBUG - Starting new HTTPS connection (1): mt0.google.com:443
2026-04-28 23:50:09,655 - DEBUG - https://mt0.google.com:443 "GET /vt/lyrs=m&hl=es&x=36762&y=68476&z=17 HTTP/1.1" 200 178
2026-04-28 23:50:09,658 - DEBUG - STREAM b'IHDR' 16 13
2026-04-28 23:50:09,658 - DEBUG - STREAM b'pHYs' 41 9
2026-04-28 23:50:09,659 - DEBUG - STREAM b'PLTE' 62 3
2026-04-28 23:50:09,659 - DEBUG - STREAM b'IDAT' 77 85
2026-04-28 23:50:09,662 - DEBUG - Starting new HTTPS connection (1): mt0.google.com:443
2026-04-28 23:50:10,341 - DEBUG - https://mt0.google.com:443 "GET /vt/lyrs=m&hl=es&x=36776&y=68477&z=17 HTTP/1.1" 200 9220
2026-04-28 23:50:10,345 - DEBUG - STREAM b'IHDR' 16 13
2026-04-28 23:50:10,345 - DEBUG - STREAM b'pHYs' 41 9
2026-04-28 23:50:10,345 - DEBUG - STREAM b'PLTE' 62 165
2026-04-28 23:50:10,345 - DEBUG - STREAM b'IDAT' 239 8965
2026-04-28 23:50:10,349 - DEBUG - Starting new HTTPS connection (1): mt0.google.com:443
2026-04-28 23:50:11,144 - DEBUG - https://mt0.google.com:443 "GET /vt/lyrs=m&hl=es&x=36762&y=68477&z=17 HTTP/1.1" 200 643
2026-04-28 23:50:11,146 - DEBUG - STREAM b'IHDR' 16 13
2026-04-28 23:50:11,147 - DEBUG - STREAM b'pHYs' 41 9
2026-04-28 23:50:11,147 - DEBUG - STREAM b'PLTE' 62 21
2026-04-28 23:50:11,147 - DEBUG - STREAM b'IDAT' 95 532
2026-04-28 23:50:11,154 - DEBUG - Starting new HTTPS connection (1): mt0.google.com:443
2026-04-28 23:50:12,081 - DEBUG - https://mt0.google.com:443 "GET /vt/lyrs=m&hl=es&x=36776&y=68478&z=17 HTTP/1.1" 200 16050
2026-04-28 23:50:12,090 - DEBUG - STREAM b'IHDR' 16 13
2026-04-28 23:50:12,090 - DEBUG - STREAM b'pHYs' 41 9
2026-04-28 23:50:12,090 - DEBUG - STREAM b'PLTE' 62 153
2026-04-28 23:50:12,090 - DEBUG - STREAM b'IDAT' 227 15807
2026-04-28 23:50:12,092 - DEBUG - Starting new HTTPS connection (1): mt0.google.com:443
2026-04-28 23:50:12,893 - DEBUG - https://mt0.google.com:443 "GET /vt/lyrs=m&hl=es&x=36762&y=68478&z=17 HTTP/1.1" 200 178
2026-04-28 23:50:12,898 - DEBUG - STREAM b'IHDR' 16 13
2026-04-28 23:50:12,898 - DEBUG - STREAM b'pHYs' 41 9
2026-04-28 23:50:12,898 - DEBUG - STREAM b'PLTE' 62 3
2026-04-28 23:50:12,898 - DEBUG - STREAM b'IDAT' 77 85
2026-04-28 23:50:12,902 - DEBUG - Starting new HTTPS connection (1): mt0.google.com:443
2026-04-28 23:50:13,810 - DEBUG - https://mt0.google.com:443 "GET /vt/lyrs=m&hl=es&x=36776&y=68479&z=17 HTTP/1.1" 200 16332
2026-04-28 23:50:13,812 - DEBUG - STREAM b'IHDR' 16 13
2026-04-28 23:50:13,813 - DEBUG - STREAM b'pHYs' 41 9
2026-04-28 23:50:13,813 - DEBUG - STREAM b'PLTE' 62 141
2026-04-28 23:50:13,813 - DEBUG - STREAM b'IDAT' 215 16101
2026-04-28 23:50:13,817 - DEBUG - Starting new HTTPS connection (1): mt0.google.com:443
2026-04-28 23:50:14,488 - DEBUG - https://mt0.google.com:443 "GET /vt/lyrs=m&hl=es&x=36762&y=68479&z=17 HTTP/1.1" 200 178
2026-04-28 23:50:14,490 - DEBUG - STREAM b'IHDR' 16 13
2026-04-28 23:50:14,490 - DEBUG - STREAM b'pHYs' 41 9
2026-04-28 23:50:14,491 - DEBUG - STREAM b'PLTE' 62 3
2026-04-28 23:50:14,491 - DEBUG - STREAM b'IDAT' 77 85
2026-04-28 23:50:14,492 - DEBUG - Starting new HTTPS connection (1): mt0.google.com:443
2026-04-28 23:50:15,175 - DEBUG - https://mt0.google.com:443 "GET /vt/lyrs=m&hl=es&x=36776&y=68480&z=17 HTTP/1.1" 200 18662
2026-04-28 23:50:15,287 - DEBUG - STREAM b'IHDR' 16 13
2026-04-28 23:50:15,288 - DEBUG - STREAM b'pHYs' 41 9
2026-04-28 23:50:15,288 - DEBUG - STREAM b'PLTE' 62 159
2026-04-28 23:50:15,288 - DEBUG - STREAM b'IDAT' 233 18413
2026-04-28 23:50:15,290 - DEBUG - Starting new HTTPS connection (1): mt0.google.com:443
2026-04-28 23:50:16,089 - DEBUG - https://mt0.google.com:443 "GET /vt/lyrs=m&hl=es&x=36762&y=68480&z=17 HTTP/1.1" 200 9640
2026-04-28 23:50:16,099 - DEBUG - STREAM b'IHDR' 16 13
2026-04-28 23:50:16,099 - DEBUG - STREAM b'pHYs' 41 9
2026-04-28 23:50:16,099 - DEBUG - STREAM b'PLTE' 62 81
2026-04-28 23:50:16,099 - DEBUG - STREAM b'IDAT' 155 9469
2026-04-28 23:50:16,103 - DEBUG - Starting new HTTPS connection (1): mt0.google.com:443
2026-04-28 23:50:16,763 - DEBUG - https://mt0.google.com:443 "GET /vt/lyrs=m&hl=es&x=36776&y=68481&z=17 HTTP/1.1" 200 18841
2026-04-28 23:50:16,875 - DEBUG - STREAM b'IHDR' 16 13
2026-04-28 23:50:16,875 - DEBUG - STREAM b'pHYs' 41 9
2026-04-28 23:50:16,875 - DEBUG - STREAM b'PLTE' 62 186
2026-04-28 23:50:16,875 - DEBUG - STREAM b'IDAT' 260 18565
2026-04-28 23:50:16,877 - DEBUG - Starting new HTTPS connection (1): mt0.google.com:443
2026-04-28 23:50:17,553 - DEBUG - https://mt0.google.com:443 "GET /vt/lyrs=m&hl=es&x=36762&y=68481&z=17 HTTP/1.1" 200 16835
2026-04-28 23:50:17,567 - DEBUG - STREAM b'IHDR' 16 13
2026-04-28 23:50:17,567 - DEBUG - STREAM b'pHYs' 41 9
2026-04-28 23:50:17,568 - DEBUG - STREAM b'PLTE' 62 135
2026-04-28 23:50:17,568 - DEBUG - STREAM b'IDAT' 209 16610
2026-04-28 23:50:17,571 - DEBUG - Starting new HTTPS connection (1): mt0.google.com:443
2026-04-28 23:50:18,355 - DEBUG - https://mt0.google.com:443 "GET /vt/lyrs=m&hl=es&x=36776&y=68482&z=17 HTTP/1.1" 200 22389
2026-04-28 23:50:18,467 - DEBUG - STREAM b'IHDR' 16 13
2026-04-28 23:50:18,467 - DEBUG - STREAM b'pHYs' 41 9
2026-04-28 23:50:18,467 - DEBUG - STREAM b'PLTE' 62 240
2026-04-28 23:50:18,467 - DEBUG - STREAM b'IDAT' 314 22059
2026-04-28 23:50:18,470 - DEBUG - Starting new HTTPS connection (1): mt0.google.com:443
2026-04-28 23:50:19,034 - DEBUG - https://mt0.google.com:443 "GET /vt/lyrs=m&hl=es&x=36762&y=68482&z=17 HTTP/1.1" 200 17650
2026-04-28 23:50:19,154 - DEBUG - STREAM b'IHDR' 16 13
2026-04-28 23:50:19,154 - DEBUG - STREAM b'pHYs' 41 9
2026-04-28 23:50:19,154 - DEBUG - STREAM b'PLTE' 62 129
2026-04-28 23:50:19,154 - DEBUG - STREAM b'IDAT' 203 17431
2026-04-28 23:50:19,157 - DEBUG - Starting new HTTPS connection (1): mt0.google.com:443
2026-04-28 23:50:19,822 - DEBUG - https://mt0.google.com:443 "GET /vt/lyrs=m&hl=es&x=36776&y=68483&z=17 HTTP/1.1" 200 21345
2026-04-28 23:50:19,937 - DEBUG - STREAM b'IHDR' 16 13
2026-04-28 23:50:19,937 - DEBUG - STREAM b'pHYs' 41 9
2026-04-28 23:50:19,937 - DEBUG - STREAM b'PLTE' 62 144
2026-04-28 23:50:19,937 - DEBUG - STREAM b'IDAT' 218 21111
2026-04-28 23:50:19,940 - DEBUG - Starting new HTTPS connection (1): mt0.google.com:443
2026-04-28 23:50:20,623 - DEBUG - https://mt0.google.com:443 "GET /vt/lyrs=m&hl=es&x=36762&y=68483&z=17 HTTP/1.1" 200 17027
2026-04-28 23:50:20,738 - DEBUG - STREAM b'IHDR' 16 13
2026-04-28 23:50:20,740 - DEBUG - STREAM b'pHYs' 41 9
2026-04-28 23:50:20,740 - DEBUG - STREAM b'PLTE' 62 186
2026-04-28 23:50:20,740 - DEBUG - STREAM b'IDAT' 260 16751
2026-04-28 23:50:20,742 - DEBUG - Starting new HTTPS connection (1): mt0.google.com:443
2026-04-28 23:50:21,427 - DEBUG - https://mt0.google.com:443 "GET /vt/lyrs=m&hl=es&x=36776&y=68484&z=17 HTTP/1.1" 200 19115
2026-04-28 23:50:21,543 - DEBUG - STREAM b'IHDR' 16 13
2026-04-28 23:50:21,545 - DEBUG - STREAM b'pHYs' 41 9
2026-04-28 23:50:21,545 - DEBUG - STREAM b'PLTE' 62 225
2026-04-28 23:50:21,545 - DEBUG - STREAM b'IDAT' 299 18800
2026-04-28 23:50:21,547 - DEBUG - Starting new HTTPS connection (1): mt0.google.com:443
2026-04-28 23:50:22,223 - DEBUG - https://mt0.google.com:443 "GET /vt/lyrs=m&hl=es&x=36762&y=68484&z=17 HTTP/1.1" 200 14391
2026-04-28 23:50:22,231 - DEBUG - STREAM b'IHDR' 16 13
2026-04-28 23:50:22,231 - DEBUG - STREAM b'pHYs' 41 9
2026-04-28 23:50:22,231 - DEBUG - STREAM b'PLTE' 62 159
2026-04-28 23:50:22,231 - DEBUG - STREAM b'IDAT' 233 14142
2026-04-28 23:50:22,233 - DEBUG - Starting new HTTPS connection (1): mt0.google.com:443
2026-04-28 23:50:22,892 - INFO - ✅ Mapa actualizado: 421 clientes
2026-04-28 23:50:22,936 - DEBUG - https://mt0.google.com:443 "GET /vt/lyrs=m&hl=es&x=36776&y=68485&z=17 HTTP/1.1" 200 19637
2026-04-28 23:50:23,059 - DEBUG - STREAM b'IHDR' 16 13
2026-04-28 23:50:23,059 - DEBUG - STREAM b'pHYs' 41 9
2026-04-28 23:50:23,060 - DEBUG - STREAM b'PLTE' 62 174
2026-04-28 23:50:23,060 - DEBUG - STREAM b'IDAT' 248 19373
2026-04-28 23:50:23,062 - DEBUG - Starting new HTTPS connection (1): mt0.google.com:443
2026-04-28 23:50:23,735 - DEBUG - https://mt0.google.com:443 "GET /vt/lyrs=m&hl=es&x=36762&y=68485&z=17 HTTP/1.1" 200 18412
2026-04-28 23:50:23,847 - DEBUG - STREAM b'IHDR' 16 13
2026-04-28 23:50:23,847 - DEBUG - STREAM b'pHYs' 41 9
2026-04-28 23:50:23,847 - DEBUG - STREAM b'PLTE' 62 225
2026-04-28 23:50:23,847 - DEBUG - STREAM b'IDAT' 299 18097
2026-04-28 23:50:23,850 - DEBUG - Starting new HTTPS connection (1): mt0.google.com:443
2026-04-28 23:50:24,532 - DEBUG - https://mt0.google.com:443 "GET /vt/lyrs=m&hl=es&x=36761&y=68487&z=17 HTTP/1.1" 200 19616
2026-04-28 23:50:24,644 - DEBUG - STREAM b'IHDR' 16 13
2026-04-28 23:50:24,644 - DEBUG - STREAM b'pHYs' 41 9
2026-04-28 23:50:24,644 - DEBUG - STREAM b'PLTE' 62 150
2026-04-28 23:50:24,644 - DEBUG - STREAM b'IDAT' 224 19376
2026-04-28 23:50:24,648 - DEBUG - Starting new HTTPS connection (1): mt0.google.com:443
2026-04-28 23:50:25,331 - DEBUG - https://mt0.google.com:443 "GET /vt/lyrs=m&hl=es&x=36761&y=68471&z=17 HTTP/1.1" 200 178
2026-04-28 23:50:25,334 - DEBUG - STREAM b'IHDR' 16 13
2026-04-28 23:50:25,334 - DEBUG - STREAM b'pHYs' 41 9
2026-04-28 23:50:25,334 - DEBUG - STREAM b'PLTE' 62 3
2026-04-28 23:50:25,334 - DEBUG - STREAM b'IDAT' 77 85
2026-04-28 23:50:25,336 - DEBUG - Starting new HTTPS connection (1): mt0.google.com:443
2026-04-28 23:50:26,020 - DEBUG - https://mt0.google.com:443 "GET /vt/lyrs=m&hl=es&x=36762&y=68487&z=17 HTTP/1.1" 200 17845
2026-04-28 23:50:26,131 - DEBUG - STREAM b'IHDR' 16 13
2026-04-28 23:50:26,132 - DEBUG - STREAM b'pHYs' 41 9
2026-04-28 23:50:26,132 - DEBUG - STREAM b'PLTE' 62 156
2026-04-28 23:50:26,132 - DEBUG - STREAM b'IDAT' 230 17599
2026-04-28 23:50:26,134 - DEBUG - Starting new HTTPS connection (1): mt0.google.com:443
2026-04-28 23:50:26,818 - DEBUG - https://mt0.google.com:443 "GET /vt/lyrs=m&hl=es&x=36762&y=68471&z=17 HTTP/1.1" 200 178
2026-04-28 23:50:26,822 - DEBUG - STREAM b'IHDR' 16 13
2026-04-28 23:50:26,822 - DEBUG - STREAM b'pHYs' 41 9
2026-04-28 23:50:26,822 - DEBUG - STREAM b'PLTE' 62 3
2026-04-28 23:50:26,822 - DEBUG - STREAM b'IDAT' 77 85
2026-04-28 23:50:26,824 - DEBUG - Starting new HTTPS connection (1): mt0.google.com:443
2026-04-28 23:50:27,496 - DEBUG - https://mt0.google.com:443 "GET /vt/lyrs=m&hl=es&x=36763&y=68487&z=17 HTTP/1.1" 200 18895
2026-04-28 23:50:27,610 - DEBUG - STREAM b'IHDR' 16 13
2026-04-28 23:50:27,610 - DEBUG - STREAM b'pHYs' 41 9
2026-04-28 23:50:27,610 - DEBUG - STREAM b'PLTE' 62 138
2026-04-28 23:50:27,610 - DEBUG - STREAM b'IDAT' 212 18667
2026-04-28 23:50:27,610 - DEBUG - Starting new HTTPS connection (1): mt0.google.com:443
2026-04-28 23:50:28,303 - DEBUG - https://mt0.google.com:443 "GET /vt/lyrs=m&hl=es&x=36763&y=68471&z=17 HTTP/1.1" 200 178
2026-04-28 23:50:28,304 - DEBUG - STREAM b'IHDR' 16 13
2026-04-28 23:50:28,306 - DEBUG - STREAM b'pHYs' 41 9
2026-04-28 23:50:28,306 - DEBUG - STREAM b'PLTE' 62 3
2026-04-28 23:50:28,306 - DEBUG - STREAM b'IDAT' 77 85
2026-04-28 23:50:28,307 - DEBUG - Starting new HTTPS connection (1): mt0.google.com:443
2026-04-28 23:50:28,995 - DEBUG - https://mt0.google.com:443 "GET /vt/lyrs=m&hl=es&x=36764&y=68487&z=17 HTTP/1.1" 200 20155
2026-04-28 23:50:29,049 - DEBUG - STREAM b'IHDR' 16 13
2026-04-28 23:50:29,049 - DEBUG - STREAM b'pHYs' 41 9
2026-04-28 23:50:29,050 - DEBUG - STREAM b'PLTE' 62 180
2026-04-28 23:50:29,050 - DEBUG - STREAM b'IDAT' 254 19885
2026-04-28 23:50:29,053 - DEBUG - Starting new HTTPS connection (1): mt0.google.com:443
2026-04-28 23:50:29,632 - DEBUG - https://mt0.google.com:443 "GET /vt/lyrs=m&hl=es&x=36764&y=68471&z=17 HTTP/1.1" 200 178
2026-04-28 23:50:29,637 - DEBUG - STREAM b'IHDR' 16 13
2026-04-28 23:50:29,637 - DEBUG - STREAM b'pHYs' 41 9
2026-04-28 23:50:29,637 - DEBUG - STREAM b'PLTE' 62 3
2026-04-28 23:50:29,637 - DEBUG - STREAM b'IDAT' 77 85
2026-04-28 23:50:29,640 - DEBUG - Starting new HTTPS connection (1): mt0.google.com:443
2026-04-28 23:50:30,268 - DEBUG - https://mt0.google.com:443 "GET /vt/lyrs=m&hl=es&x=36765&y=68487&z=17 HTTP/1.1" 200 21864
2026-04-28 23:50:30,339 - DEBUG - STREAM b'IHDR' 16 13
2026-04-28 23:50:30,339 - DEBUG - STREAM b'pHYs' 41 9
2026-04-28 23:50:30,339 - DEBUG - STREAM b'PLTE' 62 213
2026-04-28 23:50:30,339 - DEBUG - STREAM b'IDAT' 287 21561
2026-04-28 23:50:30,342 - DEBUG - Starting new HTTPS connection (1): mt0.google.com:443
2026-04-28 23:50:30,841 - DEBUG - https://mt0.google.com:443 "GET /vt/lyrs=m&hl=es&x=36765&y=68471&z=17 HTTP/1.1" 200 178
2026-04-28 23:50:30,843 - DEBUG - STREAM b'IHDR' 16 13
2026-04-28 23:50:30,843 - DEBUG - STREAM b'pHYs' 41 9
2026-04-28 23:50:30,843 - DEBUG - STREAM b'PLTE' 62 3
2026-04-28 23:50:30,843 - DEBUG - STREAM b'IDAT' 77 85
2026-04-28 23:50:30,851 - DEBUG - Starting new HTTPS connection (1): mt0.google.com:443
2026-04-28 23:50:30,853 - DEBUG - Starting new HTTPS connection (1): mt0.google.com:443
2026-04-28 23:50:30,856 - DEBUG - Starting new HTTPS connection (1): mt0.google.com:443
2026-04-28 23:50:30,857 - DEBUG - Starting new HTTPS connection (1): mt0.google.com:443
2026-04-28 23:50:30,857 - DEBUG - Starting new HTTPS connection (1): mt0.google.com:443
2026-04-28 23:50:30,859 - DEBUG - Starting new HTTPS connection (1): mt0.google.com:443
2026-04-28 23:50:30,870 - DEBUG - Starting new HTTPS connection (1): mt0.google.com:443
2026-04-28 23:50:30,871 - DEBUG - Starting new HTTPS connection (1): mt0.google.com:443
2026-04-28 23:50:30,871 - DEBUG - Starting new HTTPS connection (1): mt0.google.com:443
2026-04-28 23:50:30,872 - DEBUG - Starting new HTTPS connection (1): mt0.google.com:443
2026-04-28 23:50:30,886 - DEBUG - Starting new HTTPS connection (1): mt0.google.com:443
2026-04-28 23:50:30,886 - DEBUG - Starting new HTTPS connection (1): mt0.google.com:443
2026-04-28 23:50:30,888 - DEBUG - Starting new HTTPS connection (1): mt0.google.com:443
2026-04-28 23:50:31,793 - DEBUG - https://mt0.google.com:443 "GET /vt/lyrs=m&hl=es&x=36756&y=68484&z=17 HTTP/1.1" 200 21766
2026-04-28 23:50:31,793 - DEBUG - https://mt0.google.com:443 "GET /vt/lyrs=m&hl=es&x=36757&y=68484&z=17 HTTP/1.1" 200 16050
2026-04-28 23:50:31,793 - DEBUG - https://mt0.google.com:443 "GET /vt/lyrs=m&hl=es&x=36756&y=68485&z=17 HTTP/1.1" 200 21367
2026-04-28 23:50:31,793 - DEBUG - https://mt0.google.com:443 "GET /vt/lyrs=m&hl=es&x=36758&y=68484&z=17 HTTP/1.1" 200 18085
2026-04-28 23:50:31,796 - DEBUG - https://mt0.google.com:443 "GET /vt/lyrs=m&hl=es&x=36759&y=68484&z=17 HTTP/1.1" 200 17077
2026-04-28 23:50:31,799 - DEBUG - https://mt0.google.com:443 "GET /vt/lyrs=m&hl=es&x=36757&y=68485&z=17 HTTP/1.1" 200 21657
2026-04-28 23:50:31,799 - DEBUG - https://mt0.google.com:443 "GET /vt/lyrs=m&hl=es&x=36766&y=68487&z=17 HTTP/1.1" 200 19946
2026-04-28 23:50:31,801 - DEBUG - https://mt0.google.com:443 "GET /vt/lyrs=m&hl=es&x=36758&y=68486&z=17 HTTP/1.1" 200 22558
2026-04-28 23:50:31,803 - DEBUG - https://mt0.google.com:443 "GET /vt/lyrs=m&hl=es&x=36758&y=68485&z=17 HTTP/1.1" 200 21976
2026-04-28 23:50:31,804 - DEBUG - https://mt0.google.com:443 "GET /vt/lyrs=m&hl=es&x=36759&y=68485&z=17 HTTP/1.1" 200 20847
2026-04-28 23:50:31,809 - DEBUG - STREAM b'IHDR' 16 13
2026-04-28 23:50:31,809 - DEBUG - STREAM b'pHYs' 41 9
2026-04-28 23:50:31,809 - DEBUG - STREAM b'PLTE' 62 123
2026-04-28 23:50:31,809 - DEBUG - STREAM b'IDAT' 197 15837
2026-04-28 23:50:31,809 - DEBUG - https://mt0.google.com:443 "GET /vt/lyrs=m&hl=es&x=36759&y=68486&z=17 HTTP/1.1" 200 21081
2026-04-28 23:50:31,907 - DEBUG - STREAM b'IHDR' 16 13
2026-04-28 23:50:31,907 - DEBUG - STREAM b'pHYs' 41 9
2026-04-28 23:50:31,907 - DEBUG - STREAM b'PLTE' 62 144
2026-04-28 23:50:31,910 - DEBUG - STREAM b'IHDR' 16 13
2026-04-28 23:50:31,910 - DEBUG - STREAM b'IDAT' 218 16843
2026-04-28 23:50:31,911 - DEBUG - STREAM b'IHDR' 16 13
2026-04-28 23:50:31,913 - DEBUG - STREAM b'IHDR' 16 13
2026-04-28 23:50:31,913 - DEBUG - https://mt0.google.com:443 "GET /vt/lyrs=m&hl=es&x=36756&y=68486&z=17 HTTP/1.1" 200 20730
2026-04-28 23:50:31,913 - DEBUG - https://mt0.google.com:443 "GET /vt/lyrs=m&hl=es&x=36757&y=68486&z=17 HTTP/1.1" 200 21449
2026-04-28 23:50:31,915 - DEBUG - STREAM b'IHDR' 16 13
2026-04-28 23:50:31,918 - DEBUG - STREAM b'IHDR' 16 13
2026-04-28 23:50:31,918 - DEBUG - STREAM b'pHYs' 41 9
2026-04-28 23:50:31,921 - DEBUG - STREAM b'IHDR' 16 13
2026-04-28 23:50:31,924 - DEBUG - STREAM b'IHDR' 16 13
2026-04-28 23:50:31,926 - DEBUG - STREAM b'IHDR' 16 13
2026-04-28 23:50:31,926 - DEBUG - STREAM b'pHYs' 41 9
2026-04-28 23:50:31,926 - DEBUG - STREAM b'IHDR' 16 13
2026-04-28 23:50:31,926 - DEBUG - STREAM b'pHYs' 41 9
2026-04-28 23:50:31,928 - DEBUG - STREAM b'pHYs' 41 9
2026-04-28 23:50:31,928 - DEBUG - STREAM b'pHYs' 41 9
2026-04-28 23:50:31,928 - DEBUG - STREAM b'PLTE' 62 105
2026-04-28 23:50:31,929 - DEBUG - STREAM b'pHYs' 41 9
2026-04-28 23:50:31,929 - DEBUG - STREAM b'pHYs' 41 9
2026-04-28 23:50:31,929 - DEBUG - STREAM b'pHYs' 41 9
2026-04-28 23:50:31,929 - DEBUG - STREAM b'PLTE' 62 135
2026-04-28 23:50:31,929 - DEBUG - STREAM b'pHYs' 41 9
2026-04-28 23:50:31,929 - DEBUG - STREAM b'PLTE' 62 132
2026-04-28 23:50:31,929 - DEBUG - STREAM b'IDAT' 206 19724
2026-04-28 23:50:31,929 - DEBUG - STREAM b'PLTE' 62 171
2026-04-28 23:50:31,929 - DEBUG - STREAM b'IDAT' 179 17890
2026-04-28 23:50:31,929 - DEBUG - STREAM b'PLTE' 62 234
2026-04-28 23:50:31,929 - DEBUG - STREAM b'PLTE' 62 174
2026-04-28 23:50:31,929 - DEBUG - STREAM b'PLTE' 62 186
2026-04-28 23:50:31,929 - DEBUG - STREAM b'IDAT' 209 20622
2026-04-28 23:50:31,929 - DEBUG - STREAM b'PLTE' 62 96
2026-04-28 23:50:31,929 - DEBUG - STREAM b'PLTE' 62 168
2026-04-28 23:50:31,929 - DEBUG - STREAM b'IDAT' 245 21106
2026-04-28 23:50:31,929 - DEBUG - STREAM b'IDAT' 308 21442
2026-04-28 23:50:31,929 - DEBUG - STREAM b'IDAT' 248 21712
2026-04-28 23:50:31,929 - DEBUG - STREAM b'IDAT' 260 22282
2026-04-28 23:50:31,929 - DEBUG - STREAM b'IDAT' 170 20895
2026-04-28 23:50:31,929 - DEBUG - STREAM b'IDAT' 242 21399
2026-04-28 23:50:31,933 - DEBUG - Starting new HTTPS connection (1): mt0.google.com:443
2026-04-28 23:50:31,966 - DEBUG - STREAM b'IHDR' 16 13
2026-04-28 23:50:31,966 - DEBUG - STREAM b'pHYs' 41 9
2026-04-28 23:50:31,966 - DEBUG - STREAM b'PLTE' 62 177
2026-04-28 23:50:31,966 - DEBUG - STREAM b'IDAT' 251 21182
2026-04-28 23:50:31,969 - DEBUG - STREAM b'IHDR' 16 13
2026-04-28 23:50:31,969 - DEBUG - STREAM b'pHYs' 41 9
2026-04-28 23:50:31,969 - DEBUG - STREAM b'PLTE' 62 153
2026-04-28 23:50:31,969 - DEBUG - STREAM b'IDAT' 227 20487
2026-04-28 23:50:32,542 - DEBUG - https://mt0.google.com:443 "GET /vt/lyrs=m&hl=es&x=36767&y=68493&z=17 HTTP/1.1" 200 18341
2026-04-28 23:50:32,593 - DEBUG - STREAM b'IHDR' 16 13
2026-04-28 23:50:32,593 - DEBUG - STREAM b'pHYs' 41 9
2026-04-28 23:50:32,593 - DEBUG - STREAM b'PLTE' 62 90
2026-04-28 23:50:32,593 - DEBUG - STREAM b'IDAT' 164 18161
2026-04-28 23:50:32,594 - DEBUG - Starting new HTTPS connection (1): mt0.google.com:443
2026-04-28 23:50:32,794 - DEBUG - Starting new HTTPS connection (1): mt0.google.com:443
2026-04-28 23:50:32,795 - DEBUG - Starting new HTTPS connection (1): mt0.google.com:443
2026-04-28 23:50:32,796 - DEBUG - Starting new HTTPS connection (1): mt0.google.com:443
2026-04-28 23:50:32,796 - DEBUG - Starting new HTTPS connection (1): mt0.google.com:443
2026-04-28 23:50:32,799 - DEBUG - Starting new HTTPS connection (1): mt0.google.com:443
2026-04-28 23:50:32,799 - DEBUG - Starting new HTTPS connection (1): mt0.google.com:443
2026-04-28 23:50:32,804 - DEBUG - Starting new HTTPS connection (1): mt0.google.com:443
2026-04-28 23:50:32,809 - DEBUG - Starting new HTTPS connection (1): mt0.google.com:443
2026-04-28 23:50:32,809 - DEBUG - Starting new HTTPS connection (1): mt0.google.com:443
2026-04-28 23:50:32,810 - DEBUG - Starting new HTTPS connection (1): mt0.google.com:443
2026-04-28 23:50:32,811 - DEBUG - Starting new HTTPS connection (1): mt0.google.com:443
2026-04-28 23:50:32,811 - DEBUG - Starting new HTTPS connection (1): mt0.google.com:443
2026-04-28 23:50:33,764 - DEBUG - https://mt0.google.com:443 "GET /vt/lyrs=m&hl=es&x=73514&y=136970&z=18 HTTP/1.1" 200 14170
2026-04-28 23:50:33,764 - DEBUG - https://mt0.google.com:443 "GET /vt/lyrs=m&hl=es&x=36768&y=68493&z=17 HTTP/1.1" 200 17467
2026-04-28 23:50:33,764 - DEBUG - https://mt0.google.com:443 "GET /vt/lyrs=m&hl=es&x=73514&y=136971&z=18 HTTP/1.1" 200 15352
2026-04-28 23:50:33,768 - DEBUG - STREAM b'IHDR' 16 13
2026-04-28 23:50:33,770 - DEBUG - https://mt0.google.com:443 "GET /vt/lyrs=m&hl=es&x=73515&y=136971&z=18 HTTP/1.1" 200 13292
2026-04-28 23:50:33,770 - DEBUG - https://mt0.google.com:443 "GET /vt/lyrs=m&hl=es&x=73515&y=136970&z=18 HTTP/1.1" 200 16620
2026-04-28 23:50:33,770 - DEBUG - https://mt0.google.com:443 "GET /vt/lyrs=m&hl=es&x=73515&y=136969&z=18 HTTP/1.1" 200 18460
2026-04-28 23:50:33,771 - DEBUG - https://mt0.google.com:443 "GET /vt/lyrs=m&hl=es&x=73516&y=136971&z=18 HTTP/1.1" 200 15706
2026-04-28 23:50:33,772 - DEBUG - STREAM b'pHYs' 41 9
2026-04-28 23:50:33,772 - DEBUG - STREAM b'PLTE' 62 144
2026-04-28 23:50:33,772 - DEBUG - STREAM b'IDAT' 218 13936
2026-04-28 23:50:33,775 - DEBUG - STREAM b'IHDR' 16 13
2026-04-28 23:50:33,775 - DEBUG - STREAM b'IHDR' 16 13
2026-04-28 23:50:33,775 - DEBUG - STREAM b'pHYs' 41 9
2026-04-28 23:50:33,775 - DEBUG - STREAM b'pHYs' 41 9
2026-04-28 23:50:33,775 - DEBUG - STREAM b'PLTE' 62 156
2026-04-28 23:50:33,775 - DEBUG - STREAM b'PLTE' 62 153
2026-04-28 23:50:33,779 - DEBUG - STREAM b'IHDR' 16 13
2026-04-28 23:50:33,779 - DEBUG - STREAM b'IHDR' 16 13
2026-04-28 23:50:33,779 - DEBUG - STREAM b'IDAT' 230 13046
2026-04-28 23:50:33,781 - DEBUG - STREAM b'IDAT' 227 15109
2026-04-28 23:50:33,781 - DEBUG - STREAM b'pHYs' 41 9
2026-04-28 23:50:33,781 - DEBUG - STREAM b'pHYs' 41 9
2026-04-28 23:50:33,781 - DEBUG - STREAM b'PLTE' 62 192
2026-04-28 23:50:33,781 - DEBUG - STREAM b'PLTE' 62 207
2026-04-28 23:50:33,781 - DEBUG - STREAM b'IDAT' 266 15424
2026-04-28 23:50:33,781 - DEBUG - STREAM b'IDAT' 281 16323
2026-04-28 23:50:33,908 - DEBUG - https://mt0.google.com:443 "GET /vt/lyrs=m&hl=es&x=73517&y=136969&z=18 HTTP/1.1" 200 10434
2026-04-28 23:50:33,913 - DEBUG - https://mt0.google.com:443 "GET /vt/lyrs=m&hl=es&x=73516&y=136969&z=18 HTTP/1.1" 200 15208
2026-04-28 23:50:33,916 - DEBUG - STREAM b'IHDR' 16 13
2026-04-28 23:50:33,918 - DEBUG - STREAM b'IHDR' 16 13
2026-04-28 23:50:33,918 - DEBUG - https://mt0.google.com:443 "GET /vt/lyrs=m&hl=es&x=73517&y=136971&z=18 HTTP/1.1" 200 15769
2026-04-28 23:50:33,918 - DEBUG - https://mt0.google.com:443 "GET /vt/lyrs=m&hl=es&x=73514&y=136969&z=18 HTTP/1.1" 200 10783
2026-04-28 23:50:33,920 - DEBUG - https://mt0.google.com:443 "GET /vt/lyrs=m&hl=es&x=73517&y=136970&z=18 HTTP/1.1" 200 14279
2026-04-28 23:50:33,921 - DEBUG - STREAM b'IHDR' 16 13
2026-04-28 23:50:33,921 - DEBUG - https://mt0.google.com:443 "GET /vt/lyrs=m&hl=es&x=73516&y=136970&z=18 HTTP/1.1" 200 14652
2026-04-28 23:50:33,921 - DEBUG - STREAM b'pHYs' 41 9
2026-04-28 23:50:33,921 - DEBUG - STREAM b'pHYs' 41 9
2026-04-28 23:50:33,923 - DEBUG - STREAM b'pHYs' 41 9
2026-04-28 23:50:33,925 - DEBUG - STREAM b'IHDR' 16 13
2026-04-28 23:50:33,925 - DEBUG - STREAM b'PLTE' 62 243
2026-04-28 23:50:33,925 - DEBUG - STREAM b'PLTE' 62 96
2026-04-28 23:50:33,927 - DEBUG - STREAM b'IHDR' 16 13
2026-04-28 23:50:33,927 - DEBUG - STREAM b'PLTE' 62 81
2026-04-28 23:50:33,927 - DEBUG - STREAM b'pHYs' 41 9
2026-04-28 23:50:33,927 - DEBUG - STREAM b'IHDR' 16 13
2026-04-28 23:50:33,927 - DEBUG - STREAM b'IDAT' 317 18127
2026-04-28 23:50:33,927 - DEBUG - STREAM b'IDAT' 170 17281
2026-04-28 23:50:33,930 - DEBUG - STREAM b'IHDR' 16 13
2026-04-28 23:50:33,931 - DEBUG - STREAM b'IHDR' 16 13
2026-04-28 23:50:33,931 - DEBUG - STREAM b'pHYs' 41 9
2026-04-28 23:50:33,933 - DEBUG - STREAM b'IDAT' 155 10263
2026-04-28 23:50:33,933 - DEBUG - STREAM b'PLTE' 62 87
2026-04-28 23:50:33,933 - DEBUG - STREAM b'pHYs' 41 9
2026-04-28 23:50:33,933 - DEBUG - STREAM b'pHYs' 41 9
2026-04-28 23:50:33,933 - DEBUG - STREAM b'pHYs' 41 9
2026-04-28 23:50:33,933 - DEBUG - STREAM b'PLTE' 62 165
2026-04-28 23:50:33,933 - DEBUG - STREAM b'IDAT' 161 15031
2026-04-28 23:50:33,933 - DEBUG - STREAM b'PLTE' 62 129
2026-04-28 23:50:33,933 - DEBUG - STREAM b'IDAT' 203 10564
2026-04-28 23:50:33,933 - DEBUG - STREAM b'PLTE' 62 117
2026-04-28 23:50:33,933 - DEBUG - STREAM b'IDAT' 239 15514
2026-04-28 23:50:33,933 - DEBUG - STREAM b'PLTE' 62 78
2026-04-28 23:50:33,933 - DEBUG - STREAM b'IDAT' 191 14445
2026-04-28 23:50:33,933 - DEBUG - STREAM b'IDAT' 152 14111
2026-04-28 23:50:33,936 - DEBUG - Starting new HTTPS connection (1): mt0.google.com:443
2026-04-28 23:50:34,702 - DEBUG - Starting new HTTPS connection (1): mt0.google.com:443
2026-04-28 23:50:34,702 - DEBUG - Starting new HTTPS connection (1): mt0.google.com:443
2026-04-28 23:50:34,702 - DEBUG - Starting new HTTPS connection (1): mt0.google.com:443
2026-04-28 23:50:34,703 - DEBUG - Starting new HTTPS connection (1): mt0.google.com:443
2026-04-28 23:50:34,765 - DEBUG - https://mt0.google.com:443 "GET /vt/lyrs=m&hl=es&x=36768&y=136962&z=17 HTTP/1.1" 400 1555
2026-04-28 23:50:34,768 - DEBUG - Starting new HTTPS connection (1): mt0.google.com:443
2026-04-28 23:50:35,318 - DEBUG - Starting new HTTPS connection (1): mt0.google.com:443
2026-04-28 23:50:35,321 - DEBUG - Starting new HTTPS connection (1): mt0.google.com:443
2026-04-28 23:50:35,325 - DEBUG - Starting new HTTPS connection (1): mt0.google.com:443
2026-04-28 23:50:35,342 - DEBUG - Starting new HTTPS connection (1): mt0.google.com:443
2026-04-28 23:50:35,371 - DEBUG - Starting new HTTPS connection (1): mt0.google.com:443
2026-04-28 23:50:35,371 - DEBUG - Starting new HTTPS connection (1): mt0.google.com:443
2026-04-28 23:50:35,371 - DEBUG - Starting new HTTPS connection (1): mt0.google.com:443
2026-04-28 23:50:35,373 - DEBUG - Starting new HTTPS connection (1): mt0.google.com:443
2026-04-28 23:50:35,374 - DEBUG - Starting new HTTPS connection (1): mt0.google.com:443
2026-04-28 23:50:35,374 - DEBUG - Starting new HTTPS connection (1): mt0.google.com:443
2026-04-28 23:50:35,378 - DEBUG - Starting new HTTPS connection (1): mt0.google.com:443
2026-04-28 23:50:35,378 - DEBUG - Starting new HTTPS connection (1): mt0.google.com:443
2026-04-28 23:50:35,378 - DEBUG - Starting new HTTPS connection (1): mt0.google.com:443
2026-04-28 23:50:35,378 - DEBUG - Starting new HTTPS connection (1): mt0.google.com:443
2026-04-28 23:50:35,378 - DEBUG - Starting new HTTPS connection (1): mt0.google.com:443
2026-04-28 23:50:35,378 - DEBUG - Starting new HTTPS connection (1): mt0.google.com:443
2026-04-28 23:50:35,564 - DEBUG - https://mt0.google.com:443 "GET /vt/lyrs=m&hl=es&x=36769&y=136978&z=17 HTTP/1.1" 400 1555
2026-04-28 23:50:35,564 - DEBUG - https://mt0.google.com:443 "GET /vt/lyrs=m&hl=es&x=73517&y=136968&z=18 HTTP/1.1" 200 6921
2026-04-28 23:50:35,564 - DEBUG - https://mt0.google.com:443 "GET /vt/lyrs=m&hl=es&x=73515&y=136968&z=18 HTTP/1.1" 200 5116
2026-04-28 23:50:35,564 - DEBUG - https://mt0.google.com:443 "GET /vt/lyrs=m&hl=es&x=73516&y=136968&z=18 HTTP/1.1" 200 15017
2026-04-28 23:50:35,568 - DEBUG - STREAM b'IHDR' 16 13
2026-04-28 23:50:35,568 - DEBUG - STREAM b'pHYs' 41 9
2026-04-28 23:50:35,568 - DEBUG - STREAM b'PLTE' 62 108
2026-04-28 23:50:35,568 - DEBUG - STREAM b'IDAT' 182 4918
2026-04-28 23:50:35,570 - DEBUG - STREAM b'IHDR' 16 13
2026-04-28 23:50:35,570 - DEBUG - STREAM b'pHYs' 41 9
2026-04-28 23:50:35,570 - DEBUG - STREAM b'PLTE' 62 84
2026-04-28 23:50:35,570 - DEBUG - STREAM b'IDAT' 158 6747
2026-04-28 23:50:35,573 - DEBUG - Starting new HTTPS connection (1): mt0.google.com:443
2026-04-28 23:50:35,592 - DEBUG - https://mt0.google.com:443 "GET /vt/lyrs=m&hl=es&x=73514&y=136968&z=18 HTTP/1.1" 200 12747
2026-04-28 23:50:35,730 - DEBUG - Starting new HTTPS connection (1): mt0.google.com:443
2026-04-28 23:50:35,730 - DEBUG - Starting new HTTPS connection (1): mt0.google.com:443
2026-04-28 23:50:35,698 - DEBUG - Starting new HTTPS connection (1): mt0.google.com:443
2026-04-28 23:50:35,733 - DEBUG - Starting new HTTPS connection (1): mt0.google.com:443
2026-04-28 23:50:35,735 - DEBUG - Starting new HTTPS connection (1): mt0.google.com:443
2026-04-28 23:50:35,735 - DEBUG - Starting new HTTPS connection (1): mt0.google.com:443
2026-04-28 23:50:35,753 - DEBUG - Starting new HTTPS connection (1): mt0.google.com:443
2026-04-28 23:50:35,881 - DEBUG - STREAM b'IHDR' 16 13
2026-04-28 23:50:35,881 - DEBUG - STREAM b'pHYs' 41 9
2026-04-28 23:50:35,881 - DEBUG - STREAM b'PLTE' 62 168
2026-04-28 23:50:35,881 - DEBUG - STREAM b'IDAT' 242 14759
2026-04-28 23:50:35,883 - DEBUG - STREAM b'IHDR' 16 13
2026-04-28 23:50:35,883 - DEBUG - STREAM b'pHYs' 41 9
2026-04-28 23:50:35,883 - DEBUG - STREAM b'PLTE' 62 162
2026-04-28 23:50:35,883 - DEBUG - STREAM b'IDAT' 236 12495
2026-04-28 23:50:35,887 - DEBUG - Starting new HTTPS connection (1): mt0.google.com:443
2026-04-28 23:50:35,893 - DEBUG - Starting new HTTPS connection (1): mt0.google.com:443
2026-04-28 23:50:36,600 - DEBUG - https://mt0.google.com:443 "GET /vt/lyrs=m&hl=es&x=36756&y=68483&z=17 HTTP/1.1" 200 20762
2026-04-28 23:50:36,602 - DEBUG - https://mt0.google.com:443 "GET /vt/lyrs=m&hl=es&x=18379&y=34243&z=16 HTTP/1.1" 200 13628
2026-04-28 23:50:36,620 - DEBUG - https://mt0.google.com:443 "GET /vt/lyrs=m&hl=es&x=18380&y=34243&z=16 HTTP/1.1" 200 11772
2026-04-28 23:50:36,622 - DEBUG - https://mt0.google.com:443 "GET /vt/lyrs=m&hl=es&x=18377&y=34242&z=16 HTTP/1.1" 200 14348
2026-04-28 23:50:36,625 - DEBUG - STREAM b'IHDR' 16 13
2026-04-28 23:50:36,627 - DEBUG - STREAM b'IHDR' 16 13
2026-04-28 23:50:36,629 - DEBUG - STREAM b'IHDR' 16 13
2026-04-28 23:50:36,629 - DEBUG - STREAM b'pHYs' 41 9
2026-04-28 23:50:36,629 - DEBUG - STREAM b'pHYs' 41 9
2026-04-28 23:50:36,630 - DEBUG - STREAM b'pHYs' 41 9
2026-04-28 23:50:36,630 - DEBUG - STREAM b'PLTE' 62 108
2026-04-28 23:50:36,630 - DEBUG - STREAM b'PLTE' 62 126
2026-04-28 23:50:36,630 - DEBUG - STREAM b'PLTE' 62 141
2026-04-28 23:50:36,630 - DEBUG - STREAM b'IDAT' 182 11574
2026-04-28 23:50:36,630 - DEBUG - STREAM b'IDAT' 200 13412
2026-04-28 23:50:36,630 - DEBUG - STREAM b'IDAT' 215 14117
2026-04-28 23:50:36,636 - DEBUG - Starting new HTTPS connection (1): mt0.google.com:443
2026-04-28 23:50:36,640 - DEBUG - Starting new HTTPS connection (1): mt0.google.com:443
2026-04-28 23:50:36,642 - DEBUG - Starting new HTTPS connection (1): mt0.google.com:443
2026-04-28 23:50:36,668 - DEBUG - STREAM b'IHDR' 16 13
2026-04-28 23:50:36,668 - DEBUG - STREAM b'pHYs' 41 9
2026-04-28 23:50:36,668 - DEBUG - STREAM b'PLTE' 62 144
2026-04-28 23:50:36,668 - DEBUG - STREAM b'IDAT' 218 20528
2026-04-28 23:50:36,670 - DEBUG - Starting new HTTPS connection (1): mt0.google.com:443
2026-04-28 23:50:36,771 - DEBUG - https://mt0.google.com:443 "GET /vt/lyrs=m&hl=es&x=18378&y=34243&z=16 HTTP/1.1" 200 13187
2026-04-28 23:50:36,772 - DEBUG - https://mt0.google.com:443 "GET /vt/lyrs=m&hl=es&x=18379&y=34242&z=16 HTTP/1.1" 200 14571
2026-04-28 23:50:36,774 - DEBUG - https://mt0.google.com:443 "GET /vt/lyrs=m&hl=es&x=18380&y=34241&z=16 HTTP/1.1" 200 10969
2026-04-28 23:50:36,776 - DEBUG - https://mt0.google.com:443 "GET /vt/lyrs=m&hl=es&x=18378&y=34242&z=16 HTTP/1.1" 200 13883
2026-04-28 23:50:36,777 - DEBUG - STREAM b'IHDR' 16 13
2026-04-28 23:50:36,777 - DEBUG - STREAM b'pHYs' 41 9
2026-04-28 23:50:36,779 - DEBUG - STREAM b'PLTE' 62 153
2026-04-28 23:50:36,779 - DEBUG - STREAM b'IDAT' 227 12944
2026-04-28 23:50:36,781 - DEBUG - STREAM b'IHDR' 16 13
2026-04-28 23:50:36,781 - DEBUG - STREAM b'IHDR' 16 13
2026-04-28 23:50:36,783 - DEBUG - https://mt0.google.com:443 "GET /vt/lyrs=m&hl=es&x=18377&y=34243&z=16 HTTP/1.1" 200 12534
2026-04-28 23:50:36,783 - DEBUG - https://mt0.google.com:443 "GET /vt/lyrs=m&hl=es&x=18380&y=34242&z=16 HTTP/1.1" 200 14837
2026-04-28 23:50:36,783 - DEBUG - STREAM b'pHYs' 41 9
2026-04-28 23:50:36,783 - DEBUG - STREAM b'pHYs' 41 9
2026-04-28 23:50:36,785 - DEBUG - STREAM b'IHDR' 16 13
2026-04-28 23:50:36,787 - DEBUG - STREAM b'PLTE' 62 117
2026-04-28 23:50:36,787 - DEBUG - STREAM b'PLTE' 62 147
2026-04-28 23:50:36,792 - DEBUG - STREAM b'IDAT' 221 14334
2026-04-28 23:50:36,787 - DEBUG - STREAM b'pHYs' 41 9
2026-04-28 23:50:36,792 - DEBUG - STREAM b'PLTE' 62 192
2026-04-28 23:50:36,792 - DEBUG - STREAM b'IDAT' 266 13601
2026-04-28 23:50:36,787 - DEBUG - STREAM b'IDAT' 191 10762
2026-04-28 23:50:36,790 - DEBUG - STREAM b'IHDR' 16 13
2026-04-28 23:50:36,787 - DEBUG - Starting new HTTPS connection (1): mt0.google.com:443
2026-04-28 23:50:36,792 - DEBUG - STREAM b'IHDR' 16 13
2026-04-28 23:50:36,794 - DEBUG - STREAM b'pHYs' 41 9
2026-04-28 23:50:36,794 - DEBUG - STREAM b'PLTE' 62 243
2026-04-28 23:50:36,794 - DEBUG - STREAM b'IDAT' 317 14504
2026-04-28 23:50:36,794 - DEBUG - STREAM b'pHYs' 41 9
2026-04-28 23:50:36,796 - DEBUG - STREAM b'PLTE' 62 147
2026-04-28 23:50:36,796 - DEBUG - STREAM b'IDAT' 221 12297
2026-04-28 23:50:36,798 - DEBUG - Starting new HTTPS connection (1): mt0.google.com:443
2026-04-28 23:50:36,800 - DEBUG - Starting new HTTPS connection (1): mt0.google.com:443
2026-04-28 23:50:36,891 - DEBUG - https://mt0.google.com:443 "GET /vt/lyrs=m&hl=es&x=36757&y=68483&z=17 HTTP/1.1" 200 10577
2026-04-28 23:50:36,891 - DEBUG - https://mt0.google.com:443 "GET /vt/lyrs=m&hl=es&x=18378&y=34241&z=16 HTTP/1.1" 200 16742
2026-04-28 23:50:36,892 - DEBUG - https://mt0.google.com:443 "GET /vt/lyrs=m&hl=es&x=18377&y=34241&z=16 HTTP/1.1" 200 13968
2026-04-28 23:50:36,892 - DEBUG - https://mt0.google.com:443 "GET /vt/lyrs=m&hl=es&x=18379&y=34241&z=16 HTTP/1.1" 200 13208
2026-04-28 23:50:36,895 - DEBUG - STREAM b'IHDR' 16 13
2026-04-28 23:50:36,895 - DEBUG - STREAM b'pHYs' 41 9
2026-04-28 23:50:36,895 - DEBUG - STREAM b'PLTE' 62 162
2026-04-28 23:50:36,895 - DEBUG - STREAM b'IDAT' 236 10325
2026-04-28 23:50:36,899 - DEBUG - STREAM b'IHDR' 16 13
2026-04-28 23:50:36,899 - DEBUG - STREAM b'pHYs' 41 9
2026-04-28 23:50:36,899 - DEBUG - STREAM b'PLTE' 62 153
2026-04-28 23:50:36,899 - DEBUG - STREAM b'IDAT' 227 13725
2026-04-28 23:50:36,901 - DEBUG - STREAM b'IHDR' 16 13
2026-04-28 23:50:36,902 - DEBUG - STREAM b'IHDR' 16 13
2026-04-28 23:50:36,902 - DEBUG - STREAM b'pHYs' 41 9
2026-04-28 23:50:36,902 - DEBUG - STREAM b'pHYs' 41 9
2026-04-28 23:50:36,902 - DEBUG - STREAM b'PLTE' 62 165
2026-04-28 23:50:36,902 - DEBUG - STREAM b'PLTE' 62 234
2026-04-28 23:50:36,902 - DEBUG - STREAM b'IDAT' 239 12953
2026-04-28 23:50:36,902 - DEBUG - STREAM b'IDAT' 308 16418
2026-04-28 23:50:37,014 - DEBUG - https://mt0.google.com:443 "GET /vt/lyrs=m&hl=es&x=36758&y=68483&z=17 HTTP/1.1" 200 15880
2026-04-28 23:50:37,016 - DEBUG - https://mt0.google.com:443 "GET /vt/lyrs=m&hl=es&x=9189&y=17120&z=15 HTTP/1.1" 200 20038
2026-04-28 23:50:37,017 - DEBUG - https://mt0.google.com:443 "GET /vt/lyrs=m&hl=es&x=36759&y=68483&z=17 HTTP/1.1" 200 18763
2026-04-28 23:50:37,024 - DEBUG - STREAM b'IHDR' 16 13
2026-04-28 23:50:37,024 - DEBUG - STREAM b'pHYs' 41 9
2026-04-28 23:50:37,024 - DEBUG - STREAM b'PLTE' 62 195
2026-04-28 23:50:37,024 - DEBUG - STREAM b'IDAT' 269 15595
2026-04-28 23:50:37,135 - DEBUG - https://mt0.google.com:443 "GET /vt/lyrs=m&hl=es&x=9190&y=17119&z=15 HTTP/1.1" 200 4590
2026-04-28 23:50:37,137 - DEBUG - https://mt0.google.com:443 "GET /vt/lyrs=m&hl=es&x=9188&y=17121&z=15 HTTP/1.1" 200 22296
2026-04-28 23:50:37,137 - DEBUG - https://mt0.google.com:443 "GET /vt/lyrs=m&hl=es&x=36769&y=34234&z=17 HTTP/1.1" 200 178
2026-04-28 23:50:37,138 - DEBUG - https://mt0.google.com:443 "GET /vt/lyrs=m&hl=es&x=9188&y=17119&z=15 HTTP/1.1" 200 22673
2026-04-28 23:50:37,138 - DEBUG - https://mt0.google.com:443 "GET /vt/lyrs=m&hl=es&x=9188&y=17120&z=15 HTTP/1.1" 200 25173
2026-04-28 23:50:37,139 - DEBUG - STREAM b'IHDR' 16 13
2026-04-28 23:50:37,140 - DEBUG - https://mt0.google.com:443 "GET /vt/lyrs=m&hl=es&x=9189&y=17121&z=15 HTTP/1.1" 200 21213
2026-04-28 23:50:37,140 - DEBUG - https://mt0.google.com:443 "GET /vt/lyrs=m&hl=es&x=9189&y=17119&z=15 HTTP/1.1" 200 4042
2026-04-28 23:50:37,141 - DEBUG - STREAM b'IHDR' 16 13
2026-04-28 23:50:37,144 - DEBUG - STREAM b'IHDR' 16 13
2026-04-28 23:50:37,147 - DEBUG - STREAM b'IHDR' 16 13
2026-04-28 23:50:37,147 - DEBUG - STREAM b'pHYs' 41 9
2026-04-28 23:50:37,149 - DEBUG - STREAM b'pHYs' 41 9
2026-04-28 23:50:37,151 - DEBUG - STREAM b'pHYs' 41 9
2026-04-28 23:50:37,153 - DEBUG - STREAM b'IHDR' 16 13
2026-04-28 23:50:37,153 - DEBUG - STREAM b'pHYs' 41 9
2026-04-28 23:50:37,153 - DEBUG - STREAM b'PLTE' 62 231
2026-04-28 23:50:37,154 - DEBUG - STREAM b'PLTE' 62 177
2026-04-28 23:50:37,154 - DEBUG - STREAM b'PLTE' 62 153
2026-04-28 23:50:37,154 - DEBUG - STREAM b'pHYs' 41 9
2026-04-28 23:50:37,154 - DEBUG - STREAM b'PLTE' 62 3
2026-04-28 23:50:37,154 - DEBUG - STREAM b'IDAT' 305 19717
2026-04-28 23:50:37,154 - DEBUG - STREAM b'IDAT' 251 18496
2026-04-28 23:50:37,154 - DEBUG - STREAM b'IDAT' 227 4347
2026-04-28 23:50:37,154 - DEBUG - STREAM b'PLTE' 62 75
2026-04-28 23:50:37,154 - DEBUG - STREAM b'IDAT' 77 85
2026-04-28 23:50:37,154 - DEBUG - STREAM b'IDAT' 149 3877
2026-04-28 23:50:37,158 - DEBUG - Starting new HTTPS connection (1): mt0.google.com:443
2026-04-28 23:50:37,244 - DEBUG - STREAM b'IHDR' 16 13
2026-04-28 23:50:37,244 - DEBUG - STREAM b'pHYs' 41 9
2026-04-28 23:50:37,247 - DEBUG - STREAM b'IHDR' 16 13
2026-04-28 23:50:37,247 - DEBUG - STREAM b'PLTE' 62 174
2026-04-28 23:50:37,250 - DEBUG - STREAM b'IHDR' 16 13
2026-04-28 23:50:37,250 - DEBUG - STREAM b'pHYs' 41 9
2026-04-28 23:50:37,250 - DEBUG - STREAM b'IHDR' 16 13
2026-04-28 23:50:37,250 - DEBUG - STREAM b'IDAT' 248 20949
2026-04-28 23:50:37,250 - DEBUG - STREAM b'pHYs' 41 9
2026-04-28 23:50:37,250 - DEBUG - STREAM b'PLTE' 62 270
2026-04-28 23:50:37,250 - DEBUG - STREAM b'pHYs' 41 9
2026-04-28 23:50:37,250 - DEBUG - STREAM b'PLTE' 62 264
2026-04-28 23:50:37,250 - DEBUG - STREAM b'IDAT' 344 22313
2026-04-28 23:50:37,250 - DEBUG - STREAM b'PLTE' 62 339
2026-04-28 23:50:37,250 - DEBUG - STREAM b'IDAT' 338 21942
2026-04-28 23:50:37,250 - DEBUG - STREAM b'IDAT' 413 24744
2026-04-28 23:50:37,355 - DEBUG - https://mt0.google.com:443 "GET /vt/lyrs=m&hl=es&x=9189&y=17122&z=15 HTTP/1.1" 200 23132
2026-04-28 23:50:37,355 - DEBUG - https://mt0.google.com:443 "GET /vt/lyrs=m&hl=es&x=9190&y=17122&z=15 HTTP/1.1" 200 21269
2026-04-28 23:50:37,465 - DEBUG - https://mt0.google.com:443 "GET /vt/lyrs=m&hl=es&x=9187&y=17122&z=15 HTTP/1.1" 200 7948
2026-04-28 23:50:37,468 - DEBUG - https://mt0.google.com:443 "GET /vt/lyrs=m&hl=es&x=9188&y=17122&z=15 HTTP/1.1" 200 20304
2026-04-28 23:50:37,469 - DEBUG - STREAM b'IHDR' 16 13
2026-04-28 23:50:37,469 - DEBUG - STREAM b'pHYs' 41 9
2026-04-28 23:50:37,470 - DEBUG - https://mt0.google.com:443 "GET /vt/lyrs=m&hl=es&x=9190&y=17120&z=15 HTTP/1.1" 200 15710
2026-04-28 23:50:37,470 - DEBUG - https://mt0.google.com:443 "GET /vt/lyrs=m&hl=es&x=9190&y=17121&z=15 HTTP/1.1" 200 21776
2026-04-28 23:50:37,470 - DEBUG - STREAM b'PLTE' 62 201
2026-04-28 23:50:37,473 - DEBUG - STREAM b'IHDR' 16 13
2026-04-28 23:50:37,473 - DEBUG - STREAM b'IDAT' 275 20978
2026-04-28 23:50:37,475 - DEBUG - STREAM b'IHDR' 16 13
2026-04-28 23:50:37,475 - DEBUG - STREAM b'pHYs' 41 9
2026-04-28 23:50:37,475 - DEBUG - STREAM b'pHYs' 41 9
2026-04-28 23:50:37,475 - DEBUG - STREAM b'PLTE' 62 297
2026-04-28 23:50:37,478 - DEBUG - STREAM b'IDAT' 371 22745
2026-04-28 23:50:37,475 - DEBUG - STREAM b'PLTE' 62 156
2026-04-28 23:50:37,479 - DEBUG - STREAM b'IHDR' 16 13
2026-04-28 23:50:37,479 - DEBUG - STREAM b'IDAT' 230 7702
2026-04-28 23:50:37,479 - DEBUG - STREAM b'pHYs' 41 9
2026-04-28 23:50:37,479 - DEBUG - STREAM b'PLTE' 62 132
2026-04-28 23:50:37,479 - DEBUG - STREAM b'IDAT' 206 15488
2026-04-28 23:50:37,587 - DEBUG - STREAM b'IHDR' 16 13
2026-04-28 23:50:37,588 - DEBUG - STREAM b'IHDR' 16 13
2026-04-28 23:50:37,588 - DEBUG - STREAM b'pHYs' 41 9
2026-04-28 23:50:37,588 - DEBUG - STREAM b'pHYs' 41 9
2026-04-28 23:50:37,588 - DEBUG - STREAM b'PLTE' 62 258
2026-04-28 23:50:37,588 - DEBUG - STREAM b'PLTE' 62 210
2026-04-28 23:50:37,588 - DEBUG - STREAM b'IDAT' 332 19956
2026-04-28 23:50:37,588 - DEBUG - STREAM b'IDAT' 284 21476
2026-04-28 23:50:37,698 - DEBUG - https://mt0.google.com:443 "GET /vt/lyrs=m&hl=es&x=9187&y=17119&z=15 HTTP/1.1" 200 14098
2026-04-28 23:50:37,698 - DEBUG - https://mt0.google.com:443 "GET /vt/lyrs=m&hl=es&x=9187&y=17120&z=15 HTTP/1.1" 200 20693
2026-04-28 23:50:37,698 - DEBUG - https://mt0.google.com:443 "GET /vt/lyrs=m&hl=es&x=9187&y=17121&z=15 HTTP/1.1" 200 22099
2026-04-28 23:50:37,706 - DEBUG - STREAM b'IHDR' 16 13
2026-04-28 23:50:37,706 - DEBUG - STREAM b'pHYs' 41 9
2026-04-28 23:50:37,706 - DEBUG - STREAM b'PLTE' 62 195
2026-04-28 23:50:37,706 - DEBUG - STREAM b'IDAT' 269 13813
2026-04-28 23:50:37,812 - DEBUG - STREAM b'IHDR' 16 13
2026-04-28 23:50:37,814 - DEBUG - STREAM b'IHDR' 16 13
2026-04-28 23:50:37,814 - DEBUG - STREAM b'pHYs' 41 9
2026-04-28 23:50:37,814 - DEBUG - STREAM b'pHYs' 41 9
2026-04-28 23:50:37,814 - DEBUG - STREAM b'PLTE' 62 315
2026-04-28 23:50:37,814 - DEBUG - STREAM b'PLTE' 62 330
2026-04-28 23:50:37,816 - DEBUG - STREAM b'IDAT' 389 20288
2026-04-28 23:50:37,816 - DEBUG - STREAM b'IDAT' 404 21679
2026-04-28 23:50:37,918 - DEBUG - https://mt0.google.com:443 "GET /vt/lyrs=m&hl=es&x=36770&y=17129&z=17 HTTP/1.1" 200 178
2026-04-28 23:50:37,921 - DEBUG - STREAM b'IHDR' 16 13
2026-04-28 23:50:37,922 - DEBUG - STREAM b'pHYs' 41 9
2026-04-28 23:50:37,922 - DEBUG - STREAM b'PLTE' 62 3
2026-04-28 23:50:37,922 - DEBUG - STREAM b'IDAT' 77 85
2026-04-28 23:50:37,923 - DEBUG - Starting new HTTPS connection (1): mt0.google.com:443
2026-04-28 23:50:38,728 - DEBUG - https://mt0.google.com:443 "GET /vt/lyrs=m&hl=es&x=36770&y=17113&z=17 HTTP/1.1" 200 178
2026-04-28 23:50:38,732 - DEBUG - STREAM b'IHDR' 16 13
2026-04-28 23:50:38,735 - DEBUG - STREAM b'pHYs' 41 9
2026-04-28 23:50:38,735 - DEBUG - STREAM b'PLTE' 62 3
2026-04-28 23:50:38,742 - DEBUG - STREAM b'IDAT' 77 85
2026-04-28 23:50:38,745 - DEBUG - Starting new HTTPS connection (1): mt0.google.com:443
2026-04-28 23:50:39,647 - DEBUG - https://mt0.google.com:443 "GET /vt/lyrs=m&hl=es&x=36771&y=17129&z=17 HTTP/1.1" 200 178
2026-04-28 23:50:39,649 - DEBUG - STREAM b'IHDR' 16 13
2026-04-28 23:50:39,650 - DEBUG - STREAM b'pHYs' 41 9
2026-04-28 23:50:39,650 - DEBUG - STREAM b'PLTE' 62 3
2026-04-28 23:50:39,650 - DEBUG - STREAM b'IDAT' 77 85
2026-04-28 23:50:39,652 - DEBUG - Starting new HTTPS connection (1): mt0.google.com:443
2026-04-28 23:50:40,449 - DEBUG - https://mt0.google.com:443 "GET /vt/lyrs=m&hl=es&x=36771&y=17113&z=17 HTTP/1.1" 200 178
2026-04-28 23:50:40,452 - DEBUG - STREAM b'IHDR' 16 13
2026-04-28 23:50:40,452 - DEBUG - STREAM b'pHYs' 41 9
2026-04-28 23:50:40,452 - DEBUG - STREAM b'PLTE' 62 3
2026-04-28 23:50:40,452 - DEBUG - STREAM b'IDAT' 77 85
2026-04-28 23:50:40,456 - DEBUG - Starting new HTTPS connection (1): mt0.google.com:443
2026-04-28 23:50:41,358 - DEBUG - https://mt0.google.com:443 "GET /vt/lyrs=m&hl=es&x=36772&y=17129&z=17 HTTP/1.1" 200 178
2026-04-28 23:50:41,362 - DEBUG - STREAM b'IHDR' 16 13
2026-04-28 23:50:41,362 - DEBUG - STREAM b'pHYs' 41 9
2026-04-28 23:50:41,363 - DEBUG - STREAM b'PLTE' 62 3
2026-04-28 23:50:41,363 - DEBUG - STREAM b'IDAT' 77 85
2026-04-28 23:50:41,381 - DEBUG - Starting new HTTPS connection (1): mt0.google.com:443
2026-04-28 23:50:42,264 - DEBUG - https://mt0.google.com:443 "GET /vt/lyrs=m&hl=es&x=36772&y=17113&z=17 HTTP/1.1" 200 178
2026-04-28 23:50:42,267 - DEBUG - STREAM b'IHDR' 16 13
2026-04-28 23:50:42,267 - DEBUG - STREAM b'pHYs' 41 9
2026-04-28 23:50:42,267 - DEBUG - STREAM b'PLTE' 62 3
2026-04-28 23:50:42,267 - DEBUG - STREAM b'IDAT' 77 85
2026-04-28 23:50:42,270 - DEBUG - Starting new HTTPS connection (1): mt0.google.com:443
2026-04-28 23:50:43,058 - DEBUG - https://mt0.google.com:443 "GET /vt/lyrs=m&hl=es&x=36773&y=17129&z=17 HTTP/1.1" 200 178
2026-04-28 23:50:43,064 - DEBUG - STREAM b'IHDR' 16 13
2026-04-28 23:50:43,065 - DEBUG - STREAM b'pHYs' 41 9
2026-04-28 23:50:43,065 - DEBUG - STREAM b'PLTE' 62 3
2026-04-28 23:50:43,065 - DEBUG - STREAM b'IDAT' 77 85
2026-04-28 23:50:43,067 - DEBUG - Starting new HTTPS connection (1): mt0.google.com:443
2026-04-28 23:50:43,864 - DEBUG - https://mt0.google.com:443 "GET /vt/lyrs=m&hl=es&x=36773&y=17113&z=17 HTTP/1.1" 200 178
2026-04-28 23:50:43,866 - DEBUG - STREAM b'IHDR' 16 13
2026-04-28 23:50:43,866 - DEBUG - STREAM b'pHYs' 41 9
2026-04-28 23:50:43,866 - DEBUG - STREAM b'PLTE' 62 3
2026-04-28 23:50:43,866 - DEBUG - STREAM b'IDAT' 77 85
2026-04-28 23:50:43,869 - DEBUG - Starting new HTTPS connection (1): mt0.google.com:443
2026-04-28 23:50:44,660 - DEBUG - https://mt0.google.com:443 "GET /vt/lyrs=m&hl=es&x=36774&y=17129&z=17 HTTP/1.1" 200 178
2026-04-28 23:50:44,662 - DEBUG - STREAM b'IHDR' 16 13
2026-04-28 23:50:44,663 - DEBUG - STREAM b'pHYs' 41 9
2026-04-28 23:50:44,663 - DEBUG - STREAM b'PLTE' 62 3
2026-04-28 23:50:44,663 - DEBUG - STREAM b'IDAT' 77 85
2026-04-28 23:50:44,664 - DEBUG - Starting new HTTPS connection (1): mt0.google.com:443
2026-04-28 23:50:45,572 - DEBUG - https://mt0.google.com:443 "GET /vt/lyrs=m&hl=es&x=36774&y=17113&z=17 HTTP/1.1" 200 178
2026-04-28 23:50:45,575 - DEBUG - STREAM b'IHDR' 16 13
2026-04-28 23:50:45,575 - DEBUG - STREAM b'pHYs' 41 9
2026-04-28 23:50:45,576 - DEBUG - STREAM b'PLTE' 62 3
2026-04-28 23:50:45,576 - DEBUG - STREAM b'IDAT' 77 85
2026-04-28 23:50:45,579 - DEBUG - Starting new HTTPS connection (1): mt0.google.com:443
2026-04-28 23:50:46,376 - DEBUG - https://mt0.google.com:443 "GET /vt/lyrs=m&hl=es&x=36775&y=17129&z=17 HTTP/1.1" 200 178
2026-04-28 23:50:46,378 - DEBUG - STREAM b'IHDR' 16 13
2026-04-28 23:50:46,379 - DEBUG - STREAM b'pHYs' 41 9
2026-04-28 23:50:46,379 - DEBUG - STREAM b'PLTE' 62 3
2026-04-28 23:50:46,379 - DEBUG - STREAM b'IDAT' 77 85
2026-04-28 23:50:46,382 - DEBUG - Starting new HTTPS connection (1): mt0.google.com:443
2026-04-28 23:50:47,175 - DEBUG - https://mt0.google.com:443 "GET /vt/lyrs=m&hl=es&x=36775&y=17113&z=17 HTTP/1.1" 200 178
2026-04-28 23:50:47,177 - DEBUG - STREAM b'IHDR' 16 13
2026-04-28 23:50:47,177 - DEBUG - STREAM b'pHYs' 41 9
2026-04-28 23:50:47,178 - DEBUG - STREAM b'PLTE' 62 3
2026-04-28 23:50:47,178 - DEBUG - STREAM b'IDAT' 77 85
2026-04-28 23:50:47,180 - DEBUG - Starting new HTTPS connection (1): mt0.google.com:443
2026-04-28 23:50:47,979 - DEBUG - https://mt0.google.com:443 "GET /vt/lyrs=m&hl=es&x=36776&y=17129&z=17 HTTP/1.1" 200 178
2026-04-28 23:50:47,983 - DEBUG - STREAM b'IHDR' 16 13
2026-04-28 23:50:47,983 - DEBUG - STREAM b'pHYs' 41 9
2026-04-28 23:50:47,984 - DEBUG - STREAM b'PLTE' 62 3
2026-04-28 23:50:47,984 - DEBUG - STREAM b'IDAT' 77 85
2026-04-28 23:50:47,986 - DEBUG - Starting new HTTPS connection (1): mt0.google.com:443
2026-04-28 23:50:48,776 - DEBUG - https://mt0.google.com:443 "GET /vt/lyrs=m&hl=es&x=36776&y=17113&z=17 HTTP/1.1" 200 178
2026-04-28 23:50:48,780 - DEBUG - STREAM b'IHDR' 16 13
2026-04-28 23:50:48,780 - DEBUG - STREAM b'pHYs' 41 9
2026-04-28 23:50:48,780 - DEBUG - STREAM b'PLTE' 62 3
2026-04-28 23:50:48,780 - DEBUG - STREAM b'IDAT' 77 85
2026-04-28 23:50:48,783 - DEBUG - Starting new HTTPS connection (1): mt0.google.com:443
2026-04-28 23:50:49,577 - DEBUG - https://mt0.google.com:443 "GET /vt/lyrs=m&hl=es&x=36777&y=17129&z=17 HTTP/1.1" 200 178
2026-04-28 23:50:49,583 - DEBUG - STREAM b'IHDR' 16 13
2026-04-28 23:50:49,586 - DEBUG - STREAM b'pHYs' 41 9
2026-04-28 23:50:49,586 - DEBUG - STREAM b'PLTE' 62 3
2026-04-28 23:50:49,587 - DEBUG - STREAM b'IDAT' 77 85
2026-04-28 23:50:49,594 - DEBUG - Starting new HTTPS connection (1): mt0.google.com:443
2026-04-28 23:50:50,377 - DEBUG - https://mt0.google.com:443 "GET /vt/lyrs=m&hl=es&x=36777&y=17113&z=17 HTTP/1.1" 200 178
2026-04-28 23:50:50,378 - DEBUG - STREAM b'IHDR' 16 13
2026-04-28 23:50:50,378 - DEBUG - STREAM b'pHYs' 41 9
2026-04-28 23:50:50,379 - DEBUG - STREAM b'PLTE' 62 3
2026-04-28 23:50:50,379 - DEBUG - STREAM b'IDAT' 77 85
2026-04-28 23:50:50,379 - DEBUG - Starting new HTTPS connection (1): mt0.google.com:443
2026-04-28 23:50:51,056 - DEBUG - https://mt0.google.com:443 "GET /vt/lyrs=m&hl=es&x=9197&y=17113&z=17 HTTP/1.1" 200 178
2026-04-28 23:50:51,062 - DEBUG - STREAM b'IHDR' 16 13
2026-04-28 23:50:51,062 - DEBUG - STREAM b'pHYs' 41 9
2026-04-28 23:50:51,062 - DEBUG - STREAM b'PLTE' 62 3
2026-04-28 23:50:51,062 - DEBUG - STREAM b'IDAT' 77 85
2026-04-28 23:50:51,066 - DEBUG - Starting new HTTPS connection (1): mt0.google.com:443
2026-04-28 23:50:51,740 - DEBUG - https://mt0.google.com:443 "GET /vt/lyrs=m&hl=es&x=9181&y=17113&z=17 HTTP/1.1" 200 178
2026-04-28 23:50:51,742 - DEBUG - STREAM b'IHDR' 16 13
2026-04-28 23:50:51,742 - DEBUG - STREAM b'pHYs' 41 9
2026-04-28 23:50:51,742 - DEBUG - STREAM b'PLTE' 62 3
2026-04-28 23:50:51,742 - DEBUG - STREAM b'IDAT' 77 85
2026-04-28 23:50:51,745 - DEBUG - Starting new HTTPS connection (1): mt0.google.com:443
2026-04-28 23:50:52,429 - DEBUG - https://mt0.google.com:443 "GET /vt/lyrs=m&hl=es&x=9197&y=17114&z=17 HTTP/1.1" 200 178
2026-04-28 23:50:52,431 - DEBUG - STREAM b'IHDR' 16 13
2026-04-28 23:50:52,431 - DEBUG - STREAM b'pHYs' 41 9
2026-04-28 23:50:52,431 - DEBUG - STREAM b'PLTE' 62 3
2026-04-28 23:50:52,431 - DEBUG - STREAM b'IDAT' 77 85
2026-04-28 23:50:52,435 - DEBUG - Starting new HTTPS connection (1): mt0.google.com:443
2026-04-28 23:50:53,109 - DEBUG - https://mt0.google.com:443 "GET /vt/lyrs=m&hl=es&x=9181&y=17114&z=17 HTTP/1.1" 200 178
2026-04-28 23:50:53,113 - DEBUG - STREAM b'IHDR' 16 13
2026-04-28 23:50:53,113 - DEBUG - STREAM b'pHYs' 41 9
2026-04-28 23:50:53,113 - DEBUG - STREAM b'PLTE' 62 3
2026-04-28 23:50:53,113 - DEBUG - STREAM b'IDAT' 77 85
2026-04-28 23:50:53,117 - DEBUG - Starting new HTTPS connection (1): mt0.google.com:443
2026-04-28 23:50:53,797 - DEBUG - https://mt0.google.com:443 "GET /vt/lyrs=m&hl=es&x=9197&y=17115&z=17 HTTP/1.1" 200 178
2026-04-28 23:50:53,798 - DEBUG - STREAM b'IHDR' 16 13
2026-04-28 23:50:53,798 - DEBUG - STREAM b'pHYs' 41 9
2026-04-28 23:50:53,798 - DEBUG - STREAM b'PLTE' 62 3
2026-04-28 23:50:53,798 - DEBUG - STREAM b'IDAT' 77 85
2026-04-28 23:50:53,800 - DEBUG - Starting new HTTPS connection (1): mt0.google.com:443
2026-04-28 23:50:54,603 - DEBUG - https://mt0.google.com:443 "GET /vt/lyrs=m&hl=es&x=9181&y=17115&z=17 HTTP/1.1" 200 178
2026-04-28 23:50:54,605 - DEBUG - STREAM b'IHDR' 16 13
2026-04-28 23:50:54,605 - DEBUG - STREAM b'pHYs' 41 9
2026-04-28 23:50:54,605 - DEBUG - STREAM b'PLTE' 62 3
2026-04-28 23:50:54,605 - DEBUG - STREAM b'IDAT' 77 85
2026-04-28 23:50:54,607 - DEBUG - Starting new HTTPS connection (1): mt0.google.com:443
2026-04-28 23:50:55,291 - DEBUG - https://mt0.google.com:443 "GET /vt/lyrs=m&hl=es&x=9197&y=17116&z=17 HTTP/1.1" 200 178
2026-04-28 23:50:55,294 - DEBUG - STREAM b'IHDR' 16 13
2026-04-28 23:50:55,294 - DEBUG - STREAM b'pHYs' 41 9
2026-04-28 23:50:55,294 - DEBUG - STREAM b'PLTE' 62 3
2026-04-28 23:50:55,294 - DEBUG - STREAM b'IDAT' 77 85
2026-04-28 23:50:55,297 - DEBUG - Starting new HTTPS connection (1): mt0.google.com:443
2026-04-28 23:50:55,969 - DEBUG - https://mt0.google.com:443 "GET /vt/lyrs=m&hl=es&x=9181&y=17116&z=17 HTTP/1.1" 200 178
2026-04-28 23:50:55,971 - DEBUG - STREAM b'IHDR' 16 13
2026-04-28 23:50:55,971 - DEBUG - STREAM b'pHYs' 41 9
2026-04-28 23:50:55,971 - DEBUG - STREAM b'PLTE' 62 3
2026-04-28 23:50:55,971 - DEBUG - STREAM b'IDAT' 77 85
2026-04-28 23:50:55,973 - DEBUG - Starting new HTTPS connection (1): mt0.google.com:443
2026-04-28 23:50:56,653 - DEBUG - https://mt0.google.com:443 "GET /vt/lyrs=m&hl=es&x=9197&y=17117&z=17 HTTP/1.1" 200 178
2026-04-28 23:50:56,654 - DEBUG - STREAM b'IHDR' 16 13
2026-04-28 23:50:56,654 - DEBUG - STREAM b'pHYs' 41 9
2026-04-28 23:50:56,655 - DEBUG - STREAM b'PLTE' 62 3
2026-04-28 23:50:56,655 - DEBUG - STREAM b'IDAT' 77 85
2026-04-28 23:50:56,657 - DEBUG - Starting new HTTPS connection (1): mt0.google.com:443
2026-04-28 23:50:57,339 - DEBUG - https://mt0.google.com:443 "GET /vt/lyrs=m&hl=es&x=9181&y=17117&z=17 HTTP/1.1" 200 178
2026-04-28 23:50:57,342 - DEBUG - STREAM b'IHDR' 16 13
2026-04-28 23:50:57,342 - DEBUG - STREAM b'pHYs' 41 9
2026-04-28 23:50:57,342 - DEBUG - STREAM b'PLTE' 62 3
2026-04-28 23:50:57,342 - DEBUG - STREAM b'IDAT' 77 85
2026-04-28 23:50:57,344 - DEBUG - Starting new HTTPS connection (1): mt0.google.com:443
2026-04-28 23:50:58,024 - DEBUG - https://mt0.google.com:443 "GET /vt/lyrs=m&hl=es&x=9197&y=17118&z=17 HTTP/1.1" 200 178
2026-04-28 23:50:58,027 - DEBUG - STREAM b'IHDR' 16 13
2026-04-28 23:50:58,027 - DEBUG - STREAM b'pHYs' 41 9
2026-04-28 23:50:58,027 - DEBUG - STREAM b'PLTE' 62 3
2026-04-28 23:50:58,027 - DEBUG - STREAM b'IDAT' 77 85
2026-04-28 23:50:58,029 - DEBUG - Starting new HTTPS connection (1): mt0.google.com:443
2026-04-28 23:50:59,233 - DEBUG - https://mt0.google.com:443 "GET /vt/lyrs=m&hl=es&x=9181&y=17118&z=17 HTTP/1.1" 200 178
2026-04-28 23:50:59,234 - DEBUG - STREAM b'IHDR' 16 13
2026-04-28 23:50:59,234 - DEBUG - STREAM b'pHYs' 41 9
2026-04-28 23:50:59,234 - DEBUG - STREAM b'PLTE' 62 3
2026-04-28 23:50:59,234 - DEBUG - STREAM b'IDAT' 77 85
2026-04-28 23:50:59,236 - DEBUG - Starting new HTTPS connection (1): mt0.google.com:443
2026-04-28 23:51:01,798 - DEBUG - https://mt0.google.com:443 "GET /vt/lyrs=m&hl=es&x=9197&y=17119&z=17 HTTP/1.1" 200 178
2026-04-28 23:51:01,801 - DEBUG - STREAM b'IHDR' 16 13
2026-04-28 23:51:01,802 - DEBUG - STREAM b'pHYs' 41 9
2026-04-28 23:51:01,802 - DEBUG - STREAM b'PLTE' 62 3
2026-04-28 23:51:01,802 - DEBUG - STREAM b'IDAT' 77 85
2026-04-28 23:51:01,804 - DEBUG - Starting new HTTPS connection (1): mt0.google.com:443
2026-04-28 23:51:02,579 - DEBUG - https://mt0.google.com:443 "GET /vt/lyrs=m&hl=es&x=9181&y=17119&z=17 HTTP/1.1" 200 178
2026-04-28 23:51:02,580 - DEBUG - STREAM b'IHDR' 16 13
2026-04-28 23:51:02,580 - DEBUG - STREAM b'pHYs' 41 9
2026-04-28 23:51:02,580 - DEBUG - STREAM b'PLTE' 62 3
2026-04-28 23:51:02,580 - DEBUG - STREAM b'IDAT' 77 85
2026-04-28 23:51:02,584 - DEBUG - Starting new HTTPS connection (1): mt0.google.com:443
2026-04-28 23:51:03,264 - DEBUG - https://mt0.google.com:443 "GET /vt/lyrs=m&hl=es&x=9197&y=17120&z=17 HTTP/1.1" 200 178
2026-04-28 23:51:03,268 - DEBUG - STREAM b'IHDR' 16 13
2026-04-28 23:51:03,268 - DEBUG - STREAM b'pHYs' 41 9
2026-04-28 23:51:03,268 - DEBUG - STREAM b'PLTE' 62 3
2026-04-28 23:51:03,268 - DEBUG - STREAM b'IDAT' 77 85
2026-04-28 23:51:03,271 - DEBUG - Starting new HTTPS connection (1): mt0.google.com:443
2026-04-28 23:51:04,006 - DEBUG - https://mt0.google.com:443 "GET /vt/lyrs=m&hl=es&x=9181&y=17120&z=17 HTTP/1.1" 200 178
2026-04-28 23:51:04,008 - DEBUG - STREAM b'IHDR' 16 13
2026-04-28 23:51:04,008 - DEBUG - STREAM b'pHYs' 41 9
2026-04-28 23:51:04,008 - DEBUG - STREAM b'PLTE' 62 3
2026-04-28 23:51:04,008 - DEBUG - STREAM b'IDAT' 77 85
2026-04-28 23:51:04,011 - DEBUG - Starting new HTTPS connection (1): mt0.google.com:443
2026-04-28 23:51:04,855 - DEBUG - https://mt0.google.com:443 "GET /vt/lyrs=m&hl=es&x=9197&y=17121&z=17 HTTP/1.1" 200 178
2026-04-28 23:51:04,857 - DEBUG - STREAM b'IHDR' 16 13
2026-04-28 23:51:04,857 - DEBUG - STREAM b'pHYs' 41 9
2026-04-28 23:51:04,857 - DEBUG - STREAM b'PLTE' 62 3
2026-04-28 23:51:04,857 - DEBUG - STREAM b'IDAT' 77 85
2026-04-28 23:51:04,860 - DEBUG - Starting new HTTPS connection (1): mt0.google.com:443
2026-04-28 23:51:05,514 - DEBUG - https://mt0.google.com:443 "GET /vt/lyrs=m&hl=es&x=9181&y=17121&z=17 HTTP/1.1" 200 178
2026-04-28 23:51:05,516 - DEBUG - STREAM b'IHDR' 16 13
2026-04-28 23:51:05,516 - DEBUG - STREAM b'pHYs' 41 9
2026-04-28 23:51:05,516 - DEBUG - STREAM b'PLTE' 62 3
2026-04-28 23:51:05,516 - DEBUG - STREAM b'IDAT' 77 85
2026-04-28 23:51:05,519 - DEBUG - Starting new HTTPS connection (1): mt0.google.com:443
2026-04-28 23:51:06,106 - DEBUG - https://mt0.google.com:443 "GET /vt/lyrs=m&hl=es&x=9197&y=17122&z=17 HTTP/1.1" 200 178
2026-04-28 23:51:06,107 - DEBUG - STREAM b'IHDR' 16 13
2026-04-28 23:51:06,107 - DEBUG - STREAM b'pHYs' 41 9
2026-04-28 23:51:06,107 - DEBUG - STREAM b'PLTE' 62 3
2026-04-28 23:51:06,107 - DEBUG - STREAM b'IDAT' 77 85
2026-04-28 23:51:06,111 - DEBUG - Starting new HTTPS connection (1): mt0.google.com:443
2026-04-28 23:51:06,718 - DEBUG - https://mt0.google.com:443 "GET /vt/lyrs=m&hl=es&x=9181&y=17122&z=17 HTTP/1.1" 200 178
2026-04-28 23:51:06,722 - DEBUG - STREAM b'IHDR' 16 13
2026-04-28 23:51:06,723 - DEBUG - STREAM b'pHYs' 41 9
2026-04-28 23:51:06,723 - DEBUG - STREAM b'PLTE' 62 3
2026-04-28 23:51:06,723 - DEBUG - STREAM b'IDAT' 77 85
2026-04-28 23:51:06,725 - DEBUG - Starting new HTTPS connection (1): mt0.google.com:443
2026-04-28 23:51:07,313 - DEBUG - https://mt0.google.com:443 "GET /vt/lyrs=m&hl=es&x=9197&y=17123&z=17 HTTP/1.1" 200 178
2026-04-28 23:51:07,314 - DEBUG - STREAM b'IHDR' 16 13
2026-04-28 23:51:07,314 - DEBUG - STREAM b'pHYs' 41 9
2026-04-28 23:51:07,314 - DEBUG - STREAM b'PLTE' 62 3
2026-04-28 23:51:07,314 - DEBUG - STREAM b'IDAT' 77 85
2026-04-28 23:51:07,319 - DEBUG - Starting new HTTPS connection (1): mt0.google.com:443
2026-04-28 23:51:08,390 - DEBUG - https://mt0.google.com:443 "GET /vt/lyrs=m&hl=es&x=9181&y=17123&z=17 HTTP/1.1" 200 178
2026-04-28 23:51:08,393 - DEBUG - STREAM b'IHDR' 16 13
2026-04-28 23:51:08,393 - DEBUG - STREAM b'pHYs' 41 9
2026-04-28 23:51:08,393 - DEBUG - STREAM b'PLTE' 62 3
2026-04-28 23:51:08,393 - DEBUG - STREAM b'IDAT' 77 85
2026-04-28 23:51:08,397 - DEBUG - Starting new HTTPS connection (1): mt0.google.com:443
2026-04-28 23:51:08,860 - DEBUG - https://mt0.google.com:443 "GET /vt/lyrs=m&hl=es&x=9197&y=17124&z=17 HTTP/1.1" 200 178
2026-04-28 23:51:08,861 - DEBUG - STREAM b'IHDR' 16 13
2026-04-28 23:51:08,862 - DEBUG - STREAM b'pHYs' 41 9
2026-04-28 23:51:08,862 - DEBUG - STREAM b'PLTE' 62 3
2026-04-28 23:51:08,862 - DEBUG - STREAM b'IDAT' 77 85
2026-04-28 23:51:08,864 - DEBUG - Starting new HTTPS connection (1): mt0.google.com:443
2026-04-28 23:51:09,420 - DEBUG - https://mt0.google.com:443 "GET /vt/lyrs=m&hl=es&x=9181&y=17124&z=17 HTTP/1.1" 200 178
2026-04-28 23:51:09,423 - DEBUG - STREAM b'IHDR' 16 13
2026-04-28 23:51:09,423 - DEBUG - STREAM b'pHYs' 41 9
2026-04-28 23:51:09,423 - DEBUG - STREAM b'PLTE' 62 3
2026-04-28 23:51:09,423 - DEBUG - STREAM b'IDAT' 77 85
2026-04-28 23:51:09,426 - DEBUG - Starting new HTTPS connection (1): mt0.google.com:443
2026-04-28 23:51:10,103 - DEBUG - https://mt0.google.com:443 "GET /vt/lyrs=m&hl=es&x=9197&y=17125&z=17 HTTP/1.1" 200 178
2026-04-28 23:51:10,105 - DEBUG - STREAM b'IHDR' 16 13
2026-04-28 23:51:10,106 - DEBUG - STREAM b'pHYs' 41 9
2026-04-28 23:51:10,106 - DEBUG - STREAM b'PLTE' 62 3
2026-04-28 23:51:10,106 - DEBUG - STREAM b'IDAT' 77 85
2026-04-28 23:51:10,108 - DEBUG - Starting new HTTPS connection (1): mt0.google.com:443
2026-04-28 23:51:10,857 - DEBUG - https://mt0.google.com:443 "GET /vt/lyrs=m&hl=es&x=9181&y=17125&z=17 HTTP/1.1" 200 178
2026-04-28 23:51:10,859 - DEBUG - STREAM b'IHDR' 16 13
2026-04-28 23:51:10,859 - DEBUG - STREAM b'pHYs' 41 9
2026-04-28 23:51:10,859 - DEBUG - STREAM b'PLTE' 62 3
2026-04-28 23:51:10,860 - DEBUG - STREAM b'IDAT' 77 85
2026-04-28 23:51:10,862 - DEBUG - Starting new HTTPS connection (1): mt0.google.com:443
2026-04-28 23:51:11,645 - DEBUG - https://mt0.google.com:443 "GET /vt/lyrs=m&hl=es&x=9197&y=17126&z=17 HTTP/1.1" 200 178
2026-04-28 23:51:11,647 - DEBUG - STREAM b'IHDR' 16 13
2026-04-28 23:51:11,647 - DEBUG - STREAM b'pHYs' 41 9
2026-04-28 23:51:11,647 - DEBUG - STREAM b'PLTE' 62 3
2026-04-28 23:51:11,647 - DEBUG - STREAM b'IDAT' 77 85
2026-04-28 23:51:11,649 - DEBUG - Starting new HTTPS connection (1): mt0.google.com:443
2026-04-28 23:51:12,350 - DEBUG - https://mt0.google.com:443 "GET /vt/lyrs=m&hl=es&x=9181&y=17126&z=17 HTTP/1.1" 200 178
2026-04-28 23:51:12,354 - DEBUG - STREAM b'IHDR' 16 13
2026-04-28 23:51:12,354 - DEBUG - STREAM b'pHYs' 41 9
2026-04-28 23:51:12,354 - DEBUG - STREAM b'PLTE' 62 3
2026-04-28 23:51:12,354 - DEBUG - STREAM b'IDAT' 77 85
2026-04-28 23:51:12,356 - DEBUG - Starting new HTTPS connection (1): mt0.google.com:443
2026-04-28 23:51:12,970 - DEBUG - https://mt0.google.com:443 "GET /vt/lyrs=m&hl=es&x=9197&y=17127&z=17 HTTP/1.1" 200 178
2026-04-28 23:51:12,974 - DEBUG - STREAM b'IHDR' 16 13
2026-04-28 23:51:12,974 - DEBUG - STREAM b'pHYs' 41 9
2026-04-28 23:51:12,974 - DEBUG - STREAM b'PLTE' 62 3
2026-04-28 23:51:12,974 - DEBUG - STREAM b'IDAT' 77 85
2026-04-28 23:51:12,976 - DEBUG - Starting new HTTPS connection (1): mt0.google.com:443
2026-04-28 23:51:13,665 - DEBUG - https://mt0.google.com:443 "GET /vt/lyrs=m&hl=es&x=9181&y=17127&z=17 HTTP/1.1" 200 178
2026-04-28 23:51:13,669 - DEBUG - STREAM b'IHDR' 16 13
2026-04-28 23:51:13,669 - DEBUG - STREAM b'pHYs' 41 9
2026-04-28 23:51:13,669 - DEBUG - STREAM b'PLTE' 62 3
2026-04-28 23:51:13,669 - DEBUG - STREAM b'IDAT' 77 85
2026-04-28 23:51:13,669 - DEBUG - Starting new HTTPS connection (1): mt0.google.com:443
2026-04-28 23:51:14,340 - DEBUG - https://mt0.google.com:443 "GET /vt/lyrs=m&hl=es&x=9197&y=17128&z=17 HTTP/1.1" 200 178
2026-04-28 23:51:14,341 - DEBUG - STREAM b'IHDR' 16 13
2026-04-28 23:51:14,341 - DEBUG - STREAM b'pHYs' 41 9
2026-04-28 23:51:14,341 - DEBUG - STREAM b'PLTE' 62 3
2026-04-28 23:51:14,341 - DEBUG - STREAM b'IDAT' 77 85
2026-04-28 23:51:14,345 - DEBUG - Starting new HTTPS connection (1): mt0.google.com:443
2026-04-28 23:51:15,090 - INFO - ✅ Mapa actualizado: 422 clientes
2026-04-28 23:51:15,140 - DEBUG - https://mt0.google.com:443 "GET /vt/lyrs=m&hl=es&x=9181&y=17128&z=17 HTTP/1.1" 200 178
2026-04-28 23:51:15,144 - DEBUG - STREAM b'IHDR' 16 13
2026-04-28 23:51:15,145 - DEBUG - STREAM b'pHYs' 41 9
2026-04-28 23:51:15,145 - DEBUG - STREAM b'PLTE' 62 3
2026-04-28 23:51:15,145 - DEBUG - STREAM b'IDAT' 77 85
2026-04-28 23:51:15,147 - DEBUG - Starting new HTTPS connection (1): mt0.google.com:443
2026-04-28 23:51:15,816 - DEBUG - https://mt0.google.com:443 "GET /vt/lyrs=m&hl=es&x=9197&y=17129&z=17 HTTP/1.1" 200 178
2026-04-28 23:51:15,818 - DEBUG - STREAM b'IHDR' 16 13
2026-04-28 23:51:15,818 - DEBUG - STREAM b'pHYs' 41 9
2026-04-28 23:51:15,818 - DEBUG - STREAM b'PLTE' 62 3
2026-04-28 23:51:15,818 - DEBUG - STREAM b'IDAT' 77 85
2026-04-28 23:51:15,821 - DEBUG - Starting new HTTPS connection (1): mt0.google.com:443
2026-04-28 23:51:16,510 - DEBUG - https://mt0.google.com:443 "GET /vt/lyrs=m&hl=es&x=9181&y=17129&z=17 HTTP/1.1" 200 178
2026-04-28 23:51:16,512 - DEBUG - STREAM b'IHDR' 16 13
2026-04-28 23:51:16,512 - DEBUG - STREAM b'pHYs' 41 9
2026-04-28 23:51:16,513 - DEBUG - STREAM b'PLTE' 62 3
2026-04-28 23:51:16,513 - DEBUG - STREAM b'IDAT' 77 85
2026-04-28 23:51:16,515 - DEBUG - Starting new HTTPS connection (1): mt0.google.com:443
2026-04-28 23:51:17,181 - DEBUG - https://mt0.google.com:443 "GET /vt/lyrs=m&hl=es&x=9187&y=17123&z=15 HTTP/1.1" 200 10912
2026-04-28 23:51:17,193 - DEBUG - STREAM b'IHDR' 16 13
2026-04-28 23:51:17,194 - DEBUG - STREAM b'pHYs' 41 9
2026-04-28 23:51:17,194 - DEBUG - STREAM b'PLTE' 62 222
2026-04-28 23:51:17,194 - DEBUG - STREAM b'IDAT' 296 10600
2026-04-28 23:51:17,197 - DEBUG - Starting new HTTPS connection (1): mt0.google.com:443
2026-04-28 23:51:18,090 - DEBUG - https://mt0.google.com:443 "GET /vt/lyrs=m&hl=es&x=9188&y=17123&z=15 HTTP/1.1" 200 17628
2026-04-28 23:51:18,208 - DEBUG - STREAM b'IHDR' 16 13
2026-04-28 23:51:18,209 - DEBUG - STREAM b'pHYs' 41 9
2026-04-28 23:51:18,209 - DEBUG - STREAM b'PLTE' 62 249
2026-04-28 23:51:18,209 - DEBUG - STREAM b'IDAT' 323 17289
2026-04-28 23:51:18,209 - DEBUG - Starting new HTTPS connection (1): mt0.google.com:443
2026-04-28 23:51:19,121 - DEBUG - https://mt0.google.com:443 "GET /vt/lyrs=m&hl=es&x=9189&y=17123&z=15 HTTP/1.1" 200 21109
2026-04-28 23:51:19,240 - DEBUG - STREAM b'IHDR' 16 13
2026-04-28 23:51:19,241 - DEBUG - STREAM b'pHYs' 41 9
2026-04-28 23:51:19,241 - DEBUG - STREAM b'PLTE' 62 231
2026-04-28 23:51:19,241 - DEBUG - STREAM b'IDAT' 305 20788
2026-04-28 23:51:19,244 - DEBUG - Starting new HTTPS connection (1): mt0.google.com:443
2026-04-28 23:51:20,028 - DEBUG - https://mt0.google.com:443 "GET /vt/lyrs=m&hl=es&x=9190&y=17123&z=15 HTTP/1.1" 200 22592
2026-04-28 23:51:20,146 - DEBUG - STREAM b'IHDR' 16 13
2026-04-28 23:51:20,146 - DEBUG - STREAM b'pHYs' 41 9
2026-04-28 23:51:20,146 - DEBUG - STREAM b'PLTE' 62 267
2026-04-28 23:51:20,146 - DEBUG - STREAM b'IDAT' 341 22235
2026-04-28 23:51:20,149 - DEBUG - Starting new HTTPS connection (1): mt0.google.com:443
2026-04-28 23:51:21,050 - DEBUG - https://mt0.google.com:443 "GET /vt/lyrs=m&hl=es&x=9191&y=17123&z=15 HTTP/1.1" 200 22735
2026-04-28 23:51:21,168 - DEBUG - STREAM b'IHDR' 16 13
2026-04-28 23:51:21,169 - DEBUG - STREAM b'pHYs' 41 9
2026-04-28 23:51:21,169 - DEBUG - STREAM b'PLTE' 62 318
2026-04-28 23:51:21,169 - DEBUG - STREAM b'IDAT' 392 22327
2026-04-28 23:51:21,171 - DEBUG - Starting new HTTPS connection (1): mt0.google.com:443
2026-04-28 23:51:21,962 - DEBUG - https://mt0.google.com:443 "GET /vt/lyrs=m&hl=es&x=9191&y=17119&z=15 HTTP/1.1" 200 14356
2026-04-28 23:51:21,965 - DEBUG - STREAM b'IHDR' 16 13
2026-04-28 23:51:21,966 - DEBUG - STREAM b'pHYs' 41 9
2026-04-28 23:51:21,966 - DEBUG - STREAM b'PLTE' 62 156
2026-04-28 23:51:21,966 - DEBUG - STREAM b'IDAT' 230 14110
2026-04-28 23:51:21,970 - DEBUG - Starting new HTTPS connection (1): mt0.google.com:443
2026-04-28 23:51:22,791 - DEBUG - https://mt0.google.com:443 "GET /vt/lyrs=m&hl=es&x=9191&y=17120&z=15 HTTP/1.1" 200 17683
2026-04-28 23:51:22,899 - DEBUG - STREAM b'IHDR' 16 13
2026-04-28 23:51:22,899 - DEBUG - STREAM b'pHYs' 41 9
2026-04-28 23:51:22,899 - DEBUG - STREAM b'PLTE' 62 168
2026-04-28 23:51:22,899 - DEBUG - STREAM b'IDAT' 242 17425
2026-04-28 23:51:22,903 - DEBUG - Starting new HTTPS connection (1): mt0.google.com:443
2026-04-28 23:51:23,697 - DEBUG - https://mt0.google.com:443 "GET /vt/lyrs=m&hl=es&x=9191&y=17121&z=15 HTTP/1.1" 200 22147
2026-04-28 23:51:23,816 - DEBUG - STREAM b'IHDR' 16 13
2026-04-28 23:51:23,816 - DEBUG - STREAM b'pHYs' 41 9
2026-04-28 23:51:23,816 - DEBUG - STREAM b'PLTE' 62 204
2026-04-28 23:51:23,816 - DEBUG - STREAM b'IDAT' 278 21853
2026-04-28 23:51:23,818 - DEBUG - Starting new HTTPS connection (1): mt0.google.com:443
2026-04-28 23:51:24,735 - DEBUG - https://mt0.google.com:443 "GET /vt/lyrs=m&hl=es&x=9191&y=17122&z=15 HTTP/1.1" 200 19904
2026-04-28 23:51:24,853 - DEBUG - STREAM b'IHDR' 16 13
2026-04-28 23:51:24,853 - DEBUG - STREAM b'pHYs' 41 9
2026-04-28 23:51:24,853 - DEBUG - STREAM b'PLTE' 62 231
2026-04-28 23:51:24,853 - DEBUG - STREAM b'IDAT' 305 19583
2026-04-28 23:51:24,856 - DEBUG - Starting new HTTPS connection (1): mt0.google.com:443
2026-04-28 23:51:25,678 - DEBUG - https://mt0.google.com:443 "GET /vt/lyrs=m&hl=es&x=9186&y=17124&z=15 HTTP/1.1" 200 4613
2026-04-28 23:51:25,680 - DEBUG - STREAM b'IHDR' 16 13
2026-04-28 23:51:25,680 - DEBUG - STREAM b'pHYs' 41 9
2026-04-28 23:51:25,681 - DEBUG - STREAM b'PLTE' 62 105
2026-04-28 23:51:25,681 - DEBUG - STREAM b'IDAT' 179 4418
2026-04-28 23:51:25,684 - DEBUG - Starting new HTTPS connection (1): mt0.google.com:443
2026-04-28 23:51:26,484 - DEBUG - https://mt0.google.com:443 "GET /vt/lyrs=m&hl=es&x=9186&y=17118&z=15 HTTP/1.1" 200 12375
2026-04-28 23:51:26,486 - DEBUG - STREAM b'IHDR' 16 13
2026-04-28 23:51:26,486 - DEBUG - STREAM b'pHYs' 41 9
2026-04-28 23:51:26,486 - DEBUG - STREAM b'PLTE' 62 135
2026-04-28 23:51:26,487 - DEBUG - STREAM b'IDAT' 209 12150
2026-04-28 23:51:26,487 - DEBUG - Starting new HTTPS connection (1): mt0.google.com:443
2026-04-28 23:51:27,281 - DEBUG - https://mt0.google.com:443 "GET /vt/lyrs=m&hl=es&x=9187&y=17124&z=15 HTTP/1.1" 200 4412
2026-04-28 23:51:27,285 - DEBUG - STREAM b'IHDR' 16 13
2026-04-28 23:51:27,285 - DEBUG - STREAM b'pHYs' 41 9
2026-04-28 23:51:27,285 - DEBUG - STREAM b'PLTE' 62 51
2026-04-28 23:51:27,285 - DEBUG - STREAM b'IDAT' 125 4271
2026-04-28 23:51:27,288 - DEBUG - Starting new HTTPS connection (1): mt0.google.com:443
2026-04-28 23:51:28,088 - DEBUG - https://mt0.google.com:443 "GET /vt/lyrs=m&hl=es&x=9187&y=17118&z=15 HTTP/1.1" 200 13567
2026-04-28 23:51:28,092 - DEBUG - STREAM b'IHDR' 16 13
2026-04-28 23:51:28,092 - DEBUG - STREAM b'pHYs' 41 9
2026-04-28 23:51:28,093 - DEBUG - STREAM b'PLTE' 62 168
2026-04-28 23:51:28,093 - DEBUG - STREAM b'IDAT' 242 13309
2026-04-28 23:51:28,097 - DEBUG - Starting new HTTPS connection (1): mt0.google.com:443
2026-04-28 23:51:29,146 - DEBUG - https://mt0.google.com:443 "GET /vt/lyrs=m&hl=es&x=9188&y=17124&z=15 HTTP/1.1" 200 8229
2026-04-28 23:51:29,149 - DEBUG - STREAM b'IHDR' 16 13
2026-04-28 23:51:29,149 - DEBUG - STREAM b'pHYs' 41 9
2026-04-28 23:51:29,149 - DEBUG - STREAM b'PLTE' 62 111
2026-04-28 23:51:29,149 - DEBUG - STREAM b'IDAT' 185 8028
2026-04-28 23:51:29,152 - DEBUG - Starting new HTTPS connection (1): mt0.google.com:443
2026-04-28 23:51:30,062 - DEBUG - https://mt0.google.com:443 "GET /vt/lyrs=m&hl=es&x=9188&y=17118&z=15 HTTP/1.1" 200 11605
2026-04-28 23:51:30,078 - DEBUG - STREAM b'IHDR' 16 13
2026-04-28 23:51:30,078 - DEBUG - STREAM b'pHYs' 41 9
2026-04-28 23:51:30,079 - DEBUG - STREAM b'PLTE' 62 102
2026-04-28 23:51:30,079 - DEBUG - STREAM b'IDAT' 176 11413
2026-04-28 23:51:30,081 - DEBUG - Starting new HTTPS connection (1): mt0.google.com:443
2026-04-28 23:51:30,968 - DEBUG - https://mt0.google.com:443 "GET /vt/lyrs=m&hl=es&x=9189&y=17124&z=15 HTTP/1.1" 200 26134
2026-04-28 23:51:31,085 - DEBUG - STREAM b'IHDR' 16 13
2026-04-28 23:51:31,085 - DEBUG - STREAM b'pHYs' 41 9
2026-04-28 23:51:31,085 - DEBUG - STREAM b'PLTE' 62 276
2026-04-28 23:51:31,085 - DEBUG - STREAM b'IDAT' 350 25768
2026-04-28 23:51:31,087 - DEBUG - Starting new HTTPS connection (1): mt0.google.com:443
2026-04-28 23:51:32,010 - DEBUG - https://mt0.google.com:443 "GET /vt/lyrs=m&hl=es&x=9189&y=17118&z=15 HTTP/1.1" 200 3656
2026-04-28 23:51:32,013 - DEBUG - STREAM b'IHDR' 16 13
2026-04-28 23:51:32,014 - DEBUG - STREAM b'pHYs' 41 9
2026-04-28 23:51:32,014 - DEBUG - STREAM b'PLTE' 62 63
2026-04-28 23:51:32,014 - DEBUG - STREAM b'IDAT' 137 3503
2026-04-28 23:51:32,017 - DEBUG - Starting new HTTPS connection (1): mt0.google.com:443
2026-04-28 23:51:32,922 - DEBUG - https://mt0.google.com:443 "GET /vt/lyrs=m&hl=es&x=9190&y=17124&z=15 HTTP/1.1" 200 20034
2026-04-28 23:51:33,022 - DEBUG - STREAM b'IHDR' 16 13
2026-04-28 23:51:33,022 - DEBUG - STREAM b'pHYs' 41 9
2026-04-28 23:51:33,022 - DEBUG - STREAM b'PLTE' 62 366
2026-04-28 23:51:33,022 - DEBUG - STREAM b'IDAT' 440 19578
2026-04-28 23:51:33,024 - DEBUG - Starting new HTTPS connection (1): mt0.google.com:443
2026-04-28 23:51:33,827 - DEBUG - https://mt0.google.com:443 "GET /vt/lyrs=m&hl=es&x=9190&y=17118&z=15 HTTP/1.1" 200 2694
2026-04-28 23:51:33,830 - DEBUG - STREAM b'IHDR' 16 13
2026-04-28 23:51:33,830 - DEBUG - STREAM b'pHYs' 41 9
2026-04-28 23:51:33,830 - DEBUG - STREAM b'PLTE' 62 45
2026-04-28 23:51:33,830 - DEBUG - STREAM b'IDAT' 119 2559
2026-04-28 23:51:33,833 - DEBUG - Starting new HTTPS connection (1): mt0.google.com:443
2026-04-28 23:51:34,637 - DEBUG - https://mt0.google.com:443 "GET /vt/lyrs=m&hl=es&x=9191&y=17124&z=15 HTTP/1.1" 200 22282
2026-04-28 23:51:34,750 - DEBUG - STREAM b'IHDR' 16 13
2026-04-28 23:51:34,750 - DEBUG - STREAM b'pHYs' 41 9
2026-04-28 23:51:34,750 - DEBUG - STREAM b'PLTE' 62 282
2026-04-28 23:51:34,750 - DEBUG - STREAM b'IDAT' 356 21910
2026-04-28 23:51:34,754 - DEBUG - Starting new HTTPS connection (1): mt0.google.com:443
2026-04-28 23:51:35,556 - DEBUG - https://mt0.google.com:443 "GET /vt/lyrs=m&hl=es&x=9191&y=17118&z=15 HTTP/1.1" 200 3136
2026-04-28 23:51:35,560 - DEBUG - STREAM b'IHDR' 16 13
2026-04-28 23:51:35,560 - DEBUG - STREAM b'pHYs' 41 9
2026-04-28 23:51:35,560 - DEBUG - STREAM b'PLTE' 62 66
2026-04-28 23:51:35,560 - DEBUG - STREAM b'IDAT' 140 2980
2026-04-28 23:51:35,564 - DEBUG - Starting new HTTPS connection (1): mt0.google.com:443
2026-04-28 23:51:36,355 - DEBUG - https://mt0.google.com:443 "GET /vt/lyrs=m&hl=es&x=9192&y=17124&z=15 HTTP/1.1" 200 21942
2026-04-28 23:51:36,473 - DEBUG - STREAM b'IHDR' 16 13
2026-04-28 23:51:36,473 - DEBUG - STREAM b'pHYs' 41 9
2026-04-28 23:51:36,475 - DEBUG - STREAM b'PLTE' 62 252
2026-04-28 23:51:36,475 - DEBUG - STREAM b'IDAT' 326 21600
2026-04-28 23:51:36,475 - DEBUG - Starting new HTTPS connection (1): mt0.google.com:443
2026-04-28 23:51:37,147 - DEBUG - https://mt0.google.com:443 "GET /vt/lyrs=m&hl=es&x=9192&y=17118&z=15 HTTP/1.1" 200 11234
2026-04-28 23:51:37,152 - DEBUG - STREAM b'IHDR' 16 13
2026-04-28 23:51:37,152 - DEBUG - STREAM b'pHYs' 41 9
2026-04-28 23:51:37,152 - DEBUG - STREAM b'PLTE' 62 102
2026-04-28 23:51:37,152 - DEBUG - STREAM b'IDAT' 176 11042
2026-04-28 23:51:37,155 - DEBUG - Starting new HTTPS connection (1): mt0.google.com:443
2026-04-28 23:51:37,839 - DEBUG - https://mt0.google.com:443 "GET /vt/lyrs=m&hl=es&x=9192&y=17119&z=15 HTTP/1.1" 200 16378
2026-04-28 23:51:37,855 - DEBUG - STREAM b'IHDR' 16 13
2026-04-28 23:51:37,856 - DEBUG - STREAM b'pHYs' 41 9
2026-04-28 23:51:37,856 - DEBUG - STREAM b'PLTE' 62 189
2026-04-28 23:51:37,856 - DEBUG - STREAM b'IDAT' 263 16099
2026-04-28 23:51:37,858 - DEBUG - Starting new HTTPS connection (1): mt0.google.com:443
2026-04-28 23:51:38,672 - DEBUG - https://mt0.google.com:443 "GET /vt/lyrs=m&hl=es&x=9186&y=17119&z=15 HTTP/1.1" 200 16393
2026-04-28 23:51:38,685 - DEBUG - STREAM b'IHDR' 16 13
2026-04-28 23:51:38,685 - DEBUG - STREAM b'pHYs' 41 9
2026-04-28 23:51:38,685 - DEBUG - STREAM b'PLTE' 62 135
2026-04-28 23:51:38,686 - DEBUG - STREAM b'IDAT' 209 16168
2026-04-28 23:51:38,687 - DEBUG - Starting new HTTPS connection (1): mt0.google.com:443
2026-04-28 23:51:39,353 - DEBUG - https://mt0.google.com:443 "GET /vt/lyrs=m&hl=es&x=9192&y=17120&z=15 HTTP/1.1" 200 22082
2026-04-28 23:51:39,478 - DEBUG - STREAM b'IHDR' 16 13
2026-04-28 23:51:39,479 - DEBUG - STREAM b'pHYs' 41 9
2026-04-28 23:51:39,479 - DEBUG - STREAM b'PLTE' 62 342
2026-04-28 23:51:39,479 - DEBUG - STREAM b'IDAT' 416 21650
2026-04-28 23:51:39,480 - DEBUG - Starting new HTTPS connection (1): mt0.google.com:443
2026-04-28 23:51:40,160 - DEBUG - https://mt0.google.com:443 "GET /vt/lyrs=m&hl=es&x=9186&y=17120&z=15 HTTP/1.1" 200 19790
2026-04-28 23:51:40,274 - DEBUG - STREAM b'IHDR' 16 13
2026-04-28 23:51:40,275 - DEBUG - STREAM b'pHYs' 41 9
2026-04-28 23:51:40,275 - DEBUG - STREAM b'PLTE' 62 249
2026-04-28 23:51:40,275 - DEBUG - STREAM b'IDAT' 323 19451
2026-04-28 23:51:40,276 - DEBUG - Starting new HTTPS connection (1): mt0.google.com:443
2026-04-28 23:51:40,990 - DEBUG - https://mt0.google.com:443 "GET /vt/lyrs=m&hl=es&x=9192&y=17121&z=15 HTTP/1.1" 200 21086
2026-04-28 23:51:41,043 - DEBUG - STREAM b'IHDR' 16 13
2026-04-28 23:51:41,043 - DEBUG - STREAM b'pHYs' 41 9
2026-04-28 23:51:41,043 - DEBUG - STREAM b'PLTE' 62 153
2026-04-28 23:51:41,043 - DEBUG - STREAM b'IDAT' 227 20843
2026-04-28 23:51:41,045 - DEBUG - Starting new HTTPS connection (1): mt0.google.com:443
2026-04-28 23:51:41,588 - DEBUG - https://mt0.google.com:443 "GET /vt/lyrs=m&hl=es&x=9186&y=17121&z=15 HTTP/1.1" 200 15537
2026-04-28 23:51:41,590 - DEBUG - STREAM b'IHDR' 16 13
2026-04-28 23:51:41,590 - DEBUG - STREAM b'pHYs' 41 9
2026-04-28 23:51:41,590 - DEBUG - STREAM b'PLTE' 62 300
2026-04-28 23:51:41,590 - DEBUG - STREAM b'IDAT' 374 15147
2026-04-28 23:51:41,592 - DEBUG - Starting new HTTPS connection (1): mt0.google.com:443
2026-04-28 23:51:42,217 - DEBUG - https://mt0.google.com:443 "GET /vt/lyrs=m&hl=es&x=9192&y=17122&z=15 HTTP/1.1" 200 22714
2026-04-28 23:51:42,366 - DEBUG - STREAM b'IHDR' 16 13
2026-04-28 23:51:42,366 - DEBUG - STREAM b'pHYs' 41 9
2026-04-28 23:51:42,366 - DEBUG - STREAM b'PLTE' 62 297
2026-04-28 23:51:42,366 - DEBUG - STREAM b'IDAT' 371 22327
2026-04-28 23:51:42,368 - DEBUG - Starting new HTTPS connection (1): mt0.google.com:443
2026-04-28 23:51:42,878 - DEBUG - https://mt0.google.com:443 "GET /vt/lyrs=m&hl=es&x=9186&y=17122&z=15 HTTP/1.1" 200 9536
2026-04-28 23:51:42,880 - DEBUG - STREAM b'IHDR' 16 13
2026-04-28 23:51:42,880 - DEBUG - STREAM b'pHYs' 41 9
2026-04-28 23:51:42,880 - DEBUG - STREAM b'PLTE' 62 183
2026-04-28 23:51:42,880 - DEBUG - STREAM b'IDAT' 257 9263
2026-04-28 23:51:42,884 - DEBUG - Starting new HTTPS connection (1): mt0.google.com:443
2026-04-28 23:51:43,369 - DEBUG - https://mt0.google.com:443 "GET /vt/lyrs=m&hl=es&x=9192&y=17123&z=15 HTTP/1.1" 200 23744
2026-04-28 23:51:43,485 - DEBUG - STREAM b'IHDR' 16 13
2026-04-28 23:51:43,485 - DEBUG - STREAM b'pHYs' 41 9
2026-04-28 23:51:43,485 - DEBUG - STREAM b'PLTE' 62 330
2026-04-28 23:51:43,485 - DEBUG - STREAM b'IDAT' 404 23324
2026-04-28 23:51:43,488 - DEBUG - Starting new HTTPS connection (1): mt0.google.com:443
2026-04-28 23:51:44,178 - DEBUG - https://mt0.google.com:443 "GET /vt/lyrs=m&hl=es&x=9186&y=17123&z=15 HTTP/1.1" 200 7075
2026-04-28 23:51:44,182 - DEBUG - STREAM b'IHDR' 16 13
2026-04-28 23:51:44,182 - DEBUG - STREAM b'pHYs' 41 9
2026-04-28 23:51:44,182 - DEBUG - STREAM b'PLTE' 62 135
2026-04-28 23:51:44,182 - DEBUG - STREAM b'IDAT' 209 6850
2026-04-28 23:51:44,182 - DEBUG - Starting new HTTPS connection (1): mt0.google.com:443
2026-04-28 23:51:44,722 - DEBUG - https://mt0.google.com:443 "GET /vt/lyrs=m&hl=es&x=9185&y=17125&z=15 HTTP/1.1" 200 7050
2026-04-28 23:51:44,802 - DEBUG - STREAM b'IHDR' 16 13
2026-04-28 23:51:44,802 - DEBUG - STREAM b'pHYs' 41 9
2026-04-28 23:51:44,802 - DEBUG - STREAM b'PLTE' 62 228
2026-04-28 23:51:44,802 - DEBUG - STREAM b'IDAT' 302 6732
2026-04-28 23:51:44,804 - DEBUG - Starting new HTTPS connection (1): mt0.google.com:443
2026-04-28 23:51:45,518 - DEBUG - https://mt0.google.com:443 "GET /vt/lyrs=m&hl=es&x=9185&y=17117&z=15 HTTP/1.1" 200 3613
2026-04-28 23:51:45,533 - DEBUG - STREAM b'IHDR' 16 13
2026-04-28 23:51:45,533 - DEBUG - STREAM b'pHYs' 41 9
2026-04-28 23:51:45,533 - DEBUG - STREAM b'PLTE' 62 84
2026-04-28 23:51:45,533 - DEBUG - STREAM b'IDAT' 158 3439
2026-04-28 23:51:45,537 - DEBUG - Starting new HTTPS connection (1): mt0.google.com:443
2026-04-28 23:51:46,203 - DEBUG - https://mt0.google.com:443 "GET /vt/lyrs=m&hl=es&x=9186&y=17125&z=15 HTTP/1.1" 200 3517
2026-04-28 23:51:46,213 - DEBUG - STREAM b'IHDR' 16 13
2026-04-28 23:51:46,213 - DEBUG - STREAM b'pHYs' 41 9
2026-04-28 23:51:46,213 - DEBUG - STREAM b'PLTE' 62 99
2026-04-28 23:51:46,213 - DEBUG - STREAM b'IDAT' 173 3328
2026-04-28 23:51:46,217 - DEBUG - Starting new HTTPS connection (1): mt0.google.com:443
2026-04-28 23:51:46,901 - DEBUG - https://mt0.google.com:443 "GET /vt/lyrs=m&hl=es&x=9186&y=17117&z=15 HTTP/1.1" 200 13473
2026-04-28 23:51:46,902 - DEBUG - STREAM b'IHDR' 16 13
2026-04-28 23:51:46,902 - DEBUG - STREAM b'pHYs' 41 9
2026-04-28 23:51:46,902 - DEBUG - STREAM b'PLTE' 62 195
2026-04-28 23:51:46,902 - DEBUG - STREAM b'IDAT' 269 13188
2026-04-28 23:51:46,905 - DEBUG - Starting new HTTPS connection (1): mt0.google.com:443
2026-04-28 23:51:47,527 - DEBUG - https://mt0.google.com:443 "GET /vt/lyrs=m&hl=es&x=9187&y=17125&z=15 HTTP/1.1" 200 3016
2026-04-28 23:51:47,528 - DEBUG - STREAM b'IHDR' 16 13
2026-04-28 23:51:47,528 - DEBUG - STREAM b'pHYs' 41 9
2026-04-28 23:51:47,528 - DEBUG - STREAM b'PLTE' 62 63
2026-04-28 23:51:47,528 - DEBUG - STREAM b'IDAT' 137 2863
2026-04-28 23:51:47,531 - DEBUG - Starting new HTTPS connection (1): mt0.google.com:443
2026-04-28 23:51:48,662 - DEBUG - https://mt0.google.com:443 "GET /vt/lyrs=m&hl=es&x=9187&y=17117&z=15 HTTP/1.1" 200 19800
2026-04-28 23:51:48,786 - DEBUG - STREAM b'IHDR' 16 13
2026-04-28 23:51:48,786 - DEBUG - STREAM b'pHYs' 41 9
2026-04-28 23:51:48,786 - DEBUG - STREAM b'PLTE' 62 228
2026-04-28 23:51:48,786 - DEBUG - STREAM b'IDAT' 302 19482
2026-04-28 23:51:48,789 - DEBUG - Starting new HTTPS connection (1): mt0.google.com:443
2026-04-28 23:51:50,297 - DEBUG - https://mt0.google.com:443 "GET /vt/lyrs=m&hl=es&x=9188&y=17125&z=15 HTTP/1.1" 200 9944
2026-04-28 23:51:50,300 - DEBUG - STREAM b'IHDR' 16 13
2026-04-28 23:51:50,300 - DEBUG - STREAM b'pHYs' 41 9
2026-04-28 23:51:50,300 - DEBUG - STREAM b'PLTE' 62 216
2026-04-28 23:51:50,300 - DEBUG - STREAM b'IDAT' 290 9638
2026-04-28 23:51:50,301 - DEBUG - Starting new HTTPS connection (1): mt0.google.com:443
2026-04-28 23:51:50,979 - DEBUG - https://mt0.google.com:443 "GET /vt/lyrs=m&hl=es&x=9188&y=17117&z=15 HTTP/1.1" 200 7595
2026-04-28 23:51:50,982 - DEBUG - STREAM b'IHDR' 16 13
2026-04-28 23:51:50,982 - DEBUG - STREAM b'pHYs' 41 9
2026-04-28 23:51:50,982 - DEBUG - STREAM b'PLTE' 62 117
2026-04-28 23:51:50,982 - DEBUG - STREAM b'IDAT' 191 7388
2026-04-28 23:51:50,985 - DEBUG - Starting new HTTPS connection (1): mt0.google.com:443
2026-04-28 23:51:51,687 - DEBUG - https://mt0.google.com:443 "GET /vt/lyrs=m&hl=es&x=9189&y=17125&z=15 HTTP/1.1" 200 23749
2026-04-28 23:51:51,806 - DEBUG - STREAM b'IHDR' 16 13
2026-04-28 23:51:51,806 - DEBUG - STREAM b'pHYs' 41 9
2026-04-28 23:51:51,806 - DEBUG - STREAM b'PLTE' 62 288
2026-04-28 23:51:51,806 - DEBUG - STREAM b'IDAT' 362 23371
2026-04-28 23:51:51,810 - DEBUG - Starting new HTTPS connection (1): mt0.google.com:443
2026-04-28 23:51:52,500 - DEBUG - https://mt0.google.com:443 "GET /vt/lyrs=m&hl=es&x=9189&y=17117&z=15 HTTP/1.1" 200 3868
2026-04-28 23:51:52,503 - DEBUG - STREAM b'IHDR' 16 13
2026-04-28 23:51:52,503 - DEBUG - STREAM b'pHYs' 41 9
2026-04-28 23:51:52,503 - DEBUG - STREAM b'PLTE' 62 48
2026-04-28 23:51:52,503 - DEBUG - STREAM b'IDAT' 122 3730
2026-04-28 23:51:52,504 - DEBUG - Starting new HTTPS connection (1): mt0.google.com:443
2026-04-28 23:51:53,184 - DEBUG - https://mt0.google.com:443 "GET /vt/lyrs=m&hl=es&x=9190&y=17125&z=15 HTTP/1.1" 200 24690
2026-04-28 23:51:53,303 - DEBUG - STREAM b'IHDR' 16 13
2026-04-28 23:51:53,303 - DEBUG - STREAM b'pHYs' 41 9
2026-04-28 23:51:53,303 - DEBUG - STREAM b'PLTE' 62 321
2026-04-28 23:51:53,303 - DEBUG - STREAM b'IDAT' 395 24279
2026-04-28 23:51:53,306 - DEBUG - Starting new HTTPS connection (1): mt0.google.com:443
2026-04-28 23:51:53,987 - DEBUG - https://mt0.google.com:443 "GET /vt/lyrs=m&hl=es&x=9190&y=17117&z=15 HTTP/1.1" 200 713
2026-04-28 23:51:53,989 - DEBUG - STREAM b'IHDR' 16 13
2026-04-28 23:51:53,990 - DEBUG - STREAM b'pHYs' 41 9
2026-04-28 23:51:53,990 - DEBUG - STREAM b'PLTE' 62 24
2026-04-28 23:51:53,990 - DEBUG - STREAM b'IDAT' 98 599
2026-04-28 23:51:53,991 - DEBUG - Starting new HTTPS connection (1): mt0.google.com:443
2026-04-28 23:51:54,675 - DEBUG - https://mt0.google.com:443 "GET /vt/lyrs=m&hl=es&x=9191&y=17125&z=15 HTTP/1.1" 200 25803
2026-04-28 23:51:54,747 - INFO - ✅ Mapa actualizado: 423 clientes
2026-04-28 23:51:54,792 - DEBUG - STREAM b'IHDR' 16 13
2026-04-28 23:51:54,792 - DEBUG - STREAM b'pHYs' 41 9
2026-04-28 23:51:54,793 - DEBUG - STREAM b'PLTE' 62 321
2026-04-28 23:51:54,793 - DEBUG - STREAM b'IDAT' 395 25392
2026-04-28 23:51:54,796 - DEBUG - Starting new HTTPS connection (1): mt0.google.com:443
2026-04-28 23:51:55,469 - DEBUG - https://mt0.google.com:443 "GET /vt/lyrs=m&hl=es&x=9191&y=17117&z=15 HTTP/1.1" 200 952
2026-04-28 23:51:55,472 - DEBUG - STREAM b'IHDR' 16 13
2026-04-28 23:51:55,472 - DEBUG - STREAM b'pHYs' 41 9
2026-04-28 23:51:55,473 - DEBUG - STREAM b'PLTE' 62 21
2026-04-28 23:51:55,473 - DEBUG - STREAM b'IDAT' 95 841
2026-04-28 23:51:55,475 - DEBUG - Starting new HTTPS connection (1): mt0.google.com:443
2026-04-28 23:51:56,157 - DEBUG - https://mt0.google.com:443 "GET /vt/lyrs=m&hl=es&x=9192&y=17125&z=15 HTTP/1.1" 200 20098
2026-04-28 23:51:56,273 - DEBUG - STREAM b'IHDR' 16 13
2026-04-28 23:51:56,274 - DEBUG - STREAM b'pHYs' 41 9
2026-04-28 23:51:56,274 - DEBUG - STREAM b'PLTE' 62 282
2026-04-28 23:51:56,274 - DEBUG - STREAM b'IDAT' 356 19726
2026-04-28 23:51:56,277 - DEBUG - Starting new HTTPS connection (1): mt0.google.com:443
2026-04-28 23:51:56,966 - DEBUG - https://mt0.google.com:443 "GET /vt/lyrs=m&hl=es&x=9192&y=17117&z=15 HTTP/1.1" 200 2774
2026-04-28 23:51:56,971 - DEBUG - STREAM b'IHDR' 16 13
2026-04-28 23:51:56,972 - DEBUG - STREAM b'pHYs' 41 9
2026-04-28 23:51:56,972 - DEBUG - STREAM b'PLTE' 62 63
2026-04-28 23:51:56,972 - DEBUG - STREAM b'IDAT' 137 2621
2026-04-28 23:51:56,975 - DEBUG - Starting new HTTPS connection (1): mt0.google.com:443
2026-04-28 23:51:57,759 - DEBUG - https://mt0.google.com:443 "GET /vt/lyrs=m&hl=es&x=9193&y=17125&z=15 HTTP/1.1" 200 9793
2026-04-28 23:51:57,763 - DEBUG - STREAM b'IHDR' 16 13
2026-04-28 23:51:57,763 - DEBUG - STREAM b'pHYs' 41 9
2026-04-28 23:51:57,763 - DEBUG - STREAM b'PLTE' 62 186
2026-04-28 23:51:57,763 - DEBUG - STREAM b'IDAT' 260 9517
2026-04-28 23:51:57,765 - DEBUG - Starting new HTTPS connection (1): mt0.google.com:443
2026-04-28 23:51:58,551 - DEBUG - https://mt0.google.com:443 "GET /vt/lyrs=m&hl=es&x=9193&y=17117&z=15 HTTP/1.1" 200 2785
2026-04-28 23:51:58,553 - DEBUG - STREAM b'IHDR' 16 13
2026-04-28 23:51:58,553 - DEBUG - STREAM b'pHYs' 41 9
2026-04-28 23:51:58,553 - DEBUG - STREAM b'PLTE' 62 75
2026-04-28 23:51:58,553 - DEBUG - STREAM b'IDAT' 149 2620
2026-04-28 23:51:58,556 - DEBUG - Starting new HTTPS connection (1): mt0.google.com:443
2026-04-28 23:51:59,335 - DEBUG - https://mt0.google.com:443 "GET /vt/lyrs=m&hl=es&x=9193&y=17118&z=15 HTTP/1.1" 200 5384
2026-04-28 23:51:59,337 - DEBUG - STREAM b'IHDR' 16 13
2026-04-28 23:51:59,337 - DEBUG - STREAM b'pHYs' 41 9
2026-04-28 23:51:59,337 - DEBUG - STREAM b'PLTE' 62 78
2026-04-28 23:51:59,337 - DEBUG - STREAM b'IDAT' 152 5216
2026-04-28 23:51:59,341 - DEBUG - Starting new HTTPS connection (1): mt0.google.com:443
2026-04-28 23:52:00,143 - DEBUG - https://mt0.google.com:443 "GET /vt/lyrs=m&hl=es&x=9185&y=17118&z=15 HTTP/1.1" 200 6338
2026-04-28 23:52:00,147 - DEBUG - STREAM b'IHDR' 16 13
2026-04-28 23:52:00,148 - DEBUG - STREAM b'pHYs' 41 9
2026-04-28 23:52:00,148 - DEBUG - STREAM b'PLTE' 62 102
2026-04-28 23:52:00,148 - DEBUG - STREAM b'IDAT' 176 6146
2026-04-28 23:52:00,151 - DEBUG - Starting new HTTPS connection (1): mt0.google.com:443
2026-04-28 23:52:00,944 - DEBUG - https://mt0.google.com:443 "GET /vt/lyrs=m&hl=es&x=9193&y=17119&z=15 HTTP/1.1" 200 14076
2026-04-28 23:52:00,949 - DEBUG - STREAM b'IHDR' 16 13
2026-04-28 23:52:00,950 - DEBUG - STREAM b'pHYs' 41 9
2026-04-28 23:52:00,950 - DEBUG - STREAM b'PLTE' 62 159
2026-04-28 23:52:00,950 - DEBUG - STREAM b'IDAT' 233 13827
2026-04-28 23:52:00,953 - DEBUG - Starting new HTTPS connection (1): mt0.google.com:443
2026-04-28 23:52:01,750 - DEBUG - https://mt0.google.com:443 "GET /vt/lyrs=m&hl=es&x=9185&y=17119&z=15 HTTP/1.1" 200 13246
2026-04-28 23:52:01,757 - DEBUG - STREAM b'IHDR' 16 13
2026-04-28 23:52:01,757 - DEBUG - STREAM b'pHYs' 41 9
2026-04-28 23:52:01,757 - DEBUG - STREAM b'PLTE' 62 201
2026-04-28 23:52:01,758 - DEBUG - STREAM b'IDAT' 275 12955
2026-04-28 23:52:01,761 - DEBUG - Starting new HTTPS connection (1): mt0.google.com:443
2026-04-28 23:52:02,665 - DEBUG - https://mt0.google.com:443 "GET /vt/lyrs=m&hl=es&x=9193&y=17120&z=15 HTTP/1.1" 200 16586
2026-04-28 23:52:02,675 - DEBUG - STREAM b'IHDR' 16 13
2026-04-28 23:52:02,675 - DEBUG - STREAM b'pHYs' 41 9
2026-04-28 23:52:02,675 - DEBUG - STREAM b'PLTE' 62 174
2026-04-28 23:52:02,675 - DEBUG - STREAM b'IDAT' 248 16322
2026-04-28 23:52:02,678 - DEBUG - Starting new HTTPS connection (1): mt0.google.com:443
2026-04-28 23:52:03,570 - DEBUG - https://mt0.google.com:443 "GET /vt/lyrs=m&hl=es&x=9185&y=17120&z=15 HTTP/1.1" 200 11545
2026-04-28 23:52:03,577 - DEBUG - STREAM b'IHDR' 16 13
2026-04-28 23:52:03,577 - DEBUG - STREAM b'pHYs' 41 9
2026-04-28 23:52:03,577 - DEBUG - STREAM b'PLTE' 62 156
2026-04-28 23:52:03,577 - DEBUG - STREAM b'IDAT' 230 11299
2026-04-28 23:52:03,580 - DEBUG - Starting new HTTPS connection (1): mt0.google.com:443
2026-04-28 23:52:04,478 - DEBUG - https://mt0.google.com:443 "GET /vt/lyrs=m&hl=es&x=9193&y=17121&z=15 HTTP/1.1" 200 21673
2026-04-28 23:52:04,596 - DEBUG - STREAM b'IHDR' 16 13
2026-04-28 23:52:04,597 - DEBUG - STREAM b'pHYs' 41 9
2026-04-28 23:52:04,597 - DEBUG - STREAM b'PLTE' 62 219
2026-04-28 23:52:04,597 - DEBUG - STREAM b'IDAT' 293 21364
2026-04-28 23:52:04,601 - DEBUG - Starting new HTTPS connection (1): mt0.google.com:443
2026-04-28 23:52:05,522 - DEBUG - https://mt0.google.com:443 "GET /vt/lyrs=m&hl=es&x=9185&y=17121&z=15 HTTP/1.1" 200 11194
2026-04-28 23:52:05,525 - DEBUG - STREAM b'IHDR' 16 13
2026-04-28 23:52:05,525 - DEBUG - STREAM b'pHYs' 41 9
2026-04-28 23:52:05,526 - DEBUG - STREAM b'PLTE' 62 153
2026-04-28 23:52:05,526 - DEBUG - STREAM b'IDAT' 227 10951
2026-04-28 23:52:05,530 - DEBUG - Starting new HTTPS connection (1): mt0.google.com:443
2026-04-28 23:52:06,336 - DEBUG - https://mt0.google.com:443 "GET /vt/lyrs=m&hl=es&x=9193&y=17122&z=15 HTTP/1.1" 200 19641
2026-04-28 23:52:06,453 - DEBUG - STREAM b'IHDR' 16 13
2026-04-28 23:52:06,453 - DEBUG - STREAM b'pHYs' 41 9
2026-04-28 23:52:06,453 - DEBUG - STREAM b'PLTE' 62 255
2026-04-28 23:52:06,453 - DEBUG - STREAM b'IDAT' 329 19296
2026-04-28 23:52:06,456 - DEBUG - Starting new HTTPS connection (1): mt0.google.com:443
2026-04-28 23:52:07,254 - DEBUG - https://mt0.google.com:443 "GET /vt/lyrs=m&hl=es&x=9185&y=17122&z=15 HTTP/1.1" 200 15290
2026-04-28 23:52:07,261 - DEBUG - STREAM b'IHDR' 16 13
2026-04-28 23:52:07,261 - DEBUG - STREAM b'pHYs' 41 9
2026-04-28 23:52:07,261 - DEBUG - STREAM b'PLTE' 62 189
2026-04-28 23:52:07,261 - DEBUG - STREAM b'IDAT' 263 15011
2026-04-28 23:52:07,265 - DEBUG - Starting new HTTPS connection (1): mt0.google.com:443
2026-04-28 23:52:08,181 - DEBUG - https://mt0.google.com:443 "GET /vt/lyrs=m&hl=es&x=9193&y=17123&z=15 HTTP/1.1" 200 13064
2026-04-28 23:52:08,186 - DEBUG - STREAM b'IHDR' 16 13
2026-04-28 23:52:08,186 - DEBUG - STREAM b'pHYs' 41 9
2026-04-28 23:52:08,186 - DEBUG - STREAM b'PLTE' 62 117
2026-04-28 23:52:08,186 - DEBUG - STREAM b'IDAT' 191 12857
2026-04-28 23:52:08,190 - DEBUG - Starting new HTTPS connection (1): mt0.google.com:443
2026-04-28 23:52:08,967 - DEBUG - https://mt0.google.com:443 "GET /vt/lyrs=m&hl=es&x=9185&y=17123&z=15 HTTP/1.1" 200 3702
2026-04-28 23:52:08,970 - DEBUG - STREAM b'IHDR' 16 13
2026-04-28 23:52:08,970 - DEBUG - STREAM b'pHYs' 41 9
2026-04-28 23:52:08,971 - DEBUG - STREAM b'PLTE' 62 66
2026-04-28 23:52:08,971 - DEBUG - STREAM b'IDAT' 140 3546
2026-04-28 23:52:08,972 - DEBUG - Starting new HTTPS connection (1): mt0.google.com:443
2026-04-28 23:52:09,786 - DEBUG - https://mt0.google.com:443 "GET /vt/lyrs=m&hl=es&x=9193&y=17124&z=15 HTTP/1.1" 200 11326
2026-04-28 23:52:09,790 - DEBUG - STREAM b'IHDR' 16 13
2026-04-28 23:52:09,790 - DEBUG - STREAM b'pHYs' 41 9
2026-04-28 23:52:09,790 - DEBUG - STREAM b'PLTE' 62 159
2026-04-28 23:52:09,790 - DEBUG - STREAM b'IDAT' 233 11077
2026-04-28 23:52:09,793 - DEBUG - Starting new HTTPS connection (1): mt0.google.com:443
2026-04-28 23:52:10,699 - DEBUG - https://mt0.google.com:443 "GET /vt/lyrs=m&hl=es&x=9185&y=17124&z=15 HTTP/1.1" 200 961
2026-04-28 23:52:10,701 - DEBUG - STREAM b'IHDR' 16 13
2026-04-28 23:52:10,701 - DEBUG - STREAM b'pHYs' 41 9
2026-04-28 23:52:10,701 - DEBUG - STREAM b'PLTE' 62 9
2026-04-28 23:52:10,701 - DEBUG - STREAM b'IDAT' 83 862
2026-04-28 23:52:10,704 - DEBUG - Starting new HTTPS connection (1): mt0.google.com:443
2026-04-28 23:52:11,500 - DEBUG - https://mt0.google.com:443 "GET /vt/lyrs=m&hl=es&x=9184&y=17126&z=15 HTTP/1.1" 200 178
2026-04-28 23:52:11,504 - DEBUG - STREAM b'IHDR' 16 13
2026-04-28 23:52:11,505 - DEBUG - STREAM b'pHYs' 41 9
2026-04-28 23:52:11,505 - DEBUG - STREAM b'PLTE' 62 3
2026-04-28 23:52:11,505 - DEBUG - STREAM b'IDAT' 77 85
2026-04-28 23:52:11,507 - DEBUG - Starting new HTTPS connection (1): mt0.google.com:443
2026-04-28 23:52:12,303 - DEBUG - https://mt0.google.com:443 "GET /vt/lyrs=m&hl=es&x=9184&y=17116&z=15 HTTP/1.1" 200 2114
2026-04-28 23:52:12,305 - DEBUG - STREAM b'IHDR' 16 13
2026-04-28 23:52:12,305 - DEBUG - STREAM b'pHYs' 41 9
2026-04-28 23:52:12,305 - DEBUG - STREAM b'PLTE' 62 66
2026-04-28 23:52:12,306 - DEBUG - STREAM b'IDAT' 140 1958
2026-04-28 23:52:12,309 - DEBUG - Starting new HTTPS connection (1): mt0.google.com:443
2026-04-28 23:52:13,089 - DEBUG - https://mt0.google.com:443 "GET /vt/lyrs=m&hl=es&x=9185&y=17126&z=15 HTTP/1.1" 200 357
2026-04-28 23:52:13,092 - DEBUG - STREAM b'IHDR' 16 13
2026-04-28 23:52:13,092 - DEBUG - STREAM b'pHYs' 41 9
2026-04-28 23:52:13,092 - DEBUG - STREAM b'PLTE' 62 15
2026-04-28 23:52:13,092 - DEBUG - STREAM b'IDAT' 89 252
2026-04-28 23:52:13,094 - DEBUG - Starting new HTTPS connection (1): mt0.google.com:443
2026-04-28 23:52:13,886 - DEBUG - https://mt0.google.com:443 "GET /vt/lyrs=m&hl=es&x=9185&y=17116&z=15 HTTP/1.1" 200 3032
2026-04-28 23:52:13,890 - DEBUG - STREAM b'IHDR' 16 13
2026-04-28 23:52:13,890 - DEBUG - STREAM b'pHYs' 41 9
2026-04-28 23:52:13,890 - DEBUG - STREAM b'PLTE' 62 54
2026-04-28 23:52:13,890 - DEBUG - STREAM b'IDAT' 128 2888
2026-04-28 23:52:13,894 - DEBUG - Starting new HTTPS connection (1): mt0.google.com:443
2026-04-28 23:52:14,684 - DEBUG - https://mt0.google.com:443 "GET /vt/lyrs=m&hl=es&x=9186&y=17126&z=15 HTTP/1.1" 200 4235
2026-04-28 23:52:14,687 - DEBUG - STREAM b'IHDR' 16 13
2026-04-28 23:52:14,687 - DEBUG - STREAM b'pHYs' 41 9
2026-04-28 23:52:14,687 - DEBUG - STREAM b'PLTE' 62 126
2026-04-28 23:52:14,687 - DEBUG - STREAM b'IDAT' 200 4019
2026-04-28 23:52:14,690 - DEBUG - Starting new HTTPS connection (1): mt0.google.com:443
2026-04-28 23:52:15,484 - DEBUG - https://mt0.google.com:443 "GET /vt/lyrs=m&hl=es&x=9186&y=17116&z=15 HTTP/1.1" 200 16964
2026-04-28 23:52:15,596 - DEBUG - STREAM b'IHDR' 16 13
2026-04-28 23:52:15,596 - DEBUG - STREAM b'pHYs' 41 9
2026-04-28 23:52:15,596 - DEBUG - STREAM b'PLTE' 62 291
2026-04-28 23:52:15,596 - DEBUG - STREAM b'IDAT' 365 16583
2026-04-28 23:52:15,600 - DEBUG - Starting new HTTPS connection (1): mt0.google.com:443
2026-04-28 23:52:16,377 - DEBUG - https://mt0.google.com:443 "GET /vt/lyrs=m&hl=es&x=9187&y=17126&z=15 HTTP/1.1" 200 5581
2026-04-28 23:52:16,381 - DEBUG - STREAM b'IHDR' 16 13
2026-04-28 23:52:16,381 - DEBUG - STREAM b'pHYs' 41 9
2026-04-28 23:52:16,381 - DEBUG - STREAM b'PLTE' 62 168
2026-04-28 23:52:16,381 - DEBUG - STREAM b'IDAT' 242 5323
2026-04-28 23:52:16,384 - DEBUG - Starting new HTTPS connection (1): mt0.google.com:443
2026-04-28 23:52:17,105 - DEBUG - https://mt0.google.com:443 "GET /vt/lyrs=m&hl=es&x=9187&y=17116&z=15 HTTP/1.1" 200 18140
2026-04-28 23:52:17,213 - DEBUG - STREAM b'IHDR' 16 13
2026-04-28 23:52:17,213 - DEBUG - STREAM b'pHYs' 41 9
2026-04-28 23:52:17,213 - DEBUG - STREAM b'PLTE' 62 228
2026-04-28 23:52:17,213 - DEBUG - STREAM b'IDAT' 302 17822
2026-04-28 23:52:17,216 - DEBUG - Starting new HTTPS connection (1): mt0.google.com:443
2026-04-28 23:52:18,012 - DEBUG - https://mt0.google.com:443 "GET /vt/lyrs=m&hl=es&x=9188&y=17126&z=15 HTTP/1.1" 200 15589
2026-04-28 23:52:18,020 - DEBUG - STREAM b'IHDR' 16 13
2026-04-28 23:52:18,020 - DEBUG - STREAM b'pHYs' 41 9
2026-04-28 23:52:18,020 - DEBUG - STREAM b'PLTE' 62 201
2026-04-28 23:52:18,020 - DEBUG - STREAM b'IDAT' 275 15298
2026-04-28 23:52:18,028 - DEBUG - Starting new HTTPS connection (1): mt0.google.com:443
2026-04-28 23:52:18,786 - DEBUG - https://mt0.google.com:443 "GET /vt/lyrs=m&hl=es&x=9188&y=17116&z=15 HTTP/1.1" 200 9884
2026-04-28 23:52:18,791 - DEBUG - STREAM b'IHDR' 16 13
2026-04-28 23:52:18,791 - DEBUG - STREAM b'pHYs' 41 9
2026-04-28 23:52:18,791 - DEBUG - STREAM b'PLTE' 62 132
2026-04-28 23:52:18,791 - DEBUG - STREAM b'IDAT' 206 9662
2026-04-28 23:52:18,794 - DEBUG - Starting new HTTPS connection (1): mt0.google.com:443
2026-04-28 23:52:19,403 - DEBUG - https://mt0.google.com:443 "GET /vt/lyrs=m&hl=es&x=9189&y=17126&z=15 HTTP/1.1" 200 23419
2026-04-28 23:52:19,594 - DEBUG - STREAM b'IHDR' 16 13
2026-04-28 23:52:19,594 - DEBUG - STREAM b'pHYs' 41 9
2026-04-28 23:52:19,594 - DEBUG - STREAM b'PLTE' 62 264
2026-04-28 23:52:19,594 - DEBUG - STREAM b'IDAT' 338 23065
2026-04-28 23:52:19,597 - DEBUG - Starting new HTTPS connection (1): mt0.google.com:443
2026-04-28 23:52:20,426 - DEBUG - https://mt0.google.com:443 "GET /vt/lyrs=m&hl=es&x=9189&y=17116&z=15 HTTP/1.1" 200 4503
2026-04-28 23:52:20,431 - DEBUG - STREAM b'IHDR' 16 13
2026-04-28 23:52:20,431 - DEBUG - STREAM b'pHYs' 41 9
2026-04-28 23:52:20,431 - DEBUG - STREAM b'PLTE' 62 51
2026-04-28 23:52:20,431 - DEBUG - STREAM b'IDAT' 125 4362
2026-04-28 23:52:20,433 - DEBUG - Starting new HTTPS connection (1): mt0.google.com:443
2026-04-28 23:52:21,060 - DEBUG - https://mt0.google.com:443 "GET /vt/lyrs=m&hl=es&x=9190&y=17126&z=15 HTTP/1.1" 200 20407
2026-04-28 23:52:21,112 - DEBUG - STREAM b'IHDR' 16 13
2026-04-28 23:52:21,112 - DEBUG - STREAM b'pHYs' 41 9
2026-04-28 23:52:21,112 - DEBUG - STREAM b'PLTE' 62 267
2026-04-28 23:52:21,112 - DEBUG - STREAM b'IDAT' 341 20050
2026-04-28 23:52:21,114 - DEBUG - Starting new HTTPS connection (1): mt0.google.com:443
2026-04-28 23:52:21,740 - DEBUG - https://mt0.google.com:443 "GET /vt/lyrs=m&hl=es&x=9190&y=17116&z=15 HTTP/1.1" 200 605
2026-04-28 23:52:21,743 - DEBUG - STREAM b'IHDR' 16 13
2026-04-28 23:52:21,743 - DEBUG - STREAM b'pHYs' 41 9
2026-04-28 23:52:21,743 - DEBUG - STREAM b'PLTE' 62 12
2026-04-28 23:52:21,743 - DEBUG - STREAM b'IDAT' 86 503
2026-04-28 23:52:21,746 - DEBUG - Starting new HTTPS connection (1): mt0.google.com:443
2026-04-28 23:52:22,363 - DEBUG - https://mt0.google.com:443 "GET /vt/lyrs=m&hl=es&x=9191&y=17126&z=15 HTTP/1.1" 200 15452
2026-04-28 23:52:22,368 - DEBUG - STREAM b'IHDR' 16 13
2026-04-28 23:52:22,368 - DEBUG - STREAM b'pHYs' 41 9
2026-04-28 23:52:22,368 - DEBUG - STREAM b'PLTE' 62 285
2026-04-28 23:52:22,368 - DEBUG - STREAM b'IDAT' 359 15077
2026-04-28 23:52:22,371 - DEBUG - Starting new HTTPS connection (1): mt0.google.com:443
2026-04-28 23:52:22,964 - DEBUG - https://mt0.google.com:443 "GET /vt/lyrs=m&hl=es&x=9191&y=17116&z=15 HTTP/1.1" 200 1828
2026-04-28 23:52:22,966 - DEBUG - STREAM b'IHDR' 16 13
2026-04-28 23:52:22,966 - DEBUG - STREAM b'pHYs' 41 9
2026-04-28 23:52:22,966 - DEBUG - STREAM b'PLTE' 62 54
2026-04-28 23:52:22,966 - DEBUG - STREAM b'IDAT' 128 1684
2026-04-28 23:52:22,970 - DEBUG - Starting new HTTPS connection (1): mt0.google.com:443
2026-04-28 23:52:24,418 - DEBUG - https://mt0.google.com:443 "GET /vt/lyrs=m&hl=es&x=9192&y=17126&z=15 HTTP/1.1" 200 6087
2026-04-28 23:52:24,428 - DEBUG - STREAM b'IHDR' 16 13
2026-04-28 23:52:24,428 - DEBUG - STREAM b'pHYs' 41 9
2026-04-28 23:52:24,429 - DEBUG - STREAM b'PLTE' 62 126
2026-04-28 23:52:24,429 - DEBUG - STREAM b'IDAT' 200 5871
2026-04-28 23:52:24,430 - DEBUG - Starting new HTTPS connection (1): mt0.google.com:443
2026-04-28 23:52:25,116 - DEBUG - https://mt0.google.com:443 "GET /vt/lyrs=m&hl=es&x=9192&y=17116&z=15 HTTP/1.1" 200 770
2026-04-28 23:52:25,118 - DEBUG - STREAM b'IHDR' 16 13
2026-04-28 23:52:25,118 - DEBUG - STREAM b'pHYs' 41 9
2026-04-28 23:52:25,118 - DEBUG - STREAM b'PLTE' 62 6
2026-04-28 23:52:25,118 - DEBUG - STREAM b'IDAT' 80 674
2026-04-28 23:52:25,121 - DEBUG - Starting new HTTPS connection (1): mt0.google.com:443
2026-04-28 23:52:25,791 - DEBUG - https://mt0.google.com:443 "GET /vt/lyrs=m&hl=es&x=9193&y=17126&z=15 HTTP/1.1" 200 10703
2026-04-28 23:52:25,807 - DEBUG - STREAM b'IHDR' 16 13
2026-04-28 23:52:25,807 - DEBUG - STREAM b'pHYs' 41 9
2026-04-28 23:52:25,807 - DEBUG - STREAM b'PLTE' 62 264
2026-04-28 23:52:25,807 - DEBUG - STREAM b'IDAT' 338 10349
2026-04-28 23:52:25,810 - DEBUG - Starting new HTTPS connection (1): mt0.google.com:443
2026-04-28 23:52:26,592 - DEBUG - https://mt0.google.com:443 "GET /vt/lyrs=m&hl=es&x=9193&y=17116&z=15 HTTP/1.1" 200 178
2026-04-28 23:52:26,594 - DEBUG - STREAM b'IHDR' 16 13
2026-04-28 23:52:26,594 - DEBUG - STREAM b'pHYs' 41 9
2026-04-28 23:52:26,594 - DEBUG - STREAM b'PLTE' 62 3
2026-04-28 23:52:26,594 - DEBUG - STREAM b'IDAT' 77 85
2026-04-28 23:52:26,597 - DEBUG - Starting new HTTPS connection (1): mt0.google.com:443
2026-04-28 23:52:27,279 - DEBUG - https://mt0.google.com:443 "GET /vt/lyrs=m&hl=es&x=9194&y=17126&z=15 HTTP/1.1" 200 5528
2026-04-28 23:52:27,282 - DEBUG - STREAM b'IHDR' 16 13
2026-04-28 23:52:27,282 - DEBUG - STREAM b'pHYs' 41 9
2026-04-28 23:52:27,283 - DEBUG - STREAM b'PLTE' 62 144
2026-04-28 23:52:27,283 - DEBUG - STREAM b'IDAT' 218 5294
2026-04-28 23:52:27,285 - DEBUG - Starting new HTTPS connection (1): mt0.google.com:443
2026-04-28 23:52:27,969 - DEBUG - https://mt0.google.com:443 "GET /vt/lyrs=m&hl=es&x=9194&y=17116&z=15 HTTP/1.1" 200 178
2026-04-28 23:52:27,969 - DEBUG - STREAM b'IHDR' 16 13
2026-04-28 23:52:27,972 - DEBUG - STREAM b'pHYs' 41 9
2026-04-28 23:52:27,972 - DEBUG - STREAM b'PLTE' 62 3
2026-04-28 23:52:27,972 - DEBUG - STREAM b'IDAT' 77 85
2026-04-28 23:52:27,974 - DEBUG - Starting new HTTPS connection (1): mt0.google.com:443
2026-04-28 23:52:28,637 - DEBUG - https://mt0.google.com:443 "GET /vt/lyrs=m&hl=es&x=9194&y=17117&z=15 HTTP/1.1" 200 178
2026-04-28 23:52:28,642 - DEBUG - STREAM b'IHDR' 16 13
2026-04-28 23:52:28,642 - DEBUG - STREAM b'pHYs' 41 9
2026-04-28 23:52:28,642 - DEBUG - STREAM b'PLTE' 62 3
2026-04-28 23:52:28,643 - DEBUG - STREAM b'IDAT' 77 85
2026-04-28 23:52:28,645 - DEBUG - Starting new HTTPS connection (1): mt0.google.com:443
2026-04-28 23:52:29,334 - DEBUG - https://mt0.google.com:443 "GET /vt/lyrs=m&hl=es&x=9184&y=17117&z=15 HTTP/1.1" 200 477
2026-04-28 23:52:29,336 - DEBUG - STREAM b'IHDR' 16 13
2026-04-28 23:52:29,336 - DEBUG - STREAM b'pHYs' 41 9
2026-04-28 23:52:29,337 - DEBUG - STREAM b'PLTE' 62 21
2026-04-28 23:52:29,337 - DEBUG - STREAM b'IDAT' 95 366
2026-04-28 23:52:29,337 - DEBUG - Starting new HTTPS connection (1): mt0.google.com:443
2026-04-28 23:52:30,006 - DEBUG - https://mt0.google.com:443 "GET /vt/lyrs=m&hl=es&x=9194&y=17118&z=15 HTTP/1.1" 200 4364
2026-04-28 23:52:30,009 - DEBUG - STREAM b'IHDR' 16 13
2026-04-28 23:52:30,009 - DEBUG - STREAM b'pHYs' 41 9
2026-04-28 23:52:30,009 - DEBUG - STREAM b'PLTE' 62 75
2026-04-28 23:52:30,009 - DEBUG - STREAM b'IDAT' 149 4199
2026-04-28 23:52:30,012 - DEBUG - Starting new HTTPS connection (1): mt0.google.com:443
2026-04-28 23:52:30,704 - DEBUG - https://mt0.google.com:443 "GET /vt/lyrs=m&hl=es&x=9184&y=17118&z=15 HTTP/1.1" 200 2864
2026-04-28 23:52:30,709 - DEBUG - STREAM b'IHDR' 16 13
2026-04-28 23:52:30,709 - DEBUG - STREAM b'pHYs' 41 9
2026-04-28 23:52:30,709 - DEBUG - STREAM b'PLTE' 62 45
2026-04-28 23:52:30,709 - DEBUG - STREAM b'IDAT' 119 2729
2026-04-28 23:52:30,712 - DEBUG - Starting new HTTPS connection (1): mt0.google.com:443
2026-04-28 23:52:31,381 - DEBUG - https://mt0.google.com:443 "GET /vt/lyrs=m&hl=es&x=9194&y=17119&z=15 HTTP/1.1" 200 10180
2026-04-28 23:52:31,384 - DEBUG - STREAM b'IHDR' 16 13
2026-04-28 23:52:31,384 - DEBUG - STREAM b'pHYs' 41 9
2026-04-28 23:52:31,384 - DEBUG - STREAM b'PLTE' 62 114
2026-04-28 23:52:31,384 - DEBUG - STREAM b'IDAT' 188 9976
2026-04-28 23:52:31,387 - DEBUG - Starting new HTTPS connection (1): mt0.google.com:443
2026-04-28 23:52:32,069 - DEBUG - https://mt0.google.com:443 "GET /vt/lyrs=m&hl=es&x=9184&y=17119&z=15 HTTP/1.1" 200 6235
2026-04-28 23:52:32,071 - DEBUG - STREAM b'IHDR' 16 13
2026-04-28 23:52:32,071 - DEBUG - STREAM b'pHYs' 41 9
2026-04-28 23:52:32,071 - DEBUG - STREAM b'PLTE' 62 93
2026-04-28 23:52:32,071 - DEBUG - STREAM b'IDAT' 167 6052
2026-04-28 23:52:32,073 - DEBUG - Starting new HTTPS connection (1): mt0.google.com:443
2026-04-28 23:52:32,767 - DEBUG - https://mt0.google.com:443 "GET /vt/lyrs=m&hl=es&x=9194&y=17120&z=15 HTTP/1.1" 200 16901
2026-04-28 23:52:32,773 - DEBUG - STREAM b'IHDR' 16 13
2026-04-28 23:52:32,773 - DEBUG - STREAM b'pHYs' 41 9
2026-04-28 23:52:32,773 - DEBUG - STREAM b'PLTE' 62 156
2026-04-28 23:52:32,773 - DEBUG - STREAM b'IDAT' 230 16655
2026-04-28 23:52:32,775 - DEBUG - Starting new HTTPS connection (1): mt0.google.com:443
2026-04-28 23:52:33,450 - DEBUG - https://mt0.google.com:443 "GET /vt/lyrs=m&hl=es&x=9184&y=17120&z=15 HTTP/1.1" 200 7224
2026-04-28 23:52:33,465 - DEBUG - STREAM b'IHDR' 16 13
2026-04-28 23:52:33,465 - DEBUG - STREAM b'pHYs' 41 9
2026-04-28 23:52:33,465 - DEBUG - STREAM b'PLTE' 62 150
2026-04-28 23:52:33,465 - DEBUG - STREAM b'IDAT' 224 6984
2026-04-28 23:52:33,467 - DEBUG - Starting new HTTPS connection (1): mt0.google.com:443
2026-04-28 23:52:34,249 - DEBUG - https://mt0.google.com:443 "GET /vt/lyrs=m&hl=es&x=9194&y=17121&z=15 HTTP/1.1" 200 14230
2026-04-28 23:52:34,253 - DEBUG - STREAM b'IHDR' 16 13
2026-04-28 23:52:34,253 - DEBUG - STREAM b'pHYs' 41 9
2026-04-28 23:52:34,253 - DEBUG - STREAM b'PLTE' 62 204
2026-04-28 23:52:34,253 - DEBUG - STREAM b'IDAT' 278 13936
2026-04-28 23:52:34,256 - DEBUG - Starting new HTTPS connection (1): mt0.google.com:443
2026-04-28 23:52:34,949 - DEBUG - https://mt0.google.com:443 "GET /vt/lyrs=m&hl=es&x=9184&y=17121&z=15 HTTP/1.1" 200 7985
2026-04-28 23:52:34,951 - DEBUG - STREAM b'IHDR' 16 13
2026-04-28 23:52:34,951 - DEBUG - STREAM b'pHYs' 41 9
2026-04-28 23:52:34,951 - DEBUG - STREAM b'PLTE' 62 150
2026-04-28 23:52:34,951 - DEBUG - STREAM b'IDAT' 224 7745
2026-04-28 23:52:34,954 - DEBUG - Starting new HTTPS connection (1): mt0.google.com:443
2026-04-28 23:52:35,633 - DEBUG - https://mt0.google.com:443 "GET /vt/lyrs=m&hl=es&x=9194&y=17122&z=15 HTTP/1.1" 200 4945
2026-04-28 23:52:35,644 - DEBUG - STREAM b'IHDR' 16 13
2026-04-28 23:52:35,645 - DEBUG - STREAM b'pHYs' 41 9
2026-04-28 23:52:35,645 - DEBUG - STREAM b'PLTE' 62 114
2026-04-28 23:52:35,645 - DEBUG - STREAM b'IDAT' 188 4741
2026-04-28 23:52:35,646 - DEBUG - Starting new HTTPS connection (1): mt0.google.com:443
2026-04-28 23:52:36,411 - DEBUG - https://mt0.google.com:443 "GET /vt/lyrs=m&hl=es&x=9184&y=17122&z=15 HTTP/1.1" 200 14796
2026-04-28 23:52:36,420 - DEBUG - STREAM b'IHDR' 16 13
2026-04-28 23:52:36,420 - DEBUG - STREAM b'pHYs' 41 9
2026-04-28 23:52:36,420 - DEBUG - STREAM b'PLTE' 62 288
2026-04-28 23:52:36,420 - DEBUG - STREAM b'IDAT' 362 14418
2026-04-28 23:52:36,422 - DEBUG - Starting new HTTPS connection (1): mt0.google.com:443
2026-04-28 23:52:37,107 - DEBUG - https://mt0.google.com:443 "GET /vt/lyrs=m&hl=es&x=9194&y=17123&z=15 HTTP/1.1" 200 4043
2026-04-28 23:52:37,108 - DEBUG - STREAM b'IHDR' 16 13
2026-04-28 23:52:37,108 - DEBUG - STREAM b'pHYs' 41 9
2026-04-28 23:52:37,109 - DEBUG - STREAM b'PLTE' 62 117
2026-04-28 23:52:37,109 - DEBUG - STREAM b'IDAT' 191 3836
2026-04-28 23:52:37,110 - DEBUG - Starting new HTTPS connection (1): mt0.google.com:443
2026-04-28 23:52:37,792 - DEBUG - https://mt0.google.com:443 "GET /vt/lyrs=m&hl=es&x=9184&y=17123&z=15 HTTP/1.1" 200 9945
2026-04-28 23:52:37,799 - DEBUG - STREAM b'IHDR' 16 13
2026-04-28 23:52:37,799 - DEBUG - STREAM b'pHYs' 41 9
2026-04-28 23:52:37,799 - DEBUG - STREAM b'PLTE' 62 141
2026-04-28 23:52:37,799 - DEBUG - STREAM b'IDAT' 215 9714
2026-04-28 23:52:37,802 - DEBUG - Starting new HTTPS connection (1): mt0.google.com:443
2026-04-28 23:52:38,474 - DEBUG - https://mt0.google.com:443 "GET /vt/lyrs=m&hl=es&x=9194&y=17124&z=15 HTTP/1.1" 200 8494
2026-04-28 23:52:38,478 - DEBUG - STREAM b'IHDR' 16 13
2026-04-28 23:52:38,479 - DEBUG - STREAM b'pHYs' 41 9
2026-04-28 23:52:38,479 - DEBUG - STREAM b'PLTE' 62 147
2026-04-28 23:52:38,479 - DEBUG - STREAM b'IDAT' 221 8257
2026-04-28 23:52:38,482 - DEBUG - Starting new HTTPS connection (1): mt0.google.com:443
2026-04-28 23:52:39,155 - DEBUG - https://mt0.google.com:443 "GET /vt/lyrs=m&hl=es&x=9184&y=17124&z=15 HTTP/1.1" 200 7849
2026-04-28 23:52:39,158 - DEBUG - STREAM b'IHDR' 16 13
2026-04-28 23:52:39,158 - DEBUG - STREAM b'pHYs' 41 9
2026-04-28 23:52:39,158 - DEBUG - STREAM b'PLTE' 62 174
2026-04-28 23:52:39,158 - DEBUG - STREAM b'IDAT' 248 7585
2026-04-28 23:52:39,161 - DEBUG - Starting new HTTPS connection (1): mt0.google.com:443
2026-04-28 23:52:39,846 - DEBUG - https://mt0.google.com:443 "GET /vt/lyrs=m&hl=es&x=9194&y=17125&z=15 HTTP/1.1" 200 9244
2026-04-28 23:52:39,849 - DEBUG - STREAM b'IHDR' 16 13
2026-04-28 23:52:39,849 - DEBUG - STREAM b'pHYs' 41 9
2026-04-28 23:52:39,849 - DEBUG - STREAM b'PLTE' 62 189
2026-04-28 23:52:39,849 - DEBUG - STREAM b'IDAT' 263 8965
2026-04-28 23:52:39,853 - DEBUG - Starting new HTTPS connection (1): mt0.google.com:443
2026-04-28 23:52:39,881 - INFO - ✅ Mapa actualizado: 424 clientes
2026-04-28 23:52:40,520 - DEBUG - https://mt0.google.com:443 "GET /vt/lyrs=m&hl=es&x=9184&y=17125&z=15 HTTP/1.1" 200 2011
2026-04-28 23:52:40,522 - DEBUG - STREAM b'IHDR' 16 13
2026-04-28 23:52:40,522 - DEBUG - STREAM b'pHYs' 41 9
2026-04-28 23:52:40,522 - DEBUG - STREAM b'PLTE' 62 81
2026-04-28 23:52:40,522 - DEBUG - STREAM b'IDAT' 155 1840
2026-04-28 23:52:40,525 - DEBUG - Starting new HTTPS connection (1): mt0.google.com:443
2026-04-28 23:52:41,203 - DEBUG - https://mt0.google.com:443 "GET /vt/lyrs=m&hl=es&x=9183&y=17127&z=15 HTTP/1.1" 200 178
2026-04-28 23:52:41,206 - DEBUG - STREAM b'IHDR' 16 13
2026-04-28 23:52:41,206 - DEBUG - STREAM b'pHYs' 41 9
2026-04-28 23:52:41,207 - DEBUG - STREAM b'PLTE' 62 3
2026-04-28 23:52:41,207 - DEBUG - STREAM b'IDAT' 77 85
2026-04-28 23:52:41,210 - DEBUG - Starting new HTTPS connection (1): mt0.google.com:443
2026-04-28 23:52:41,579 - DEBUG - Starting new HTTPS connection (1): mt0.google.com:443
2026-04-28 23:52:41,579 - DEBUG - Starting new HTTPS connection (1): mt0.google.com:443
2026-04-28 23:52:41,581 - DEBUG - Starting new HTTPS connection (1): mt0.google.com:443
2026-04-28 23:52:41,582 - DEBUG - Starting new HTTPS connection (1): mt0.google.com:443
2026-04-28 23:52:41,584 - DEBUG - Starting new HTTPS connection (1): mt0.google.com:443
2026-04-28 23:52:41,584 - DEBUG - Starting new HTTPS connection (1): mt0.google.com:443
2026-04-28 23:52:41,587 - DEBUG - Starting new HTTPS connection (1): mt0.google.com:443
2026-04-28 23:52:41,588 - DEBUG - Starting new HTTPS connection (1): mt0.google.com:443
2026-04-28 23:52:41,588 - DEBUG - Starting new HTTPS connection (1): mt0.google.com:443
2026-04-28 23:52:41,588 - DEBUG - Starting new HTTPS connection (1): mt0.google.com:443
2026-04-28 23:52:41,590 - DEBUG - Starting new HTTPS connection (1): mt0.google.com:443
2026-04-28 23:52:41,591 - DEBUG - Starting new HTTPS connection (1): mt0.google.com:443
2026-04-28 23:52:41,591 - DEBUG - Starting new HTTPS connection (1): mt0.google.com:443
2026-04-28 23:52:41,591 - DEBUG - Starting new HTTPS connection (1): mt0.google.com:443
2026-04-28 23:52:41,601 - DEBUG - Starting new HTTPS connection (1): mt0.google.com:443
2026-04-28 23:52:41,601 - DEBUG - Starting new HTTPS connection (1): mt0.google.com:443
2026-04-28 23:52:41,622 - DEBUG - Starting new HTTPS connection (1): mt0.google.com:443
2026-04-28 23:52:41,622 - DEBUG - Starting new HTTPS connection (1): mt0.google.com:443
2026-04-28 23:52:41,622 - DEBUG - Starting new HTTPS connection (1): mt0.google.com:443
2026-04-28 23:52:41,622 - DEBUG - Starting new HTTPS connection (1): mt0.google.com:443
2026-04-28 23:52:41,622 - DEBUG - Starting new HTTPS connection (1): mt0.google.com:443
2026-04-28 23:52:41,622 - DEBUG - Starting new HTTPS connection (1): mt0.google.com:443
2026-04-28 23:52:41,622 - DEBUG - Starting new HTTPS connection (1): mt0.google.com:443
2026-04-28 23:52:41,622 - DEBUG - Starting new HTTPS connection (1): mt0.google.com:443
2026-04-28 23:52:41,622 - DEBUG - Starting new HTTPS connection (1): mt0.google.com:443
2026-04-28 23:52:42,015 - DEBUG - https://mt0.google.com:443 "GET /vt/lyrs=m&hl=es&x=9183&y=17115&z=15 HTTP/1.1" 200 1482
2026-04-28 23:52:42,017 - DEBUG - STREAM b'IHDR' 16 13
2026-04-28 23:52:42,017 - DEBUG - STREAM b'pHYs' 41 9
2026-04-28 23:52:42,017 - DEBUG - STREAM b'PLTE' 62 27
2026-04-28 23:52:42,017 - DEBUG - STREAM b'IDAT' 101 1365
2026-04-28 23:52:42,136 - DEBUG - Starting new HTTPS connection (1): mt0.google.com:443
2026-04-28 23:52:43,030 - DEBUG - https://mt0.google.com:443 "GET /vt/lyrs=m&hl=es&x=1149&y=2141&z=12 HTTP/1.1" 200 12705
2026-04-28 23:52:43,030 - DEBUG - https://mt0.google.com:443 "GET /vt/lyrs=m&hl=es&x=2296&y=4281&z=13 HTTP/1.1" 200 5541
2026-04-28 23:52:43,034 - DEBUG - STREAM b'IHDR' 16 13
2026-04-28 23:52:43,034 - DEBUG - STREAM b'pHYs' 41 9
2026-04-28 23:52:43,034 - DEBUG - STREAM b'PLTE' 62 180
2026-04-28 23:52:43,034 - DEBUG - STREAM b'IDAT' 254 5271
2026-04-28 23:52:43,038 - DEBUG - STREAM b'IHDR' 16 13
2026-04-28 23:52:43,038 - DEBUG - STREAM b'pHYs' 41 9
2026-04-28 23:52:43,038 - DEBUG - STREAM b'PLTE' 62 147
2026-04-28 23:52:43,038 - DEBUG - STREAM b'IDAT' 221 12468
2026-04-28 23:52:43,040 - DEBUG - Starting new HTTPS connection (1): mt0.google.com:443
2026-04-28 23:52:43,041 - DEBUG - Starting new HTTPS connection (1): mt0.google.com:443
2026-04-28 23:52:43,140 - DEBUG - https://mt0.google.com:443 "GET /vt/lyrs=m&hl=es&x=2297&y=4279&z=13 HTTP/1.1" 200 9755
2026-04-28 23:52:43,142 - DEBUG - https://mt0.google.com:443 "GET /vt/lyrs=m&hl=es&x=2297&y=4282&z=13 HTTP/1.1" 200 7988
2026-04-28 23:52:43,142 - DEBUG - https://mt0.google.com:443 "GET /vt/lyrs=m&hl=es&x=1150&y=2139&z=12 HTTP/1.1" 200 14939
2026-04-28 23:52:43,145 - DEBUG - https://mt0.google.com:443 "GET /vt/lyrs=m&hl=es&x=1148&y=2140&z=12 HTTP/1.1" 200 15990
2026-04-28 23:52:43,149 - DEBUG - STREAM b'IHDR' 16 13
2026-04-28 23:52:43,149 - DEBUG - STREAM b'pHYs' 41 9
2026-04-28 23:52:43,152 - DEBUG - STREAM b'IHDR' 16 13
2026-04-28 23:52:43,152 - DEBUG - STREAM b'PLTE' 62 171
2026-04-28 23:52:43,154 - DEBUG - STREAM b'IDAT' 245 7727
2026-04-28 23:52:43,152 - DEBUG - STREAM b'pHYs' 41 9
2026-04-28 23:52:43,154 - DEBUG - STREAM b'PLTE' 62 138
2026-04-28 23:52:43,154 - DEBUG - STREAM b'IDAT' 212 9527
2026-04-28 23:52:43,154 - DEBUG - STREAM b'IHDR' 16 13
2026-04-28 23:52:43,154 - DEBUG - STREAM b'pHYs' 41 9
2026-04-28 23:52:43,154 - DEBUG - STREAM b'PLTE' 62 105
2026-04-28 23:52:43,154 - DEBUG - STREAM b'IDAT' 179 14744
2026-04-28 23:52:43,162 - DEBUG - Starting new HTTPS connection (1): mt0.google.com:443
2026-04-28 23:52:43,162 - DEBUG - Starting new HTTPS connection (1): mt0.google.com:443
2026-04-28 23:52:43,162 - DEBUG - Starting new HTTPS connection (1): mt0.google.com:443
2026-04-28 23:52:43,251 - DEBUG - STREAM b'IHDR' 16 13
2026-04-28 23:52:43,251 - DEBUG - STREAM b'pHYs' 41 9
2026-04-28 23:52:43,251 - DEBUG - STREAM b'PLTE' 62 264
2026-04-28 23:52:43,251 - DEBUG - STREAM b'IDAT' 338 15636
2026-04-28 23:52:43,253 - DEBUG - https://mt0.google.com:443 "GET /vt/lyrs=m&hl=es&x=1148&y=2141&z=12 HTTP/1.1" 200 2432
2026-04-28 23:52:43,255 - DEBUG - https://mt0.google.com:443 "GET /vt/lyrs=m&hl=es&x=2297&y=4281&z=13 HTTP/1.1" 200 29552
2026-04-28 23:52:43,259 - DEBUG - STREAM b'IHDR' 16 13
2026-04-28 23:52:43,259 - DEBUG - STREAM b'pHYs' 41 9
2026-04-28 23:52:43,259 - DEBUG - STREAM b'PLTE' 62 72
2026-04-28 23:52:43,259 - DEBUG - STREAM b'IDAT' 146 2270
2026-04-28 23:52:43,259 - DEBUG - Starting new HTTPS connection (1): mt0.google.com:443
2026-04-28 23:52:43,261 - DEBUG - Starting new HTTPS connection (1): mt0.google.com:443
2026-04-28 23:52:43,480 - DEBUG - https://mt0.google.com:443 "GET /vt/lyrs=m&hl=es&x=2298&y=4279&z=13 HTTP/1.1" 200 8423
2026-04-28 23:52:43,482 - DEBUG - https://mt0.google.com:443 "GET /vt/lyrs=m&hl=es&x=1150&y=2140&z=12 HTTP/1.1" 200 12738
2026-04-28 23:52:43,484 - DEBUG - https://mt0.google.com:443 "GET /vt/lyrs=m&hl=es&x=2298&y=4280&z=13 HTTP/1.1" 200 18743
2026-04-28 23:52:43,484 - DEBUG - https://mt0.google.com:443 "GET /vt/lyrs=m&hl=es&x=2295&y=4282&z=13 HTTP/1.1" 200 178
2026-04-28 23:52:43,484 - DEBUG - https://mt0.google.com:443 "GET /vt/lyrs=m&hl=es&x=2296&y=4279&z=13 HTTP/1.1" 200 11457
2026-04-28 23:52:43,486 - DEBUG - https://mt0.google.com:443 "GET /vt/lyrs=m&hl=es&x=2295&y=4281&z=13 HTTP/1.1" 200 379
2026-04-28 23:52:43,486 - DEBUG - https://mt0.google.com:443 "GET /vt/lyrs=m&hl=es&x=2296&y=4282&z=13 HTTP/1.1" 200 181
2026-04-28 23:52:43,486 - DEBUG - https://mt0.google.com:443 "GET /vt/lyrs=m&hl=es&x=2298&y=4281&z=13 HTTP/1.1" 200 12478
2026-04-28 23:52:43,490 - DEBUG - STREAM b'IHDR' 16 13
2026-04-28 23:52:43,492 - DEBUG - https://mt0.google.com:443 "GET /vt/lyrs=m&hl=es&x=1149&y=2140&z=12 HTTP/1.1" 200 14454
2026-04-28 23:52:43,492 - DEBUG - https://mt0.google.com:443 "GET /vt/lyrs=m&hl=es&x=2298&y=4282&z=13 HTTP/1.1" 200 14376
2026-04-28 23:52:43,492 - DEBUG - https://mt0.google.com:443 "GET /vt/lyrs=m&hl=es&x=1148&y=2139&z=12 HTTP/1.1" 200 9731
2026-04-28 23:52:43,492 - DEBUG - https://mt0.google.com:443 "GET /vt/lyrs=m&hl=es&x=1150&y=2141&z=12 HTTP/1.1" 200 10619
2026-04-28 23:52:43,496 - DEBUG - STREAM b'IHDR' 16 13
2026-04-28 23:52:43,496 - DEBUG - https://mt0.google.com:443 "GET /vt/lyrs=m&hl=es&x=1149&y=2139&z=12 HTTP/1.1" 200 13293
2026-04-28 23:52:43,500 - DEBUG - STREAM b'IHDR' 16 13
2026-04-28 23:52:43,504 - DEBUG - STREAM b'IHDR' 16 13
2026-04-28 23:52:43,504 - DEBUG - STREAM b'pHYs' 41 9
2026-04-28 23:52:43,506 - DEBUG - STREAM b'pHYs' 41 9
2026-04-28 23:52:43,506 - DEBUG - STREAM b'pHYs' 41 9
2026-04-28 23:52:43,506 - DEBUG - STREAM b'pHYs' 41 9
2026-04-28 23:52:43,506 - DEBUG - STREAM b'PLTE' 62 6
2026-04-28 23:52:43,506 - DEBUG - STREAM b'IDAT' 80 85
2026-04-28 23:52:43,506 - DEBUG - STREAM b'PLTE' 62 84
2026-04-28 23:52:43,506 - DEBUG - STREAM b'PLTE' 62 3
2026-04-28 23:52:43,506 - DEBUG - STREAM b'PLTE' 62 9
2026-04-28 23:52:43,506 - DEBUG - STREAM b'IDAT' 158 8249
2026-04-28 23:52:43,506 - DEBUG - STREAM b'IDAT' 77 85
2026-04-28 23:52:43,506 - DEBUG - STREAM b'IDAT' 83 280
2026-04-28 23:52:43,510 - DEBUG - Starting new HTTPS connection (1): mt0.google.com:443
2026-04-28 23:52:43,510 - DEBUG - Starting new HTTPS connection (1): mt0.google.com:443
2026-04-28 23:52:43,512 - DEBUG - Starting new HTTPS connection (1): mt0.google.com:443
2026-04-28 23:52:43,512 - DEBUG - Starting new HTTPS connection (1): mt0.google.com:443
2026-04-28 23:52:43,596 - DEBUG - STREAM b'IHDR' 16 13
2026-04-28 23:52:43,598 - DEBUG - STREAM b'IHDR' 16 13
2026-04-28 23:52:43,600 - DEBUG - https://mt0.google.com:443 "GET /vt/lyrs=m&hl=es&x=2296&y=4280&z=13 HTTP/1.1" 200 14136
2026-04-28 23:52:43,600 - DEBUG - https://mt0.google.com:443 "GET /vt/lyrs=m&hl=es&x=2297&y=4280&z=13 HTTP/1.1" 200 28338
2026-04-28 23:52:43,600 - DEBUG - https://mt0.google.com:443 "GET /vt/lyrs=m&hl=es&x=2295&y=4279&z=13 HTTP/1.1" 200 3303
2026-04-28 23:52:43,600 - DEBUG - STREAM b'pHYs' 41 9
2026-04-28 23:52:43,604 - DEBUG - STREAM b'IHDR' 16 13
2026-04-28 23:52:43,606 - DEBUG - STREAM b'IHDR' 16 13
2026-04-28 23:52:43,606 - DEBUG - https://mt0.google.com:443 "GET /vt/lyrs=m&hl=es&x=2295&y=4280&z=13 HTTP/1.1" 200 10688
2026-04-28 23:52:43,610 - DEBUG - STREAM b'IHDR' 16 13
2026-04-28 23:52:43,610 - DEBUG - STREAM b'pHYs' 41 9
2026-04-28 23:52:43,614 - DEBUG - STREAM b'IHDR' 16 13
2026-04-28 23:52:43,616 - DEBUG - STREAM b'IHDR' 16 13
2026-04-28 23:52:43,616 - DEBUG - https://mt0.google.com:443 "GET /vt/lyrs=m&hl=es&x=9184&y=1076&z=15 HTTP/1.1" 200 178
2026-04-28 23:52:43,618 - DEBUG - STREAM b'IHDR' 16 13
2026-04-28 23:52:43,620 - DEBUG - STREAM b'IHDR' 16 13
2026-04-28 23:52:43,623 - DEBUG - STREAM b'IHDR' 16 13
2026-04-28 23:52:43,625 - DEBUG - STREAM b'IHDR' 16 13
2026-04-28 23:52:43,625 - DEBUG - STREAM b'PLTE' 62 198
2026-04-28 23:52:43,625 - DEBUG - STREAM b'IHDR' 16 13
2026-04-28 23:52:43,628 - DEBUG - STREAM b'pHYs' 41 9
2026-04-28 23:52:43,628 - DEBUG - STREAM b'pHYs' 41 9
2026-04-28 23:52:43,628 - DEBUG - STREAM b'pHYs' 41 9
2026-04-28 23:52:43,628 - DEBUG - STREAM b'PLTE' 62 441
2026-04-28 23:52:43,628 - DEBUG - STREAM b'pHYs' 41 9
2026-04-28 23:52:43,628 - DEBUG - STREAM b'pHYs' 41 9
2026-04-28 23:52:43,630 - DEBUG - STREAM b'IHDR' 16 13
2026-04-28 23:52:43,630 - DEBUG - STREAM b'pHYs' 41 9
2026-04-28 23:52:43,632 - DEBUG - STREAM b'IHDR' 16 13
2026-04-28 23:52:43,632 - DEBUG - STREAM b'pHYs' 41 9
2026-04-28 23:52:43,632 - DEBUG - STREAM b'pHYs' 41 9
2026-04-28 23:52:43,632 - DEBUG - STREAM b'pHYs' 41 9
2026-04-28 23:52:43,632 - DEBUG - STREAM b'IDAT' 272 12450
2026-04-28 23:52:43,632 - DEBUG - STREAM b'pHYs' 41 9
2026-04-28 23:52:43,632 - DEBUG - STREAM b'PLTE' 62 39
2026-04-28 23:52:43,632 - DEBUG - STREAM b'PLTE' 62 291
2026-04-28 23:52:43,632 - DEBUG - STREAM b'PLTE' 62 195
2026-04-28 23:52:43,632 - DEBUG - STREAM b'IDAT' 515 29021
2026-04-28 23:52:43,632 - DEBUG - STREAM b'PLTE' 62 210
2026-04-28 23:52:43,632 - DEBUG - STREAM b'PLTE' 62 135
2026-04-28 23:52:43,632 - DEBUG - STREAM b'pHYs' 41 9
2026-04-28 23:52:43,632 - DEBUG - STREAM b'PLTE' 62 87
2026-04-28 23:52:43,632 - DEBUG - STREAM b'pHYs' 41 9
2026-04-28 23:52:43,632 - DEBUG - STREAM b'PLTE' 62 261
2026-04-28 23:52:43,632 - DEBUG - STREAM b'PLTE' 62 291
2026-04-28 23:52:43,635 - DEBUG - STREAM b'IDAT' 365 18362
2026-04-28 23:52:43,632 - DEBUG - STREAM b'PLTE' 62 243
2026-04-28 23:52:43,635 - DEBUG - STREAM b'IDAT' 317 13803
2026-04-28 23:52:43,632 - DEBUG - STREAM b'IDAT' 365 12097
2026-04-28 23:52:43,632 - DEBUG - STREAM b'IDAT' 269 11172
2026-04-28 23:52:43,635 - DEBUG - STREAM b'IDAT' 284 14076
2026-04-28 23:52:43,635 - DEBUG - STREAM b'IDAT' 209 9506
2026-04-28 23:52:43,635 - DEBUG - STREAM b'PLTE' 62 276
2026-04-28 23:52:43,637 - DEBUG - STREAM b'IDAT' 350 10322
2026-04-28 23:52:43,635 - DEBUG - STREAM b'PLTE' 62 3
2026-04-28 23:52:43,635 - DEBUG - STREAM b'IDAT' 335 14103
2026-04-28 23:52:43,632 - DEBUG - STREAM b'PLTE' 62 66
2026-04-28 23:52:43,639 - DEBUG - STREAM b'IDAT' 140 3147
2026-04-28 23:52:43,637 - DEBUG - Starting new HTTPS connection (1): mt0.google.com:443
2026-04-28 23:52:43,635 - DEBUG - STREAM b'IDAT' 161 13116
2026-04-28 23:52:43,637 - DEBUG - STREAM b'IDAT' 77 85
2026-04-28 23:52:43,632 - DEBUG - STREAM b'IDAT' 113 10490
2026-04-28 23:52:43,642 - DEBUG - Starting new HTTPS connection (1): mt0.google.com:443
2026-04-28 23:52:43,713 - DEBUG - STREAM b'IHDR' 16 13
2026-04-28 23:52:43,714 - DEBUG - STREAM b'pHYs' 41 9
2026-04-28 23:52:43,714 - DEBUG - STREAM b'PLTE' 62 291
2026-04-28 23:52:43,714 - DEBUG - STREAM b'IDAT' 365 27957
2026-04-28 23:52:43,941 - DEBUG - https://mt0.google.com:443 "GET /vt/lyrs=m&hl=es&x=575&y=1071&z=11 HTTP/1.1" 200 9680
2026-04-28 23:52:43,941 - DEBUG - https://mt0.google.com:443 "GET /vt/lyrs=m&hl=es&x=575&y=1070&z=11 HTTP/1.1" 200 9834
2026-04-28 23:52:43,944 - DEBUG - STREAM b'IHDR' 16 13
2026-04-28 23:52:43,946 - DEBUG - STREAM b'IHDR' 16 13
2026-04-28 23:52:43,946 - DEBUG - STREAM b'pHYs' 41 9
2026-04-28 23:52:43,946 - DEBUG - STREAM b'pHYs' 41 9
2026-04-28 23:52:43,946 - DEBUG - STREAM b'PLTE' 62 135
2026-04-28 23:52:43,946 - DEBUG - STREAM b'PLTE' 62 108
2026-04-28 23:52:43,946 - DEBUG - STREAM b'IDAT' 209 9455
2026-04-28 23:52:43,946 - DEBUG - STREAM b'IDAT' 182 9636
2026-04-28 23:52:44,171 - DEBUG - https://mt0.google.com:443 "GET /vt/lyrs=m&hl=es&x=574&y=1071&z=11 HTTP/1.1" 200 1239
2026-04-28 23:52:44,171 - DEBUG - https://mt0.google.com:443 "GET /vt/lyrs=m&hl=es&x=574&y=1070&z=11 HTTP/1.1" 200 13504
2026-04-28 23:52:44,175 - DEBUG - STREAM b'IHDR' 16 13
2026-04-28 23:52:44,175 - DEBUG - STREAM b'pHYs' 41 9
2026-04-28 23:52:44,175 - DEBUG - STREAM b'PLTE' 62 36
2026-04-28 23:52:44,175 - DEBUG - STREAM b'IDAT' 110 1113
2026-04-28 23:52:44,175 - DEBUG - https://mt0.google.com:443 "GET /vt/lyrs=m&hl=es&x=575&y=1069&z=11 HTTP/1.1" 200 12318
2026-04-28 23:52:44,179 - DEBUG - STREAM b'IHDR' 16 13
2026-04-28 23:52:44,179 - DEBUG - STREAM b'pHYs' 41 9
2026-04-28 23:52:44,179 - DEBUG - STREAM b'PLTE' 62 123
2026-04-28 23:52:44,179 - DEBUG - STREAM b'IDAT' 197 12105
2026-04-28 23:52:44,182 - DEBUG - STREAM b'IHDR' 16 13
2026-04-28 23:52:44,182 - DEBUG - STREAM b'pHYs' 41 9
2026-04-28 23:52:44,182 - DEBUG - STREAM b'PLTE' 62 222
2026-04-28 23:52:44,182 - DEBUG - STREAM b'IDAT' 296 13192
2026-04-28 23:52:44,276 - DEBUG - https://mt0.google.com:443 "GET /vt/lyrs=m&hl=es&x=573&y=1071&z=11 HTTP/1.1" 200 178
2026-04-28 23:52:44,276 - DEBUG - https://mt0.google.com:443 "GET /vt/lyrs=m&hl=es&x=574&y=1069&z=11 HTTP/1.1" 200 8706
2026-04-28 23:52:44,279 - DEBUG - STREAM b'IHDR' 16 13
2026-04-28 23:52:44,280 - DEBUG - STREAM b'pHYs' 41 9
2026-04-28 23:52:44,280 - DEBUG - STREAM b'PLTE' 62 3
2026-04-28 23:52:44,280 - DEBUG - STREAM b'IDAT' 77 85
2026-04-28 23:52:44,282 - DEBUG - STREAM b'IHDR' 16 13
2026-04-28 23:52:44,282 - DEBUG - STREAM b'pHYs' 41 9
2026-04-28 23:52:44,282 - DEBUG - STREAM b'PLTE' 62 84
2026-04-28 23:52:44,282 - DEBUG - STREAM b'IDAT' 158 8532
2026-04-28 23:52:44,504 - DEBUG - https://mt0.google.com:443 "GET /vt/lyrs=m&hl=es&x=573&y=1069&z=11 HTTP/1.1" 200 5419
2026-04-28 23:52:44,505 - DEBUG - https://mt0.google.com:443 "GET /vt/lyrs=m&hl=es&x=572&y=1069&z=11 HTTP/1.1" 200 1221
2026-04-28 23:52:44,505 - DEBUG - https://mt0.google.com:443 "GET /vt/lyrs=m&hl=es&x=572&y=1070&z=11 HTTP/1.1" 200 178
2026-04-28 23:52:44,505 - DEBUG - https://mt0.google.com:443 "GET /vt/lyrs=m&hl=es&x=9184&y=1064&z=15 HTTP/1.1" 200 178
2026-04-28 23:52:44,505 - DEBUG - https://mt0.google.com:443 "GET /vt/lyrs=m&hl=es&x=572&y=1071&z=11 HTTP/1.1" 200 178
2026-04-28 23:52:44,505 - DEBUG - https://mt0.google.com:443 "GET /vt/lyrs=m&hl=es&x=573&y=1070&z=11 HTTP/1.1" 200 1245
2026-04-28 23:52:44,509 - DEBUG - STREAM b'IHDR' 16 13
2026-04-28 23:52:44,511 - DEBUG - STREAM b'IHDR' 16 13
2026-04-28 23:52:44,516 - DEBUG - STREAM b'IHDR' 16 13
2026-04-28 23:52:44,517 - DEBUG - STREAM b'IHDR' 16 13
2026-04-28 23:52:44,521 - DEBUG - STREAM b'IHDR' 16 13
2026-04-28 23:52:44,523 - DEBUG - STREAM b'IHDR' 16 13
2026-04-28 23:52:44,523 - DEBUG - STREAM b'pHYs' 41 9
2026-04-28 23:52:44,523 - DEBUG - STREAM b'pHYs' 41 9
2026-04-28 23:52:44,523 - DEBUG - STREAM b'pHYs' 41 9
2026-04-28 23:52:44,523 - DEBUG - STREAM b'pHYs' 41 9
2026-04-28 23:52:44,523 - DEBUG - STREAM b'pHYs' 41 9
2026-04-28 23:52:44,523 - DEBUG - STREAM b'pHYs' 41 9
2026-04-28 23:52:44,523 - DEBUG - STREAM b'PLTE' 62 39
2026-04-28 23:52:44,523 - DEBUG - STREAM b'PLTE' 62 3
2026-04-28 23:52:44,523 - DEBUG - STREAM b'PLTE' 62 105
2026-04-28 23:52:44,523 - DEBUG - STREAM b'PLTE' 62 3
2026-04-28 23:52:44,523 - DEBUG - STREAM b'PLTE' 62 3
2026-04-28 23:52:44,523 - DEBUG - STREAM b'PLTE' 62 54
2026-04-28 23:52:44,523 - DEBUG - STREAM b'IDAT' 113 1092
2026-04-28 23:52:44,523 - DEBUG - STREAM b'IDAT' 77 85
2026-04-28 23:52:44,523 - DEBUG - STREAM b'IDAT' 179 5224
2026-04-28 23:52:44,526 - DEBUG - STREAM b'IDAT' 77 85
2026-04-28 23:52:44,526 - DEBUG - STREAM b'IDAT' 77 85
2026-04-28 23:52:44,526 - DEBUG - STREAM b'IDAT' 128 1101
2026-04-28 23:52:44,529 - DEBUG - Starting new HTTPS connection (1): mt0.google.com:443
2026-04-28 23:52:45,303 - DEBUG - https://mt0.google.com:443 "GET /vt/lyrs=m&hl=es&x=9185&y=1076&z=15 HTTP/1.1" 200 178
2026-04-28 23:52:45,306 - DEBUG - STREAM b'IHDR' 16 13
2026-04-28 23:52:45,307 - DEBUG - STREAM b'pHYs' 41 9
2026-04-28 23:52:45,307 - DEBUG - STREAM b'PLTE' 62 3
2026-04-28 23:52:45,307 - DEBUG - STREAM b'IDAT' 77 85
2026-04-28 23:52:45,309 - DEBUG - Starting new HTTPS connection (1): mt0.google.com:443
2026-04-28 23:52:46,001 - DEBUG - https://mt0.google.com:443 "GET /vt/lyrs=m&hl=es&x=9185&y=1064&z=15 HTTP/1.1" 200 178
2026-04-28 23:52:46,005 - DEBUG - STREAM b'IHDR' 16 13
2026-04-28 23:52:46,006 - DEBUG - STREAM b'pHYs' 41 9
2026-04-28 23:52:46,006 - DEBUG - STREAM b'PLTE' 62 3
2026-04-28 23:52:46,006 - DEBUG - STREAM b'IDAT' 77 85
2026-04-28 23:52:46,007 - DEBUG - Starting new HTTPS connection (1): mt0.google.com:443
2026-04-28 23:52:46,669 - DEBUG - https://mt0.google.com:443 "GET /vt/lyrs=m&hl=es&x=9186&y=1076&z=15 HTTP/1.1" 200 178
2026-04-28 23:52:46,679 - DEBUG - STREAM b'IHDR' 16 13
2026-04-28 23:52:46,679 - DEBUG - STREAM b'pHYs' 41 9
2026-04-28 23:52:46,679 - DEBUG - STREAM b'PLTE' 62 3
2026-04-28 23:52:46,679 - DEBUG - STREAM b'IDAT' 77 85
2026-04-28 23:52:46,679 - DEBUG - Starting new HTTPS connection (1): mt0.google.com:443
